Time,Net Energy Usage (kWh)
Thu Apr 16 2026 10:15:00 GMT-0700 (Pacific Daylight Time),13
Thu Apr 16 2026 10:30:00 GMT-0700 (Pacific Daylight Time),13
Thu Apr 16 2026 10:45:00 GMT-0700 (Pacific Daylight Time),13
Thu Apr 16 2026 11:00:00 GMT-0700 (Pacific Daylight Time),15
Thu Apr 16 2026 11:15:00 GMT-0700 (Pacific Daylight Time),15
Thu Apr 16 2026 11:30:00 GMT-0700 (Pacific Daylight Time),16
Thu Apr 16 2026 11:45:00 GMT-0700 (Pacific Daylight Time),17
Thu Apr 16 2026 12:00:00 GMT-0700 (Pacific Daylight Time),14
Thu Apr 16 2026 12:15:00 GMT-0700 (Pacific Daylight Time),13
Thu Apr 16 2026 12:30:00 GMT-0700 (Pacific Daylight Time),11
Thu Apr 16 2026 12:45:00 GMT-0700 (Pacific Daylight Time),12
Thu Apr 16 2026 13:00:00 GMT-0700 (Pacific Daylight Time),13
Thu Apr 16 2026 13:15:00 GMT-0700 (Pacific Daylight Time),15
Thu Apr 16 2026 13:30:00 GMT-0700 (Pacific Daylight Time),14
Thu Apr 16 2026 13:45:00 GMT-0700 (Pacific Daylight Time),13
Thu Apr 16 2026 14:00:00 GMT-0700 (Pacific Daylight Time),12
Thu Apr 16 2026 14:15:00 GMT-0700 (Pacific Daylight Time),11
Thu Apr 16 2026 14:30:00 GMT-0700 (Pacific Daylight Time),11
Thu Apr 16 2026 14:45:00 GMT-0700 (Pacific Daylight Time),11
Thu Apr 16 2026 15:00:00 GMT-0700 (Pacific Daylight Time),11
Thu Apr 16 2026 15:15:00 GMT-0700 (Pacific Daylight Time),11
Thu Apr 16 2026 15:30:00 GMT-0700 (Pacific Daylight Time),11
Thu Apr 16 2026 15:45:00 GMT-0700 (Pacific Daylight Time),11
Thu Apr 16 2026 16:00:00 GMT-0700 (Pacific Daylight Time),11
Thu Apr 16 2026 16:15:00 GMT-0700 (Pacific Daylight Time),12
Thu Apr 16 2026 16:30:00 GMT-0700 (Pacific Daylight Time),13
Thu Apr 16 2026 16:45:00 GMT-0700 (Pacific Daylight Time),13
Thu Apr 16 2026 17:00:00 GMT-0700 (Pacific Daylight Time),15
Thu Apr 16 2026 17:15:00 GMT-0700 (Pacific Daylight Time),14
Thu Apr 16 2026 17:30:00 GMT-0700 (Pacific Daylight Time),15
Thu Apr 16 2026 17:45:00 GMT-0700 (Pacific Daylight Time),16
Thu Apr 16 2026 18:00:00 GMT-0700 (Pacific Daylight Time),14
Thu Apr 16 2026 18:15:00 GMT-0700 (Pacific Daylight Time),14
Thu Apr 16 2026 18:30:00 GMT-0700 (Pacific Daylight Time),13
Thu Apr 16 2026 18:45:00 GMT-0700 (Pacific Daylight Time),13
Thu Apr 16 2026 19:00:00 GMT-0700 (Pacific Daylight Time),13
Thu Apr 16 2026 19:15:00 GMT-0700 (Pacific Daylight Time),13
Thu Apr 16 2026 19:30:00 GMT-0700 (Pacific Daylight Time),14
Thu Apr 16 2026 19:45:00 GMT-0700 (Pacific Daylight Time),15
Thu Apr 16 2026 20:00:00 GMT-0700 (Pacific Daylight Time),15
Thu Apr 16 2026 20:15:00 GMT-0700 (Pacific Daylight Time),17
Thu Apr 16 2026 20:30:00 GMT-0700 (Pacific Daylight Time),16
Thu Apr 16 2026 20:45:00 GMT-0700 (Pacific Daylight Time),16
Thu Apr 16 2026 21:00:00 GMT-0700 (Pacific Daylight Time),16
Thu Apr 16 2026 21:15:00 GMT-0700 (Pacific Daylight Time),17
Thu Apr 16 2026 21:30:00 GMT-0700 (Pacific Daylight Time),19
Thu Apr 16 2026 21:45:00 GMT-0700 (Pacific Daylight Time),20
Thu Apr 16 2026 22:00:00 GMT-0700 (Pacific Daylight Time),19
Thu Apr 16 2026 22:15:00 GMT-0700 (Pacific Daylight Time),18
Thu Apr 16 2026 22:30:00 GMT-0700 (Pacific Daylight Time),16
Thu Apr 16 2026 22:45:00 GMT-0700 (Pacific Daylight Time),18
Thu Apr 16 2026 23:00:00 GMT-0700 (Pacific Daylight Time),19
Thu Apr 16 2026 23:15:00 GMT-0700 (Pacific Daylight Time),18
Thu Apr 16 2026 23:30:00 GMT-0700 (Pacific Daylight Time),19
Thu Apr 16 2026 23:45:00 GMT-0700 (Pacific Daylight Time),17
Fri Apr 17 2026 00:00:00 GMT-0700 (Pacific Daylight Time),16
Fri Apr 17 2026 00:15:00 GMT-0700 (Pacific Daylight Time),15
Fri Apr 17 2026 00:30:00 GMT-0700 (Pacific Daylight Time),13
Fri Apr 17 2026 00:45:00 GMT-0700 (Pacific Daylight Time),13
Fri Apr 17 2026 01:00:00 GMT-0700 (Pacific Daylight Time),12
Fri Apr 17 2026 01:15:00 GMT-0700 (Pacific Daylight Time),12
Fri Apr 17 2026 01:30:00 GMT-0700 (Pacific Daylight Time),11
Fri Apr 17 2026 01:45:00 GMT-0700 (Pacific Daylight Time),11
Fri Apr 17 2026 02:00:00 GMT-0700 (Pacific Daylight Time),11
Fri Apr 17 2026 02:15:00 GMT-0700 (Pacific Daylight Time),11
Fri Apr 17 2026 02:30:00 GMT-0700 (Pacific Daylight Time),11
Fri Apr 17 2026 02:45:00 GMT-0700 (Pacific Daylight Time),10
Fri Apr 17 2026 03:00:00 GMT-0700 (Pacific Daylight Time),11
Fri Apr 17 2026 03:15:00 GMT-0700 (Pacific Daylight Time),10
Fri Apr 17 2026 03:30:00 GMT-0700 (Pacific Daylight Time),10
Fri Apr 17 2026 03:45:00 GMT-0700 (Pacific Daylight Time),10
Fri Apr 17 2026 04:00:00 GMT-0700 (Pacific Daylight Time),11
Fri Apr 17 2026 04:15:00 GMT-0700 (Pacific Daylight Time),10
Fri Apr 17 2026 04:30:00 GMT-0700 (Pacific Daylight Time),10
Fri Apr 17 2026 04:45:00 GMT-0700 (Pacific Daylight Time),10
Fri Apr 17 2026 05:00:00 GMT-0700 (Pacific Daylight Time),11
Fri Apr 17 2026 05:15:00 GMT-0700 (Pacific Daylight Time),10
Fri Apr 17 2026 05:30:00 GMT-0700 (Pacific Daylight Time),10
Fri Apr 17 2026 05:45:00 GMT-0700 (Pacific Daylight Time),11
Fri Apr 17 2026 06:00:00 GMT-0700 (Pacific Daylight Time),10
Fri Apr 17 2026 06:15:00 GMT-0700 (Pacific Daylight Time),10
Fri Apr 17 2026 06:30:00 GMT-0700 (Pacific Daylight Time),9
Fri Apr 17 2026 06:45:00 GMT-0700 (Pacific Daylight Time),10
Fri Apr 17 2026 07:00:00 GMT-0700 (Pacific Daylight Time),11
Fri Apr 17 2026 07:15:00 GMT-0700 (Pacific Daylight Time),10
Fri Apr 17 2026 07:30:00 GMT-0700 (Pacific Daylight Time),11
Fri Apr 17 2026 07:45:00 GMT-0700 (Pacific Daylight Time),12
Fri Apr 17 2026 08:00:00 GMT-0700 (Pacific Daylight Time),10
Fri Apr 17 2026 08:15:00 GMT-0700 (Pacific Daylight Time),10
Fri Apr 17 2026 08:30:00 GMT-0700 (Pacific Daylight Time),10
Fri Apr 17 2026 08:45:00 GMT-0700 (Pacific Daylight Time),12
Fri Apr 17 2026 09:00:00 GMT-0700 (Pacific Daylight Time),12
Fri Apr 17 2026 09:15:00 GMT-0700 (Pacific Daylight Time),13
Fri Apr 17 2026 09:30:00 GMT-0700 (Pacific Daylight Time),14
Fri Apr 17 2026 09:45:00 GMT-0700 (Pacific Daylight Time),15
Fri Apr 17 2026 10:00:00 GMT-0700 (Pacific Daylight Time),16
Fri Apr 17 2026 10:15:00 GMT-0700 (Pacific Daylight Time),16
Fri Apr 17 2026 10:30:00 GMT-0700 (Pacific Daylight Time),15
Fri Apr 17 2026 10:45:00 GMT-0700 (Pacific Daylight Time),14
Fri Apr 17 2026 11:00:00 GMT-0700 (Pacific Daylight Time),13
Fri Apr 17 2026 11:15:00 GMT-0700 (Pacific Daylight Time),14
Fri Apr 17 2026 11:30:00 GMT-0700 (Pacific Daylight Time),12
Fri Apr 17 2026 11:45:00 GMT-0700 (Pacific Daylight Time),12
Fri Apr 17 2026 12:00:00 GMT-0700 (Pacific Daylight Time),14
Fri Apr 17 2026 12:15:00 GMT-0700 (Pacific Daylight Time),13
Fri Apr 17 2026 12:30:00 GMT-0700 (Pacific Daylight Time),13
Fri Apr 17 2026 12:45:00 GMT-0700 (Pacific Daylight Time),13
Fri Apr 17 2026 13:00:00 GMT-0700 (Pacific Daylight Time),13
Fri Apr 17 2026 13:15:00 GMT-0700 (Pacific Daylight Time),13
Fri Apr 17 2026 13:30:00 GMT-0700 (Pacific Daylight Time),13
Fri Apr 17 2026 13:45:00 GMT-0700 (Pacific Daylight Time),13
Fri Apr 17 2026 14:00:00 GMT-0700 (Pacific Daylight Time),12
Fri Apr 17 2026 14:15:00 GMT-0700 (Pacific Daylight Time),12
Fri Apr 17 2026 14:30:00 GMT-0700 (Pacific Daylight Time),13
Fri Apr 17 2026 14:45:00 GMT-0700 (Pacific Daylight Time),13
Fri Apr 17 2026 15:00:00 GMT-0700 (Pacific Daylight Time),14
Fri Apr 17 2026 15:15:00 GMT-0700 (Pacific Daylight Time),15
Fri Apr 17 2026 15:30:00 GMT-0700 (Pacific Daylight Time),16
Fri Apr 17 2026 15:45:00 GMT-0700 (Pacific Daylight Time),14
Fri Apr 17 2026 16:00:00 GMT-0700 (Pacific Daylight Time),17
Fri Apr 17 2026 16:15:00 GMT-0700 (Pacific Daylight Time),17
Fri Apr 17 2026 16:30:00 GMT-0700 (Pacific Daylight Time),17
Fri Apr 17 2026 16:45:00 GMT-0700 (Pacific Daylight Time),16
Fri Apr 17 2026 17:00:00 GMT-0700 (Pacific Daylight Time),14
Fri Apr 17 2026 17:15:00 GMT-0700 (Pacific Daylight Time),14
Fri Apr 17 2026 17:30:00 GMT-0700 (Pacific Daylight Time),13
Fri Apr 17 2026 17:45:00 GMT-0700 (Pacific Daylight Time),13
Fri Apr 17 2026 18:00:00 GMT-0700 (Pacific Daylight Time),13
Fri Apr 17 2026 18:15:00 GMT-0700 (Pacific Daylight Time),12
Fri Apr 17 2026 18:30:00 GMT-0700 (Pacific Daylight Time),13
Fri Apr 17 2026 18:45:00 GMT-0700 (Pacific Daylight Time),13
Fri Apr 17 2026 19:00:00 GMT-0700 (Pacific Daylight Time),12
Fri Apr 17 2026 19:15:00 GMT-0700 (Pacific Daylight Time),13
Fri Apr 17 2026 19:30:00 GMT-0700 (Pacific Daylight Time),13
Fri Apr 17 2026 19:45:00 GMT-0700 (Pacific Daylight Time),13
Fri Apr 17 2026 20:00:00 GMT-0700 (Pacific Daylight Time),14
Fri Apr 17 2026 20:15:00 GMT-0700 (Pacific Daylight Time),16
Fri Apr 17 2026 20:30:00 GMT-0700 (Pacific Daylight Time),16
Fri Apr 17 2026 20:45:00 GMT-0700 (Pacific Daylight Time),15
Fri Apr 17 2026 21:00:00 GMT-0700 (Pacific Daylight Time),16
Fri Apr 17 2026 21:15:00 GMT-0700 (Pacific Daylight Time),16
Fri Apr 17 2026 21:30:00 GMT-0700 (Pacific Daylight Time),15
Fri Apr 17 2026 21:45:00 GMT-0700 (Pacific Daylight Time),15
Fri Apr 17 2026 22:00:00 GMT-0700 (Pacific Daylight Time),16
Fri Apr 17 2026 22:15:00 GMT-0700 (Pacific Daylight Time),17
Fri Apr 17 2026 22:30:00 GMT-0700 (Pacific Daylight Time),16
Fri Apr 17 2026 22:45:00 GMT-0700 (Pacific Daylight Time),16
Fri Apr 17 2026 23:00:00 GMT-0700 (Pacific Daylight Time),15
Fri Apr 17 2026 23:15:00 GMT-0700 (Pacific Daylight Time),14
Fri Apr 17 2026 23:30:00 GMT-0700 (Pacific Daylight Time),13
Fri Apr 17 2026 23:45:00 GMT-0700 (Pacific Daylight Time),12
Sat Apr 18 2026 00:00:00 GMT-0700 (Pacific Daylight Time),12
Sat Apr 18 2026 00:15:00 GMT-0700 (Pacific Daylight Time),13
Sat Apr 18 2026 00:30:00 GMT-0700 (Pacific Daylight Time),13
Sat Apr 18 2026 00:45:00 GMT-0700 (Pacific Daylight Time),12
Sat Apr 18 2026 01:00:00 GMT-0700 (Pacific Daylight Time),13
Sat Apr 18 2026 01:15:00 GMT-0700 (Pacific Daylight Time),13
Sat Apr 18 2026 01:30:00 GMT-0700 (Pacific Daylight Time),11
Sat Apr 18 2026 01:45:00 GMT-0700 (Pacific Daylight Time),11
Sat Apr 18 2026 02:00:00 GMT-0700 (Pacific Daylight Time),10
Sat Apr 18 2026 02:15:00 GMT-0700 (Pacific Daylight Time),11
Sat Apr 18 2026 02:30:00 GMT-0700 (Pacific Daylight Time),10
Sat Apr 18 2026 02:45:00 GMT-0700 (Pacific Daylight Time),11
Sat Apr 18 2026 03:00:00 GMT-0700 (Pacific Daylight Time),10
Sat Apr 18 2026 03:15:00 GMT-0700 (Pacific Daylight Time),10
Sat Apr 18 2026 03:30:00 GMT-0700 (Pacific Daylight Time),10
Sat Apr 18 2026 03:45:00 GMT-0700 (Pacific Daylight Time),10
Sat Apr 18 2026 04:00:00 GMT-0700 (Pacific Daylight Time),10
Sat Apr 18 2026 04:15:00 GMT-0700 (Pacific Daylight Time),10
Sat Apr 18 2026 04:30:00 GMT-0700 (Pacific Daylight Time),10
Sat Apr 18 2026 04:45:00 GMT-0700 (Pacific Daylight Time),10
Sat Apr 18 2026 05:00:00 GMT-0700 (Pacific Daylight Time),9
Sat Apr 18 2026 05:15:00 GMT-0700 (Pacific Daylight Time),10
Sat Apr 18 2026 05:30:00 GMT-0700 (Pacific Daylight Time),10
Sat Apr 18 2026 05:45:00 GMT-0700 (Pacific Daylight Time),10
Sat Apr 18 2026 06:00:00 GMT-0700 (Pacific Daylight Time),10
Sat Apr 18 2026 06:15:00 GMT-0700 (Pacific Daylight Time),11
Sat Apr 18 2026 06:30:00 GMT-0700 (Pacific Daylight Time),10
Sat Apr 18 2026 06:45:00 GMT-0700 (Pacific Daylight Time),11
Sat Apr 18 2026 07:00:00 GMT-0700 (Pacific Daylight Time),10
Sat Apr 18 2026 07:15:00 GMT-0700 (Pacific Daylight Time),10
Sat Apr 18 2026 07:30:00 GMT-0700 (Pacific Daylight Time),9
Sat Apr 18 2026 07:45:00 GMT-0700 (Pacific Daylight Time),10
Sat Apr 18 2026 08:00:00 GMT-0700 (Pacific Daylight Time),12
Sat Apr 18 2026 08:15:00 GMT-0700 (Pacific Daylight Time),11
Sat Apr 18 2026 08:30:00 GMT-0700 (Pacific Daylight Time),11
Sat Apr 18 2026 08:45:00 GMT-0700 (Pacific Daylight Time),10
Sat Apr 18 2026 09:00:00 GMT-0700 (Pacific Daylight Time),12
Sat Apr 18 2026 09:15:00 GMT-0700 (Pacific Daylight Time),13
Sat Apr 18 2026 09:30:00 GMT-0700 (Pacific Daylight Time),12
Sat Apr 18 2026 09:45:00 GMT-0700 (Pacific Daylight Time),12
Sat Apr 18 2026 10:00:00 GMT-0700 (Pacific Daylight Time),12
Sat Apr 18 2026 10:15:00 GMT-0700 (Pacific Daylight Time),13
Sat Apr 18 2026 10:30:00 GMT-0700 (Pacific Daylight Time),14
Sat Apr 18 2026 10:45:00 GMT-0700 (Pacific Daylight Time),15
Sat Apr 18 2026 11:00:00 GMT-0700 (Pacific Daylight Time),16
Sat Apr 18 2026 11:15:00 GMT-0700 (Pacific Daylight Time),15
Sat Apr 18 2026 11:30:00 GMT-0700 (Pacific Daylight Time),15
Sat Apr 18 2026 11:45:00 GMT-0700 (Pacific Daylight Time),18
Sat Apr 18 2026 12:00:00 GMT-0700 (Pacific Daylight Time),17
Sat Apr 18 2026 12:15:00 GMT-0700 (Pacific Daylight Time),16
Sat Apr 18 2026 12:30:00 GMT-0700 (Pacific Daylight Time),16
Sat Apr 18 2026 12:45:00 GMT-0700 (Pacific Daylight Time),16
Sat Apr 18 2026 13:00:00 GMT-0700 (Pacific Daylight Time),15
Sat Apr 18 2026 13:15:00 GMT-0700 (Pacific Daylight Time),14
Sat Apr 18 2026 13:30:00 GMT-0700 (Pacific Daylight Time),13
Sat Apr 18 2026 13:45:00 GMT-0700 (Pacific Daylight Time),13
Sat Apr 18 2026 14:00:00 GMT-0700 (Pacific Daylight Time),13
Sat Apr 18 2026 14:15:00 GMT-0700 (Pacific Daylight Time),14
Sat Apr 18 2026 14:30:00 GMT-0700 (Pacific Daylight Time),14
Sat Apr 18 2026 14:45:00 GMT-0700 (Pacific Daylight Time),14
Sat Apr 18 2026 15:00:00 GMT-0700 (Pacific Daylight Time),16
Sat Apr 18 2026 15:15:00 GMT-0700 (Pacific Daylight Time),14
Sat Apr 18 2026 15:30:00 GMT-0700 (Pacific Daylight Time),14
Sat Apr 18 2026 15:45:00 GMT-0700 (Pacific Daylight Time),13
Sat Apr 18 2026 16:00:00 GMT-0700 (Pacific Daylight Time),13
Sat Apr 18 2026 16:15:00 GMT-0700 (Pacific Daylight Time),15
Sat Apr 18 2026 16:30:00 GMT-0700 (Pacific Daylight Time),14
Sat Apr 18 2026 16:45:00 GMT-0700 (Pacific Daylight Time),13
Sat Apr 18 2026 17:00:00 GMT-0700 (Pacific Daylight Time),13
Sat Apr 18 2026 17:15:00 GMT-0700 (Pacific Daylight Time),12
Sat Apr 18 2026 17:30:00 GMT-0700 (Pacific Daylight Time),15
Sat Apr 18 2026 17:45:00 GMT-0700 (Pacific Daylight Time),14
Sat Apr 18 2026 18:00:00 GMT-0700 (Pacific Daylight Time),16
Sat Apr 18 2026 18:15:00 GMT-0700 (Pacific Daylight Time),16
Sat Apr 18 2026 18:30:00 GMT-0700 (Pacific Daylight Time),15
Sat Apr 18 2026 18:45:00 GMT-0700 (Pacific Daylight Time),15
Sat Apr 18 2026 19:00:00 GMT-0700 (Pacific Daylight Time),15
Sat Apr 18 2026 19:15:00 GMT-0700 (Pacific Daylight Time),16
Sat Apr 18 2026 19:30:00 GMT-0700 (Pacific Daylight Time),16
Sat Apr 18 2026 19:45:00 GMT-0700 (Pacific Daylight Time),15
Sat Apr 18 2026 20:00:00 GMT-0700 (Pacific Daylight Time),14
Sat Apr 18 2026 20:15:00 GMT-0700 (Pacific Daylight Time),14
Sat Apr 18 2026 20:30:00 GMT-0700 (Pacific Daylight Time),14
Sat Apr 18 2026 20:45:00 GMT-0700 (Pacific Daylight Time),14
Sat Apr 18 2026 21:00:00 GMT-0700 (Pacific Daylight Time),13
Sat Apr 18 2026 21:15:00 GMT-0700 (Pacific Daylight Time),15
Sat Apr 18 2026 21:30:00 GMT-0700 (Pacific Daylight Time),15
Sat Apr 18 2026 21:45:00 GMT-0700 (Pacific Daylight Time),15
Sat Apr 18 2026 22:00:00 GMT-0700 (Pacific Daylight Time),16
Sat Apr 18 2026 22:15:00 GMT-0700 (Pacific Daylight Time),16
Sat Apr 18 2026 22:30:00 GMT-0700 (Pacific Daylight Time),16
Sat Apr 18 2026 22:45:00 GMT-0700 (Pacific Daylight Time),16
Sat Apr 18 2026 23:00:00 GMT-0700 (Pacific Daylight Time),14
Sat Apr 18 2026 23:15:00 GMT-0700 (Pacific Daylight Time),14
Sat Apr 18 2026 23:30:00 GMT-0700 (Pacific Daylight Time),13
Sat Apr 18 2026 23:45:00 GMT-0700 (Pacific Daylight Time),14
Sun Apr 19 2026 00:00:00 GMT-0700 (Pacific Daylight Time),15
Sun Apr 19 2026 00:15:00 GMT-0700 (Pacific Daylight Time),16
Sun Apr 19 2026 00:30:00 GMT-0700 (Pacific Daylight Time),17
Sun Apr 19 2026 00:45:00 GMT-0700 (Pacific Daylight Time),14
Sun Apr 19 2026 01:00:00 GMT-0700 (Pacific Daylight Time),14
Sun Apr 19 2026 01:15:00 GMT-0700 (Pacific Daylight Time),12
Sun Apr 19 2026 01:30:00 GMT-0700 (Pacific Daylight Time),11
Sun Apr 19 2026 01:45:00 GMT-0700 (Pacific Daylight Time),12
Sun Apr 19 2026 02:00:00 GMT-0700 (Pacific Daylight Time),12
Sun Apr 19 2026 02:15:00 GMT-0700 (Pacific Daylight Time),11
Sun Apr 19 2026 02:30:00 GMT-0700 (Pacific Daylight Time),14
Sun Apr 19 2026 02:45:00 GMT-0700 (Pacific Daylight Time),15
Sun Apr 19 2026 03:00:00 GMT-0700 (Pacific Daylight Time),14
Sun Apr 19 2026 03:15:00 GMT-0700 (Pacific Daylight Time),13
Sun Apr 19 2026 03:30:00 GMT-0700 (Pacific Daylight Time),11
Sun Apr 19 2026 03:45:00 GMT-0700 (Pacific Daylight Time),11
Sun Apr 19 2026 04:00:00 GMT-0700 (Pacific Daylight Time),10
Sun Apr 19 2026 04:15:00 GMT-0700 (Pacific Daylight Time),11
Sun Apr 19 2026 04:30:00 GMT-0700 (Pacific Daylight Time),10
Sun Apr 19 2026 04:45:00 GMT-0700 (Pacific Daylight Time),10
Sun Apr 19 2026 05:00:00 GMT-0700 (Pacific Daylight Time),10
Sun Apr 19 2026 05:15:00 GMT-0700 (Pacific Daylight Time),10
Sun Apr 19 2026 05:30:00 GMT-0700 (Pacific Daylight Time),11
Sun Apr 19 2026 05:45:00 GMT-0700 (Pacific Daylight Time),10
Sun Apr 19 2026 06:00:00 GMT-0700 (Pacific Daylight Time),11
Sun Apr 19 2026 06:15:00 GMT-0700 (Pacific Daylight Time),11
Sun Apr 19 2026 06:30:00 GMT-0700 (Pacific Daylight Time),11
Sun Apr 19 2026 06:45:00 GMT-0700 (Pacific Daylight Time),10
Sun Apr 19 2026 07:00:00 GMT-0700 (Pacific Daylight Time),10
Sun Apr 19 2026 07:15:00 GMT-0700 (Pacific Daylight Time),9
Sun Apr 19 2026 07:30:00 GMT-0700 (Pacific Daylight Time),9
Sun Apr 19 2026 07:45:00 GMT-0700 (Pacific Daylight Time),10
Sun Apr 19 2026 08:00:00 GMT-0700 (Pacific Daylight Time),9
Sun Apr 19 2026 08:15:00 GMT-0700 (Pacific Daylight Time),10
Sun Apr 19 2026 08:30:00 GMT-0700 (Pacific Daylight Time),9
Sun Apr 19 2026 08:45:00 GMT-0700 (Pacific Daylight Time),10
Sun Apr 19 2026 09:00:00 GMT-0700 (Pacific Daylight Time),9
Sun Apr 19 2026 09:15:00 GMT-0700 (Pacific Daylight Time),10
Sun Apr 19 2026 09:30:00 GMT-0700 (Pacific Daylight Time),10
Sun Apr 19 2026 09:45:00 GMT-0700 (Pacific Daylight Time),11
Sun Apr 19 2026 10:00:00 GMT-0700 (Pacific Daylight Time),11
Sun Apr 19 2026 10:15:00 GMT-0700 (Pacific Daylight Time),12
Sun Apr 19 2026 10:30:00 GMT-0700 (Pacific Daylight Time),13
Sun Apr 19 2026 10:45:00 GMT-0700 (Pacific Daylight Time),14
Sun Apr 19 2026 11:00:00 GMT-0700 (Pacific Daylight Time),14
Sun Apr 19 2026 11:15:00 GMT-0700 (Pacific Daylight Time),15
Sun Apr 19 2026 11:30:00 GMT-0700 (Pacific Daylight Time),14
Sun Apr 19 2026 11:45:00 GMT-0700 (Pacific Daylight Time),14
Sun Apr 19 2026 12:00:00 GMT-0700 (Pacific Daylight Time),13
Sun Apr 19 2026 12:15:00 GMT-0700 (Pacific Daylight Time),14
Sun Apr 19 2026 12:30:00 GMT-0700 (Pacific Daylight Time),15
Sun Apr 19 2026 12:45:00 GMT-0700 (Pacific Daylight Time),15
Sun Apr 19 2026 13:00:00 GMT-0700 (Pacific Daylight Time),17
Sun Apr 19 2026 13:15:00 GMT-0700 (Pacific Daylight Time),17
Sun Apr 19 2026 13:30:00 GMT-0700 (Pacific Daylight Time),18
Sun Apr 19 2026 13:45:00 GMT-0700 (Pacific Daylight Time),15
Sun Apr 19 2026 14:00:00 GMT-0700 (Pacific Daylight Time),16
Sun Apr 19 2026 14:15:00 GMT-0700 (Pacific Daylight Time),17
Sun Apr 19 2026 14:30:00 GMT-0700 (Pacific Daylight Time),16
Sun Apr 19 2026 14:45:00 GMT-0700 (Pacific Daylight Time),17
Sun Apr 19 2026 15:00:00 GMT-0700 (Pacific Daylight Time),15
Sun Apr 19 2026 15:15:00 GMT-0700 (Pacific Daylight Time),14
Sun Apr 19 2026 15:30:00 GMT-0700 (Pacific Daylight Time),14
Sun Apr 19 2026 15:45:00 GMT-0700 (Pacific Daylight Time),16
Sun Apr 19 2026 16:00:00 GMT-0700 (Pacific Daylight Time),14
Sun Apr 19 2026 16:15:00 GMT-0700 (Pacific Daylight Time),16
Sun Apr 19 2026 16:30:00 GMT-0700 (Pacific Daylight Time),16
Sun Apr 19 2026 16:45:00 GMT-0700 (Pacific Daylight Time),15
Sun Apr 19 2026 17:00:00 GMT-0700 (Pacific Daylight Time),19
Sun Apr 19 2026 17:15:00 GMT-0700 (Pacific Daylight Time),20
Sun Apr 19 2026 17:30:00 GMT-0700 (Pacific Daylight Time),17
Sun Apr 19 2026 17:45:00 GMT-0700 (Pacific Daylight Time),16
Sun Apr 19 2026 18:00:00 GMT-0700 (Pacific Daylight Time),13
Sun Apr 19 2026 18:15:00 GMT-0700 (Pacific Daylight Time),15
Sun Apr 19 2026 18:30:00 GMT-0700 (Pacific Daylight Time),16
Sun Apr 19 2026 18:45:00 GMT-0700 (Pacific Daylight Time),15
Sun Apr 19 2026 19:00:00 GMT-0700 (Pacific Daylight Time),16
Sun Apr 19 2026 19:15:00 GMT-0700 (Pacific Daylight Time),17
Sun Apr 19 2026 19:30:00 GMT-0700 (Pacific Daylight Time),15
Sun Apr 19 2026 19:45:00 GMT-0700 (Pacific Daylight Time),16
Sun Apr 19 2026 20:00:00 GMT-0700 (Pacific Daylight Time),15
Sun Apr 19 2026 20:15:00 GMT-0700 (Pacific Daylight Time),14
Sun Apr 19 2026 20:30:00 GMT-0700 (Pacific Daylight Time),15
Sun Apr 19 2026 20:45:00 GMT-0700 (Pacific Daylight Time),15
Sun Apr 19 2026 21:00:00 GMT-0700 (Pacific Daylight Time),16
Sun Apr 19 2026 21:15:00 GMT-0700 (Pacific Daylight Time),16
Sun Apr 19 2026 21:30:00 GMT-0700 (Pacific Daylight Time),15
Sun Apr 19 2026 21:45:00 GMT-0700 (Pacific Daylight Time),16
Sun Apr 19 2026 22:00:00 GMT-0700 (Pacific Daylight Time),17
Sun Apr 19 2026 22:15:00 GMT-0700 (Pacific Daylight Time),16
Sun Apr 19 2026 22:30:00 GMT-0700 (Pacific Daylight Time),17
Sun Apr 19 2026 22:45:00 GMT-0700 (Pacific Daylight Time),17
Sun Apr 19 2026 23:00:00 GMT-0700 (Pacific Daylight Time),19
Sun Apr 19 2026 23:15:00 GMT-0700 (Pacific Daylight Time),21
Sun Apr 19 2026 23:30:00 GMT-0700 (Pacific Daylight Time),18
Sun Apr 19 2026 23:45:00 GMT-0700 (Pacific Daylight Time),17
Mon Apr 20 2026 00:00:00 GMT-0700 (Pacific Daylight Time),15
Mon Apr 20 2026 00:15:00 GMT-0700 (Pacific Daylight Time),14
Mon Apr 20 2026 00:30:00 GMT-0700 (Pacific Daylight Time),13
Mon Apr 20 2026 00:45:00 GMT-0700 (Pacific Daylight Time),13
Mon Apr 20 2026 01:00:00 GMT-0700 (Pacific Daylight Time),12
Mon Apr 20 2026 01:15:00 GMT-0700 (Pacific Daylight Time),12
Mon Apr 20 2026 01:30:00 GMT-0700 (Pacific Daylight Time),14
Mon Apr 20 2026 01:45:00 GMT-0700 (Pacific Daylight Time),13
Mon Apr 20 2026 02:00:00 GMT-0700 (Pacific Daylight Time),12
Mon Apr 20 2026 02:15:00 GMT-0700 (Pacific Daylight Time),12
Mon Apr 20 2026 02:30:00 GMT-0700 (Pacific Daylight Time),11
Mon Apr 20 2026 02:45:00 GMT-0700 (Pacific Daylight Time),10
Mon Apr 20 2026 03:00:00 GMT-0700 (Pacific Daylight Time),11
Mon Apr 20 2026 03:15:00 GMT-0700 (Pacific Daylight Time),10
Mon Apr 20 2026 03:30:00 GMT-0700 (Pacific Daylight Time),10
Mon Apr 20 2026 03:45:00 GMT-0700 (Pacific Daylight Time),10
Mon Apr 20 2026 04:00:00 GMT-0700 (Pacific Daylight Time),11
Mon Apr 20 2026 04:15:00 GMT-0700 (Pacific Daylight Time),10
Mon Apr 20 2026 04:30:00 GMT-0700 (Pacific Daylight Time),10
Mon Apr 20 2026 04:45:00 GMT-0700 (Pacific Daylight Time),10
Mon Apr 20 2026 05:00:00 GMT-0700 (Pacific Daylight Time),10
Mon Apr 20 2026 05:15:00 GMT-0700 (Pacific Daylight Time),10
Mon Apr 20 2026 05:30:00 GMT-0700 (Pacific Daylight Time),10
Mon Apr 20 2026 05:45:00 GMT-0700 (Pacific Daylight Time),11
Mon Apr 20 2026 06:00:00 GMT-0700 (Pacific Daylight Time),10
Mon Apr 20 2026 06:15:00 GMT-0700 (Pacific Daylight Time),10
Mon Apr 20 2026 06:30:00 GMT-0700 (Pacific Daylight Time),10
Mon Apr 20 2026 06:45:00 GMT-0700 (Pacific Daylight Time),9
Mon Apr 20 2026 07:00:00 GMT-0700 (Pacific Daylight Time),10
Mon Apr 20 2026 07:15:00 GMT-0700 (Pacific Daylight Time),10
Mon Apr 20 2026 07:30:00 GMT-0700 (Pacific Daylight Time),10
Mon Apr 20 2026 07:45:00 GMT-0700 (Pacific Daylight Time),10
Mon Apr 20 2026 08:00:00 GMT-0700 (Pacific Daylight Time),10
Mon Apr 20 2026 08:15:00 GMT-0700 (Pacific Daylight Time),11
Mon Apr 20 2026 08:30:00 GMT-0700 (Pacific Daylight Time),10
Mon Apr 20 2026 08:45:00 GMT-0700 (Pacific Daylight Time),12
Mon Apr 20 2026 09:00:00 GMT-0700 (Pacific Daylight Time),14
Mon Apr 20 2026 09:15:00 GMT-0700 (Pacific Daylight Time),14
Mon Apr 20 2026 09:30:00 GMT-0700 (Pacific Daylight Time),14
Mon Apr 20 2026 09:45:00 GMT-0700 (Pacific Daylight Time),13
Mon Apr 20 2026 10:00:00 GMT-0700 (Pacific Daylight Time),12
Mon Apr 20 2026 10:15:00 GMT-0700 (Pacific Daylight Time),15
Mon Apr 20 2026 10:30:00 GMT-0700 (Pacific Daylight Time),15
Mon Apr 20 2026 10:45:00 GMT-0700 (Pacific Daylight Time),15
Mon Apr 20 2026 11:00:00 GMT-0700 (Pacific Daylight Time),14
Mon Apr 20 2026 11:15:00 GMT-0700 (Pacific Daylight Time),13
Mon Apr 20 2026 11:30:00 GMT-0700 (Pacific Daylight Time),14
Mon Apr 20 2026 11:45:00 GMT-0700 (Pacific Daylight Time),12
Mon Apr 20 2026 12:00:00 GMT-0700 (Pacific Daylight Time),12
Mon Apr 20 2026 12:15:00 GMT-0700 (Pacific Daylight Time),13
Mon Apr 20 2026 12:30:00 GMT-0700 (Pacific Daylight Time),13
Mon Apr 20 2026 12:45:00 GMT-0700 (Pacific Daylight Time),13
Mon Apr 20 2026 13:00:00 GMT-0700 (Pacific Daylight Time),12
Mon Apr 20 2026 13:15:00 GMT-0700 (Pacific Daylight Time),12
Mon Apr 20 2026 13:30:00 GMT-0700 (Pacific Daylight Time),12
Mon Apr 20 2026 13:45:00 GMT-0700 (Pacific Daylight Time),13
Mon Apr 20 2026 14:00:00 GMT-0700 (Pacific Daylight Time),13
Mon Apr 20 2026 14:15:00 GMT-0700 (Pacific Daylight Time),13
Mon Apr 20 2026 14:30:00 GMT-0700 (Pacific Daylight Time),16
Mon Apr 20 2026 14:45:00 GMT-0700 (Pacific Daylight Time),15
Mon Apr 20 2026 15:00:00 GMT-0700 (Pacific Daylight Time),16
Mon Apr 20 2026 15:15:00 GMT-0700 (Pacific Daylight Time),15
Mon Apr 20 2026 15:30:00 GMT-0700 (Pacific Daylight Time),14
Mon Apr 20 2026 15:45:00 GMT-0700 (Pacific Daylight Time),16
Mon Apr 20 2026 16:00:00 GMT-0700 (Pacific Daylight Time),18
Mon Apr 20 2026 16:15:00 GMT-0700 (Pacific Daylight Time),19
Mon Apr 20 2026 16:30:00 GMT-0700 (Pacific Daylight Time),16
Mon Apr 20 2026 16:45:00 GMT-0700 (Pacific Daylight Time),14
Mon Apr 20 2026 17:00:00 GMT-0700 (Pacific Daylight Time),14
Mon Apr 20 2026 17:15:00 GMT-0700 (Pacific Daylight Time),13
Mon Apr 20 2026 17:30:00 GMT-0700 (Pacific Daylight Time),15
Mon Apr 20 2026 17:45:00 GMT-0700 (Pacific Daylight Time),15
Mon Apr 20 2026 18:00:00 GMT-0700 (Pacific Daylight Time),16
Mon Apr 20 2026 18:15:00 GMT-0700 (Pacific Daylight Time),16
Mon Apr 20 2026 18:30:00 GMT-0700 (Pacific Daylight Time),16
Mon Apr 20 2026 18:45:00 GMT-0700 (Pacific Daylight Time),16
Mon Apr 20 2026 19:00:00 GMT-0700 (Pacific Daylight Time),17
Mon Apr 20 2026 19:15:00 GMT-0700 (Pacific Daylight Time),17
Mon Apr 20 2026 19:30:00 GMT-0700 (Pacific Daylight Time),15
Mon Apr 20 2026 19:45:00 GMT-0700 (Pacific Daylight Time),16
Mon Apr 20 2026 20:00:00 GMT-0700 (Pacific Daylight Time),16
Mon Apr 20 2026 20:15:00 GMT-0700 (Pacific Daylight Time),16
Mon Apr 20 2026 20:30:00 GMT-0700 (Pacific Daylight Time),16
Mon Apr 20 2026 20:45:00 GMT-0700 (Pacific Daylight Time),16
Mon Apr 20 2026 21:00:00 GMT-0700 (Pacific Daylight Time),16
Mon Apr 20 2026 21:15:00 GMT-0700 (Pacific Daylight Time),17
Mon Apr 20 2026 21:30:00 GMT-0700 (Pacific Daylight Time),16
Mon Apr 20 2026 21:45:00 GMT-0700 (Pacific Daylight Time),16
Mon Apr 20 2026 22:00:00 GMT-0700 (Pacific Daylight Time),17
Mon Apr 20 2026 22:15:00 GMT-0700 (Pacific Daylight Time),17
Mon Apr 20 2026 22:30:00 GMT-0700 (Pacific Daylight Time),17
Mon Apr 20 2026 22:45:00 GMT-0700 (Pacific Daylight Time),17
Mon Apr 20 2026 23:00:00 GMT-0700 (Pacific Daylight Time),14
Mon Apr 20 2026 23:15:00 GMT-0700 (Pacific Daylight Time),15
Mon Apr 20 2026 23:30:00 GMT-0700 (Pacific Daylight Time),14
Mon Apr 20 2026 23:45:00 GMT-0700 (Pacific Daylight Time),14
Tue Apr 21 2026 00:00:00 GMT-0700 (Pacific Daylight Time),13
Tue Apr 21 2026 00:15:00 GMT-0700 (Pacific Daylight Time),13
Tue Apr 21 2026 00:30:00 GMT-0700 (Pacific Daylight Time),12
Tue Apr 21 2026 00:45:00 GMT-0700 (Pacific Daylight Time),12
Tue Apr 21 2026 01:00:00 GMT-0700 (Pacific Daylight Time),11
Tue Apr 21 2026 01:15:00 GMT-0700 (Pacific Daylight Time),12
Tue Apr 21 2026 01:30:00 GMT-0700 (Pacific Daylight Time),11
Tue Apr 21 2026 01:45:00 GMT-0700 (Pacific Daylight Time),11
Tue Apr 21 2026 02:00:00 GMT-0700 (Pacific Daylight Time),11
Tue Apr 21 2026 02:15:00 GMT-0700 (Pacific Daylight Time),11
Tue Apr 21 2026 02:30:00 GMT-0700 (Pacific Daylight Time),10
Tue Apr 21 2026 02:45:00 GMT-0700 (Pacific Daylight Time),11
Tue Apr 21 2026 03:00:00 GMT-0700 (Pacific Daylight Time),11
Tue Apr 21 2026 03:15:00 GMT-0700 (Pacific Daylight Time),12
Tue Apr 21 2026 03:30:00 GMT-0700 (Pacific Daylight Time),12
Tue Apr 21 2026 03:45:00 GMT-0700 (Pacific Daylight Time),10
Tue Apr 21 2026 04:00:00 GMT-0700 (Pacific Daylight Time),11
Tue Apr 21 2026 04:15:00 GMT-0700 (Pacific Daylight Time),10
Tue Apr 21 2026 04:30:00 GMT-0700 (Pacific Daylight Time),10
Tue Apr 21 2026 04:45:00 GMT-0700 (Pacific Daylight Time),10
Tue Apr 21 2026 05:00:00 GMT-0700 (Pacific Daylight Time),10
Tue Apr 21 2026 05:15:00 GMT-0700 (Pacific Daylight Time),10
Tue Apr 21 2026 05:30:00 GMT-0700 (Pacific Daylight Time),10
Tue Apr 21 2026 05:45:00 GMT-0700 (Pacific Daylight Time),10
Tue Apr 21 2026 06:00:00 GMT-0700 (Pacific Daylight Time),10
Tue Apr 21 2026 06:15:00 GMT-0700 (Pacific Daylight Time),10
Tue Apr 21 2026 06:30:00 GMT-0700 (Pacific Daylight Time),10
Tue Apr 21 2026 06:45:00 GMT-0700 (Pacific Daylight Time),10
Tue Apr 21 2026 07:00:00 GMT-0700 (Pacific Daylight Time),10
Tue Apr 21 2026 07:15:00 GMT-0700 (Pacific Daylight Time),11
Tue Apr 21 2026 07:30:00 GMT-0700 (Pacific Daylight Time),11
Tue Apr 21 2026 07:45:00 GMT-0700 (Pacific Daylight Time),13
Tue Apr 21 2026 08:00:00 GMT-0700 (Pacific Daylight Time),12
Tue Apr 21 2026 08:15:00 GMT-0700 (Pacific Daylight Time),13
Tue Apr 21 2026 08:30:00 GMT-0700 (Pacific Daylight Time),12
Tue Apr 21 2026 08:45:00 GMT-0700 (Pacific Daylight Time),11
Tue Apr 21 2026 09:00:00 GMT-0700 (Pacific Daylight Time),11
Tue Apr 21 2026 09:15:00 GMT-0700 (Pacific Daylight Time),10
Tue Apr 21 2026 09:30:00 GMT-0700 (Pacific Daylight Time),11
Tue Apr 21 2026 09:45:00 GMT-0700 (Pacific Daylight Time),11
Tue Apr 21 2026 10:00:00 GMT-0700 (Pacific Daylight Time),11
Tue Apr 21 2026 10:15:00 GMT-0700 (Pacific Daylight Time),11
Tue Apr 21 2026 10:30:00 GMT-0700 (Pacific Daylight Time),11
Tue Apr 21 2026 10:45:00 GMT-0700 (Pacific Daylight Time),13
Tue Apr 21 2026 11:00:00 GMT-0700 (Pacific Daylight Time),14
Tue Apr 21 2026 11:15:00 GMT-0700 (Pacific Daylight Time),14
Tue Apr 21 2026 11:30:00 GMT-0700 (Pacific Daylight Time),14
Tue Apr 21 2026 11:45:00 GMT-0700 (Pacific Daylight Time),12
Tue Apr 21 2026 12:00:00 GMT-0700 (Pacific Daylight Time),12
Tue Apr 21 2026 12:15:00 GMT-0700 (Pacific Daylight Time),12
Tue Apr 21 2026 12:30:00 GMT-0700 (Pacific Daylight Time),13
Tue Apr 21 2026 12:45:00 GMT-0700 (Pacific Daylight Time),12
Tue Apr 21 2026 13:00:00 GMT-0700 (Pacific Daylight Time),12
Tue Apr 21 2026 13:15:00 GMT-0700 (Pacific Daylight Time),13
Tue Apr 21 2026 13:30:00 GMT-0700 (Pacific Daylight Time),12
Tue Apr 21 2026 13:45:00 GMT-0700 (Pacific Daylight Time),13
Tue Apr 21 2026 14:00:00 GMT-0700 (Pacific Daylight Time),12
Tue Apr 21 2026 14:15:00 GMT-0700 (Pacific Daylight Time),12
Tue Apr 21 2026 14:30:00 GMT-0700 (Pacific Daylight Time),14
Tue Apr 21 2026 14:45:00 GMT-0700 (Pacific Daylight Time),16
Tue Apr 21 2026 15:00:00 GMT-0700 (Pacific Daylight Time),15
Tue Apr 21 2026 15:15:00 GMT-0700 (Pacific Daylight Time),14
Tue Apr 21 2026 15:30:00 GMT-0700 (Pacific Daylight Time),14
Tue Apr 21 2026 15:45:00 GMT-0700 (Pacific Daylight Time),14
Tue Apr 21 2026 16:00:00 GMT-0700 (Pacific Daylight Time),13
Tue Apr 21 2026 16:15:00 GMT-0700 (Pacific Daylight Time),14
Tue Apr 21 2026 16:30:00 GMT-0700 (Pacific Daylight Time),14
Tue Apr 21 2026 16:45:00 GMT-0700 (Pacific Daylight Time),14
Tue Apr 21 2026 17:00:00 GMT-0700 (Pacific Daylight Time),13
Tue Apr 21 2026 17:15:00 GMT-0700 (Pacific Daylight Time),14
Tue Apr 21 2026 17:30:00 GMT-0700 (Pacific Daylight Time),14
Tue Apr 21 2026 17:45:00 GMT-0700 (Pacific Daylight Time),13
Tue Apr 21 2026 18:00:00 GMT-0700 (Pacific Daylight Time),14
Tue Apr 21 2026 18:15:00 GMT-0700 (Pacific Daylight Time),14
Tue Apr 21 2026 18:30:00 GMT-0700 (Pacific Daylight Time),13
Tue Apr 21 2026 18:45:00 GMT-0700 (Pacific Daylight Time),15
Tue Apr 21 2026 19:00:00 GMT-0700 (Pacific Daylight Time),15
Tue Apr 21 2026 19:15:00 GMT-0700 (Pacific Daylight Time),14
Tue Apr 21 2026 19:30:00 GMT-0700 (Pacific Daylight Time),14
Tue Apr 21 2026 19:45:00 GMT-0700 (Pacific Daylight Time),13
Tue Apr 21 2026 20:00:00 GMT-0700 (Pacific Daylight Time),13
Tue Apr 21 2026 20:15:00 GMT-0700 (Pacific Daylight Time),13
Tue Apr 21 2026 20:30:00 GMT-0700 (Pacific Daylight Time),15
Tue Apr 21 2026 20:45:00 GMT-0700 (Pacific Daylight Time),15
Tue Apr 21 2026 21:00:00 GMT-0700 (Pacific Daylight Time),16
Tue Apr 21 2026 21:15:00 GMT-0700 (Pacific Daylight Time),17
Tue Apr 21 2026 21:30:00 GMT-0700 (Pacific Daylight Time),18
Tue Apr 21 2026 21:45:00 GMT-0700 (Pacific Daylight Time),17
Tue Apr 21 2026 22:00:00 GMT-0700 (Pacific Daylight Time),16
Tue Apr 21 2026 22:15:00 GMT-0700 (Pacific Daylight Time),15
Tue Apr 21 2026 22:30:00 GMT-0700 (Pacific Daylight Time),15
Tue Apr 21 2026 22:45:00 GMT-0700 (Pacific Daylight Time),15
Tue Apr 21 2026 23:00:00 GMT-0700 (Pacific Daylight Time),14
Tue Apr 21 2026 23:15:00 GMT-0700 (Pacific Daylight Time),13
Tue Apr 21 2026 23:30:00 GMT-0700 (Pacific Daylight Time),14
Tue Apr 21 2026 23:45:00 GMT-0700 (Pacific Daylight Time),16
Wed Apr 22 2026 00:00:00 GMT-0700 (Pacific Daylight Time),15
Wed Apr 22 2026 00:15:00 GMT-0700 (Pacific Daylight Time),14
Wed Apr 22 2026 00:30:00 GMT-0700 (Pacific Daylight Time),13
Wed Apr 22 2026 00:45:00 GMT-0700 (Pacific Daylight Time),12
Wed Apr 22 2026 01:00:00 GMT-0700 (Pacific Daylight Time),12
Wed Apr 22 2026 01:15:00 GMT-0700 (Pacific Daylight Time),12
Wed Apr 22 2026 01:30:00 GMT-0700 (Pacific Daylight Time),11
Wed Apr 22 2026 01:45:00 GMT-0700 (Pacific Daylight Time),11
Wed Apr 22 2026 02:00:00 GMT-0700 (Pacific Daylight Time),11
Wed Apr 22 2026 02:15:00 GMT-0700 (Pacific Daylight Time),11
Wed Apr 22 2026 02:30:00 GMT-0700 (Pacific Daylight Time),10
Wed Apr 22 2026 02:45:00 GMT-0700 (Pacific Daylight Time),11
Wed Apr 22 2026 03:00:00 GMT-0700 (Pacific Daylight Time),10
Wed Apr 22 2026 03:15:00 GMT-0700 (Pacific Daylight Time),10
Wed Apr 22 2026 03:30:00 GMT-0700 (Pacific Daylight Time),10
Wed Apr 22 2026 03:45:00 GMT-0700 (Pacific Daylight Time),9
Wed Apr 22 2026 04:00:00 GMT-0700 (Pacific Daylight Time),10
Wed Apr 22 2026 04:15:00 GMT-0700 (Pacific Daylight Time),10
Wed Apr 22 2026 04:30:00 GMT-0700 (Pacific Daylight Time),10
Wed Apr 22 2026 04:45:00 GMT-0700 (Pacific Daylight Time),10
Wed Apr 22 2026 05:00:00 GMT-0700 (Pacific Daylight Time),10
Wed Apr 22 2026 05:15:00 GMT-0700 (Pacific Daylight Time),9
Wed Apr 22 2026 05:30:00 GMT-0700 (Pacific Daylight Time),10
Wed Apr 22 2026 05:45:00 GMT-0700 (Pacific Daylight Time),10
Wed Apr 22 2026 06:00:00 GMT-0700 (Pacific Daylight Time),10
Wed Apr 22 2026 06:15:00 GMT-0700 (Pacific Daylight Time),9
Wed Apr 22 2026 06:30:00 GMT-0700 (Pacific Daylight Time),10
Wed Apr 22 2026 06:45:00 GMT-0700 (Pacific Daylight Time),9
Wed Apr 22 2026 07:00:00 GMT-0700 (Pacific Daylight Time),9
Wed Apr 22 2026 07:15:00 GMT-0700 (Pacific Daylight Time),10
Wed Apr 22 2026 07:30:00 GMT-0700 (Pacific Daylight Time),10
Wed Apr 22 2026 07:45:00 GMT-0700 (Pacific Daylight Time),10
Wed Apr 22 2026 08:00:00 GMT-0700 (Pacific Daylight Time),12
Wed Apr 22 2026 08:15:00 GMT-0700 (Pacific Daylight Time),12
Wed Apr 22 2026 08:30:00 GMT-0700 (Pacific Daylight Time),12
Wed Apr 22 2026 08:45:00 GMT-0700 (Pacific Daylight Time),10
Wed Apr 22 2026 09:00:00 GMT-0700 (Pacific Daylight Time),11
Wed Apr 22 2026 09:15:00 GMT-0700 (Pacific Daylight Time),10
Wed Apr 22 2026 09:30:00 GMT-0700 (Pacific Daylight Time),11
Wed Apr 22 2026 09:45:00 GMT-0700 (Pacific Daylight Time),10
Wed Apr 22 2026 10:00:00 GMT-0700 (Pacific Daylight Time),11
Wed Apr 22 2026 10:15:00 GMT-0700 (Pacific Daylight Time),10
Wed Apr 22 2026 10:30:00 GMT-0700 (Pacific Daylight Time),11
Wed Apr 22 2026 10:45:00 GMT-0700 (Pacific Daylight Time),10
Wed Apr 22 2026 11:00:00 GMT-0700 (Pacific Daylight Time),10
Wed Apr 22 2026 11:15:00 GMT-0700 (Pacific Daylight Time),11
Wed Apr 22 2026 11:30:00 GMT-0700 (Pacific Daylight Time),12
Wed Apr 22 2026 11:45:00 GMT-0700 (Pacific Daylight Time),12
Wed Apr 22 2026 12:00:00 GMT-0700 (Pacific Daylight Time),11
Wed Apr 22 2026 12:15:00 GMT-0700 (Pacific Daylight Time),11
Wed Apr 22 2026 12:30:00 GMT-0700 (Pacific Daylight Time),12
Wed Apr 22 2026 12:45:00 GMT-0700 (Pacific Daylight Time),13
Wed Apr 22 2026 13:00:00 GMT-0700 (Pacific Daylight Time),13
Wed Apr 22 2026 13:15:00 GMT-0700 (Pacific Daylight Time),14
Wed Apr 22 2026 13:30:00 GMT-0700 (Pacific Daylight Time),13
Wed Apr 22 2026 13:45:00 GMT-0700 (Pacific Daylight Time),13
Wed Apr 22 2026 14:00:00 GMT-0700 (Pacific Daylight Time),12
Wed Apr 22 2026 14:15:00 GMT-0700 (Pacific Daylight Time),16
Wed Apr 22 2026 14:30:00 GMT-0700 (Pacific Daylight Time),15
Wed Apr 22 2026 14:45:00 GMT-0700 (Pacific Daylight Time),13
Wed Apr 22 2026 15:00:00 GMT-0700 (Pacific Daylight Time),13
Wed Apr 22 2026 15:15:00 GMT-0700 (Pacific Daylight Time),12
Wed Apr 22 2026 15:30:00 GMT-0700 (Pacific Daylight Time),11
Wed Apr 22 2026 15:45:00 GMT-0700 (Pacific Daylight Time),12
Wed Apr 22 2026 16:00:00 GMT-0700 (Pacific Daylight Time),12
Wed Apr 22 2026 16:15:00 GMT-0700 (Pacific Daylight Time),12
Wed Apr 22 2026 16:30:00 GMT-0700 (Pacific Daylight Time),12
Wed Apr 22 2026 16:45:00 GMT-0700 (Pacific Daylight Time),12
Wed Apr 22 2026 17:00:00 GMT-0700 (Pacific Daylight Time),12
Wed Apr 22 2026 17:15:00 GMT-0700 (Pacific Daylight Time),13
Wed Apr 22 2026 17:30:00 GMT-0700 (Pacific Daylight Time),13
Wed Apr 22 2026 17:45:00 GMT-0700 (Pacific Daylight Time),15
Wed Apr 22 2026 18:00:00 GMT-0700 (Pacific Daylight Time),14
Wed Apr 22 2026 18:15:00 GMT-0700 (Pacific Daylight Time),14
Wed Apr 22 2026 18:30:00 GMT-0700 (Pacific Daylight Time),15
Wed Apr 22 2026 18:45:00 GMT-0700 (Pacific Daylight Time),16
Wed Apr 22 2026 19:00:00 GMT-0700 (Pacific Daylight Time),17
Wed Apr 22 2026 19:15:00 GMT-0700 (Pacific Daylight Time),16
Wed Apr 22 2026 19:30:00 GMT-0700 (Pacific Daylight Time),17
Wed Apr 22 2026 19:45:00 GMT-0700 (Pacific Daylight Time),16
Wed Apr 22 2026 20:00:00 GMT-0700 (Pacific Daylight Time),16
Wed Apr 22 2026 20:15:00 GMT-0700 (Pacific Daylight Time),17
Wed Apr 22 2026 20:30:00 GMT-0700 (Pacific Daylight Time),16
Wed Apr 22 2026 20:45:00 GMT-0700 (Pacific Daylight Time),17
Wed Apr 22 2026 21:00:00 GMT-0700 (Pacific Daylight Time),17
Wed Apr 22 2026 21:15:00 GMT-0700 (Pacific Daylight Time),16
Wed Apr 22 2026 21:30:00 GMT-0700 (Pacific Daylight Time),16
Wed Apr 22 2026 21:45:00 GMT-0700 (Pacific Daylight Time),16
Wed Apr 22 2026 22:00:00 GMT-0700 (Pacific Daylight Time),16
Wed Apr 22 2026 22:15:00 GMT-0700 (Pacific Daylight Time),15
Wed Apr 22 2026 22:30:00 GMT-0700 (Pacific Daylight Time),17
Wed Apr 22 2026 22:45:00 GMT-0700 (Pacific Daylight Time),16
Wed Apr 22 2026 23:00:00 GMT-0700 (Pacific Daylight Time),17
Wed Apr 22 2026 23:15:00 GMT-0700 (Pacific Daylight Time),17
Wed Apr 22 2026 23:30:00 GMT-0700 (Pacific Daylight Time),17
Wed Apr 22 2026 23:45:00 GMT-0700 (Pacific Daylight Time),15
Thu Apr 23 2026 00:00:00 GMT-0700 (Pacific Daylight Time),14
Thu Apr 23 2026 00:15:00 GMT-0700 (Pacific Daylight Time),15
Thu Apr 23 2026 00:30:00 GMT-0700 (Pacific Daylight Time),13
Thu Apr 23 2026 00:45:00 GMT-0700 (Pacific Daylight Time),13
Thu Apr 23 2026 01:00:00 GMT-0700 (Pacific Daylight Time),12
Thu Apr 23 2026 01:15:00 GMT-0700 (Pacific Daylight Time),12
Thu Apr 23 2026 01:30:00 GMT-0700 (Pacific Daylight Time),11
Thu Apr 23 2026 01:45:00 GMT-0700 (Pacific Daylight Time),11
Thu Apr 23 2026 02:00:00 GMT-0700 (Pacific Daylight Time),10
Thu Apr 23 2026 02:15:00 GMT-0700 (Pacific Daylight Time),11
Thu Apr 23 2026 02:30:00 GMT-0700 (Pacific Daylight Time),10
Thu Apr 23 2026 02:45:00 GMT-0700 (Pacific Daylight Time),11
Thu Apr 23 2026 03:00:00 GMT-0700 (Pacific Daylight Time),10
Thu Apr 23 2026 03:15:00 GMT-0700 (Pacific Daylight Time),11
Thu Apr 23 2026 03:30:00 GMT-0700 (Pacific Daylight Time),10
Thu Apr 23 2026 03:45:00 GMT-0700 (Pacific Daylight Time),10
Thu Apr 23 2026 04:00:00 GMT-0700 (Pacific Daylight Time),10
Thu Apr 23 2026 04:15:00 GMT-0700 (Pacific Daylight Time),9
Thu Apr 23 2026 04:30:00 GMT-0700 (Pacific Daylight Time),10
Thu Apr 23 2026 04:45:00 GMT-0700 (Pacific Daylight Time),10
Thu Apr 23 2026 05:00:00 GMT-0700 (Pacific Daylight Time),10
Thu Apr 23 2026 05:15:00 GMT-0700 (Pacific Daylight Time),10
Thu Apr 23 2026 05:30:00 GMT-0700 (Pacific Daylight Time),10
Thu Apr 23 2026 05:45:00 GMT-0700 (Pacific Daylight Time),10
Thu Apr 23 2026 06:00:00 GMT-0700 (Pacific Daylight Time),9
Thu Apr 23 2026 06:15:00 GMT-0700 (Pacific Daylight Time),10
Thu Apr 23 2026 06:30:00 GMT-0700 (Pacific Daylight Time),10
Thu Apr 23 2026 06:45:00 GMT-0700 (Pacific Daylight Time),9
Thu Apr 23 2026 07:00:00 GMT-0700 (Pacific Daylight Time),10
Thu Apr 23 2026 07:15:00 GMT-0700 (Pacific Daylight Time),9
Thu Apr 23 2026 07:30:00 GMT-0700 (Pacific Daylight Time),11
Thu Apr 23 2026 07:45:00 GMT-0700 (Pacific Daylight Time),11
Thu Apr 23 2026 08:00:00 GMT-0700 (Pacific Daylight Time),10
Thu Apr 23 2026 08:15:00 GMT-0700 (Pacific Daylight Time),11
Thu Apr 23 2026 08:30:00 GMT-0700 (Pacific Daylight Time),12
Thu Apr 23 2026 08:45:00 GMT-0700 (Pacific Daylight Time),12
Thu Apr 23 2026 09:00:00 GMT-0700 (Pacific Daylight Time),13
Thu Apr 23 2026 09:15:00 GMT-0700 (Pacific Daylight Time),13
Thu Apr 23 2026 09:30:00 GMT-0700 (Pacific Daylight Time),12
Thu Apr 23 2026 09:45:00 GMT-0700 (Pacific Daylight Time),11
Thu Apr 23 2026 10:00:00 GMT-0700 (Pacific Daylight Time),12
Thu Apr 23 2026 10:15:00 GMT-0700 (Pacific Daylight Time),11
Thu Apr 23 2026 10:30:00 GMT-0700 (Pacific Daylight Time),12
Thu Apr 23 2026 10:45:00 GMT-0700 (Pacific Daylight Time),12
Thu Apr 23 2026 11:00:00 GMT-0700 (Pacific Daylight Time),12
Thu Apr 23 2026 11:15:00 GMT-0700 (Pacific Daylight Time),13
Thu Apr 23 2026 11:30:00 GMT-0700 (Pacific Daylight Time),13
Thu Apr 23 2026 11:45:00 GMT-0700 (Pacific Daylight Time),12
Thu Apr 23 2026 12:00:00 GMT-0700 (Pacific Daylight Time),12
Thu Apr 23 2026 12:15:00 GMT-0700 (Pacific Daylight Time),12
Thu Apr 23 2026 12:30:00 GMT-0700 (Pacific Daylight Time),11
Thu Apr 23 2026 12:45:00 GMT-0700 (Pacific Daylight Time),13
Thu Apr 23 2026 13:00:00 GMT-0700 (Pacific Daylight Time),15
Thu Apr 23 2026 13:15:00 GMT-0700 (Pacific Daylight Time),13
Thu Apr 23 2026 13:30:00 GMT-0700 (Pacific Daylight Time),13
Thu Apr 23 2026 13:45:00 GMT-0700 (Pacific Daylight Time),13
Thu Apr 23 2026 14:00:00 GMT-0700 (Pacific Daylight Time),13
Thu Apr 23 2026 14:15:00 GMT-0700 (Pacific Daylight Time),15
Thu Apr 23 2026 14:30:00 GMT-0700 (Pacific Daylight Time),15
Thu Apr 23 2026 14:45:00 GMT-0700 (Pacific Daylight Time),15
Thu Apr 23 2026 15:00:00 GMT-0700 (Pacific Daylight Time),16
Thu Apr 23 2026 15:15:00 GMT-0700 (Pacific Daylight Time),16
Thu Apr 23 2026 15:30:00 GMT-0700 (Pacific Daylight Time),17
Thu Apr 23 2026 15:45:00 GMT-0700 (Pacific Daylight Time),17
Thu Apr 23 2026 16:00:00 GMT-0700 (Pacific Daylight Time),14
Thu Apr 23 2026 16:15:00 GMT-0700 (Pacific Daylight Time),13
Thu Apr 23 2026 16:30:00 GMT-0700 (Pacific Daylight Time),12
Thu Apr 23 2026 16:45:00 GMT-0700 (Pacific Daylight Time),13
Thu Apr 23 2026 17:00:00 GMT-0700 (Pacific Daylight Time),14
Thu Apr 23 2026 17:15:00 GMT-0700 (Pacific Daylight Time),15
Thu Apr 23 2026 17:30:00 GMT-0700 (Pacific Daylight Time),14
Thu Apr 23 2026 17:45:00 GMT-0700 (Pacific Daylight Time),15
Thu Apr 23 2026 18:00:00 GMT-0700 (Pacific Daylight Time),15
Thu Apr 23 2026 18:15:00 GMT-0700 (Pacific Daylight Time),14
Thu Apr 23 2026 18:30:00 GMT-0700 (Pacific Daylight Time),15
Thu Apr 23 2026 18:45:00 GMT-0700 (Pacific Daylight Time),15
Thu Apr 23 2026 19:00:00 GMT-0700 (Pacific Daylight Time),15
Thu Apr 23 2026 19:15:00 GMT-0700 (Pacific Daylight Time),15
Thu Apr 23 2026 19:30:00 GMT-0700 (Pacific Daylight Time),15
Thu Apr 23 2026 19:45:00 GMT-0700 (Pacific Daylight Time),16
Thu Apr 23 2026 20:00:00 GMT-0700 (Pacific Daylight Time),15
Thu Apr 23 2026 20:15:00 GMT-0700 (Pacific Daylight Time),16
Thu Apr 23 2026 20:30:00 GMT-0700 (Pacific Daylight Time),15
Thu Apr 23 2026 20:45:00 GMT-0700 (Pacific Daylight Time),17
Thu Apr 23 2026 21:00:00 GMT-0700 (Pacific Daylight Time),18
Thu Apr 23 2026 21:15:00 GMT-0700 (Pacific Daylight Time),17
Thu Apr 23 2026 21:30:00 GMT-0700 (Pacific Daylight Time),16
Thu Apr 23 2026 21:45:00 GMT-0700 (Pacific Daylight Time),16
Thu Apr 23 2026 22:00:00 GMT-0700 (Pacific Daylight Time),14
Thu Apr 23 2026 22:15:00 GMT-0700 (Pacific Daylight Time),15
Thu Apr 23 2026 22:30:00 GMT-0700 (Pacific Daylight Time),17
Thu Apr 23 2026 22:45:00 GMT-0700 (Pacific Daylight Time),16
Thu Apr 23 2026 23:00:00 GMT-0700 (Pacific Daylight Time),18
Thu Apr 23 2026 23:15:00 GMT-0700 (Pacific Daylight Time),19
Thu Apr 23 2026 23:30:00 GMT-0700 (Pacific Daylight Time),18
Thu Apr 23 2026 23:45:00 GMT-0700 (Pacific Daylight Time),17
Fri Apr 24 2026 00:00:00 GMT-0700 (Pacific Daylight Time),17
Fri Apr 24 2026 00:15:00 GMT-0700 (Pacific Daylight Time),15
Fri Apr 24 2026 00:30:00 GMT-0700 (Pacific Daylight Time),14
Fri Apr 24 2026 00:45:00 GMT-0700 (Pacific Daylight Time),14
Fri Apr 24 2026 01:00:00 GMT-0700 (Pacific Daylight Time),13
Fri Apr 24 2026 01:15:00 GMT-0700 (Pacific Daylight Time),11
Fri Apr 24 2026 01:30:00 GMT-0700 (Pacific Daylight Time),11
Fri Apr 24 2026 01:45:00 GMT-0700 (Pacific Daylight Time),11
Fri Apr 24 2026 02:00:00 GMT-0700 (Pacific Daylight Time),11
Fri Apr 24 2026 02:15:00 GMT-0700 (Pacific Daylight Time),11
Fri Apr 24 2026 02:30:00 GMT-0700 (Pacific Daylight Time),10
Fri Apr 24 2026 02:45:00 GMT-0700 (Pacific Daylight Time),10
Fri Apr 24 2026 03:00:00 GMT-0700 (Pacific Daylight Time),11
Fri Apr 24 2026 03:15:00 GMT-0700 (Pacific Daylight Time),10
Fri Apr 24 2026 03:30:00 GMT-0700 (Pacific Daylight Time),10
Fri Apr 24 2026 03:45:00 GMT-0700 (Pacific Daylight Time),11
Fri Apr 24 2026 04:00:00 GMT-0700 (Pacific Daylight Time),10
Fri Apr 24 2026 04:15:00 GMT-0700 (Pacific Daylight Time),10
Fri Apr 24 2026 04:30:00 GMT-0700 (Pacific Daylight Time),10
Fri Apr 24 2026 04:45:00 GMT-0700 (Pacific Daylight Time),10
Fri Apr 24 2026 05:00:00 GMT-0700 (Pacific Daylight Time),10
Fri Apr 24 2026 05:15:00 GMT-0700 (Pacific Daylight Time),10
Fri Apr 24 2026 05:30:00 GMT-0700 (Pacific Daylight Time),10
Fri Apr 24 2026 05:45:00 GMT-0700 (Pacific Daylight Time),10
Fri Apr 24 2026 06:00:00 GMT-0700 (Pacific Daylight Time),10
Fri Apr 24 2026 06:15:00 GMT-0700 (Pacific Daylight Time),10
Fri Apr 24 2026 06:30:00 GMT-0700 (Pacific Daylight Time),10
Fri Apr 24 2026 06:45:00 GMT-0700 (Pacific Daylight Time),9
Fri Apr 24 2026 07:00:00 GMT-0700 (Pacific Daylight Time),10
Fri Apr 24 2026 07:15:00 GMT-0700 (Pacific Daylight Time),9
Fri Apr 24 2026 07:30:00 GMT-0700 (Pacific Daylight Time),10
Fri Apr 24 2026 07:45:00 GMT-0700 (Pacific Daylight Time),9
Fri Apr 24 2026 08:00:00 GMT-0700 (Pacific Daylight Time),10
Fri Apr 24 2026 08:15:00 GMT-0700 (Pacific Daylight Time),10
Fri Apr 24 2026 08:30:00 GMT-0700 (Pacific Daylight Time),10
Fri Apr 24 2026 08:45:00 GMT-0700 (Pacific Daylight Time),12
Fri Apr 24 2026 09:00:00 GMT-0700 (Pacific Daylight Time),14
Fri Apr 24 2026 09:15:00 GMT-0700 (Pacific Daylight Time),14
Fri Apr 24 2026 09:30:00 GMT-0700 (Pacific Daylight Time),14
Fri Apr 24 2026 09:45:00 GMT-0700 (Pacific Daylight Time),13
Fri Apr 24 2026 10:00:00 GMT-0700 (Pacific Daylight Time),12
Fri Apr 24 2026 10:15:00 GMT-0700 (Pacific Daylight Time),12
Fri Apr 24 2026 10:30:00 GMT-0700 (Pacific Daylight Time),11
Fri Apr 24 2026 10:45:00 GMT-0700 (Pacific Daylight Time),11
Fri Apr 24 2026 11:00:00 GMT-0700 (Pacific Daylight Time),12
Fri Apr 24 2026 11:15:00 GMT-0700 (Pacific Daylight Time),12
Fri Apr 24 2026 11:30:00 GMT-0700 (Pacific Daylight Time),12
Fri Apr 24 2026 11:45:00 GMT-0700 (Pacific Daylight Time),11
Fri Apr 24 2026 12:00:00 GMT-0700 (Pacific Daylight Time),12
Fri Apr 24 2026 12:15:00 GMT-0700 (Pacific Daylight Time),12
Fri Apr 24 2026 12:30:00 GMT-0700 (Pacific Daylight Time),13
Fri Apr 24 2026 12:45:00 GMT-0700 (Pacific Daylight Time),12
Fri Apr 24 2026 13:00:00 GMT-0700 (Pacific Daylight Time),14
Fri Apr 24 2026 13:15:00 GMT-0700 (Pacific Daylight Time),15
Fri Apr 24 2026 13:30:00 GMT-0700 (Pacific Daylight Time),14
Fri Apr 24 2026 13:45:00 GMT-0700 (Pacific Daylight Time),13
Fri Apr 24 2026 14:00:00 GMT-0700 (Pacific Daylight Time),12
Fri Apr 24 2026 14:15:00 GMT-0700 (Pacific Daylight Time),13
Fri Apr 24 2026 14:30:00 GMT-0700 (Pacific Daylight Time),12
Fri Apr 24 2026 14:45:00 GMT-0700 (Pacific Daylight Time),14
Fri Apr 24 2026 15:00:00 GMT-0700 (Pacific Daylight Time),12
Fri Apr 24 2026 15:15:00 GMT-0700 (Pacific Daylight Time),13
Fri Apr 24 2026 15:30:00 GMT-0700 (Pacific Daylight Time),12
Fri Apr 24 2026 15:45:00 GMT-0700 (Pacific Daylight Time),14
Fri Apr 24 2026 16:00:00 GMT-0700 (Pacific Daylight Time),12
Fri Apr 24 2026 16:15:00 GMT-0700 (Pacific Daylight Time),12
Fri Apr 24 2026 16:30:00 GMT-0700 (Pacific Daylight Time),13
Fri Apr 24 2026 16:45:00 GMT-0700 (Pacific Daylight Time),15
Fri Apr 24 2026 17:00:00 GMT-0700 (Pacific Daylight Time),17
Fri Apr 24 2026 17:15:00 GMT-0700 (Pacific Daylight Time),16
Fri Apr 24 2026 17:30:00 GMT-0700 (Pacific Daylight Time),15
Fri Apr 24 2026 17:45:00 GMT-0700 (Pacific Daylight Time),14
Fri Apr 24 2026 18:00:00 GMT-0700 (Pacific Daylight Time),14
Fri Apr 24 2026 18:15:00 GMT-0700 (Pacific Daylight Time),14
Fri Apr 24 2026 18:30:00 GMT-0700 (Pacific Daylight Time),14
Fri Apr 24 2026 18:45:00 GMT-0700 (Pacific Daylight Time),14
Fri Apr 24 2026 19:00:00 GMT-0700 (Pacific Daylight Time),13
Fri Apr 24 2026 19:15:00 GMT-0700 (Pacific Daylight Time),14
Fri Apr 24 2026 19:30:00 GMT-0700 (Pacific Daylight Time),14
Fri Apr 24 2026 19:45:00 GMT-0700 (Pacific Daylight Time),15
Fri Apr 24 2026 20:00:00 GMT-0700 (Pacific Daylight Time),16
Fri Apr 24 2026 20:15:00 GMT-0700 (Pacific Daylight Time),17
Fri Apr 24 2026 20:30:00 GMT-0700 (Pacific Daylight Time),15
Fri Apr 24 2026 20:45:00 GMT-0700 (Pacific Daylight Time),15
Fri Apr 24 2026 21:00:00 GMT-0700 (Pacific Daylight Time),15
Fri Apr 24 2026 21:15:00 GMT-0700 (Pacific Daylight Time),15
Fri Apr 24 2026 21:30:00 GMT-0700 (Pacific Daylight Time),16
Fri Apr 24 2026 21:45:00 GMT-0700 (Pacific Daylight Time),16
Fri Apr 24 2026 22:00:00 GMT-0700 (Pacific Daylight Time),16
Fri Apr 24 2026 22:15:00 GMT-0700 (Pacific Daylight Time),16
Fri Apr 24 2026 22:30:00 GMT-0700 (Pacific Daylight Time),14
Fri Apr 24 2026 22:45:00 GMT-0700 (Pacific Daylight Time),15
Fri Apr 24 2026 23:00:00 GMT-0700 (Pacific Daylight Time),13
Fri Apr 24 2026 23:15:00 GMT-0700 (Pacific Daylight Time),14
Fri Apr 24 2026 23:30:00 GMT-0700 (Pacific Daylight Time),14
Fri Apr 24 2026 23:45:00 GMT-0700 (Pacific Daylight Time),15
Sat Apr 25 2026 00:00:00 GMT-0700 (Pacific Daylight Time),16
Sat Apr 25 2026 00:15:00 GMT-0700 (Pacific Daylight Time),14
Sat Apr 25 2026 00:30:00 GMT-0700 (Pacific Daylight Time),14
Sat Apr 25 2026 00:45:00 GMT-0700 (Pacific Daylight Time),12
Sat Apr 25 2026 01:00:00 GMT-0700 (Pacific Daylight Time),13
Sat Apr 25 2026 01:15:00 GMT-0700 (Pacific Daylight Time),12
Sat Apr 25 2026 01:30:00 GMT-0700 (Pacific Daylight Time),12
Sat Apr 25 2026 01:45:00 GMT-0700 (Pacific Daylight Time),12
Sat Apr 25 2026 02:00:00 GMT-0700 (Pacific Daylight Time),11
Sat Apr 25 2026 02:15:00 GMT-0700 (Pacific Daylight Time),11
Sat Apr 25 2026 02:30:00 GMT-0700 (Pacific Daylight Time),11
Sat Apr 25 2026 02:45:00 GMT-0700 (Pacific Daylight Time),11
Sat Apr 25 2026 03:00:00 GMT-0700 (Pacific Daylight Time),11
Sat Apr 25 2026 03:15:00 GMT-0700 (Pacific Daylight Time),11
Sat Apr 25 2026 03:30:00 GMT-0700 (Pacific Daylight Time),10
Sat Apr 25 2026 03:45:00 GMT-0700 (Pacific Daylight Time),11
Sat Apr 25 2026 04:00:00 GMT-0700 (Pacific Daylight Time),11
Sat Apr 25 2026 04:15:00 GMT-0700 (Pacific Daylight Time),10
Sat Apr 25 2026 04:30:00 GMT-0700 (Pacific Daylight Time),11
Sat Apr 25 2026 04:45:00 GMT-0700 (Pacific Daylight Time),10
Sat Apr 25 2026 05:00:00 GMT-0700 (Pacific Daylight Time),10
Sat Apr 25 2026 05:15:00 GMT-0700 (Pacific Daylight Time),10
Sat Apr 25 2026 05:30:00 GMT-0700 (Pacific Daylight Time),10
Sat Apr 25 2026 05:45:00 GMT-0700 (Pacific Daylight Time),11
Sat Apr 25 2026 06:00:00 GMT-0700 (Pacific Daylight Time),10
Sat Apr 25 2026 06:15:00 GMT-0700 (Pacific Daylight Time),10
Sat Apr 25 2026 06:30:00 GMT-0700 (Pacific Daylight Time),9
Sat Apr 25 2026 06:45:00 GMT-0700 (Pacific Daylight Time),11
Sat Apr 25 2026 07:00:00 GMT-0700 (Pacific Daylight Time),10
Sat Apr 25 2026 07:15:00 GMT-0700 (Pacific Daylight Time),11
Sat Apr 25 2026 07:30:00 GMT-0700 (Pacific Daylight Time),10
Sat Apr 25 2026 07:45:00 GMT-0700 (Pacific Daylight Time),10
Sat Apr 25 2026 08:00:00 GMT-0700 (Pacific Daylight Time),11
Sat Apr 25 2026 08:15:00 GMT-0700 (Pacific Daylight Time),11
Sat Apr 25 2026 08:30:00 GMT-0700 (Pacific Daylight Time),11
Sat Apr 25 2026 08:45:00 GMT-0700 (Pacific Daylight Time),10
Sat Apr 25 2026 09:00:00 GMT-0700 (Pacific Daylight Time),11
Sat Apr 25 2026 09:15:00 GMT-0700 (Pacific Daylight Time),11
Sat Apr 25 2026 09:30:00 GMT-0700 (Pacific Daylight Time),11
Sat Apr 25 2026 09:45:00 GMT-0700 (Pacific Daylight Time),11
Sat Apr 25 2026 10:00:00 GMT-0700 (Pacific Daylight Time),10
Sat Apr 25 2026 10:15:00 GMT-0700 (Pacific Daylight Time),12
Sat Apr 25 2026 10:30:00 GMT-0700 (Pacific Daylight Time),13
Sat Apr 25 2026 10:45:00 GMT-0700 (Pacific Daylight Time),13
Sat Apr 25 2026 11:00:00 GMT-0700 (Pacific Daylight Time),14
Sat Apr 25 2026 11:15:00 GMT-0700 (Pacific Daylight Time),14
Sat Apr 25 2026 11:30:00 GMT-0700 (Pacific Daylight Time),13
Sat Apr 25 2026 11:45:00 GMT-0700 (Pacific Daylight Time),14
Sat Apr 25 2026 12:00:00 GMT-0700 (Pacific Daylight Time),15
Sat Apr 25 2026 12:15:00 GMT-0700 (Pacific Daylight Time),14
Sat Apr 25 2026 12:30:00 GMT-0700 (Pacific Daylight Time),16
Sat Apr 25 2026 12:45:00 GMT-0700 (Pacific Daylight Time),14
Sat Apr 25 2026 13:00:00 GMT-0700 (Pacific Daylight Time),13
Sat Apr 25 2026 13:15:00 GMT-0700 (Pacific Daylight Time),13
Sat Apr 25 2026 13:30:00 GMT-0700 (Pacific Daylight Time),12
Sat Apr 25 2026 13:45:00 GMT-0700 (Pacific Daylight Time),13
Sat Apr 25 2026 14:00:00 GMT-0700 (Pacific Daylight Time),15
Sat Apr 25 2026 14:15:00 GMT-0700 (Pacific Daylight Time),15
Sat Apr 25 2026 14:30:00 GMT-0700 (Pacific Daylight Time),15
Sat Apr 25 2026 14:45:00 GMT-0700 (Pacific Daylight Time),15
Sat Apr 25 2026 15:00:00 GMT-0700 (Pacific Daylight Time),14
Sat Apr 25 2026 15:15:00 GMT-0700 (Pacific Daylight Time),14
Sat Apr 25 2026 15:30:00 GMT-0700 (Pacific Daylight Time),15
Sat Apr 25 2026 15:45:00 GMT-0700 (Pacific Daylight Time),16
Sat Apr 25 2026 16:00:00 GMT-0700 (Pacific Daylight Time),15
Sat Apr 25 2026 16:15:00 GMT-0700 (Pacific Daylight Time),16
Sat Apr 25 2026 16:30:00 GMT-0700 (Pacific Daylight Time),15
Sat Apr 25 2026 16:45:00 GMT-0700 (Pacific Daylight Time),14
Sat Apr 25 2026 17:00:00 GMT-0700 (Pacific Daylight Time),14
Sat Apr 25 2026 17:15:00 GMT-0700 (Pacific Daylight Time),13
Sat Apr 25 2026 17:30:00 GMT-0700 (Pacific Daylight Time),12
Sat Apr 25 2026 17:45:00 GMT-0700 (Pacific Daylight Time),13
Sat Apr 25 2026 18:00:00 GMT-0700 (Pacific Daylight Time),14
Sat Apr 25 2026 18:15:00 GMT-0700 (Pacific Daylight Time),13
Sat Apr 25 2026 18:30:00 GMT-0700 (Pacific Daylight Time),17
Sat Apr 25 2026 18:45:00 GMT-0700 (Pacific Daylight Time),17
Sat Apr 25 2026 19:00:00 GMT-0700 (Pacific Daylight Time),17
Sat Apr 25 2026 19:15:00 GMT-0700 (Pacific Daylight Time),17
Sat Apr 25 2026 19:30:00 GMT-0700 (Pacific Daylight Time),17
Sat Apr 25 2026 19:45:00 GMT-0700 (Pacific Daylight Time),15
Sat Apr 25 2026 20:00:00 GMT-0700 (Pacific Daylight Time),15
Sat Apr 25 2026 20:15:00 GMT-0700 (Pacific Daylight Time),15
Sat Apr 25 2026 20:30:00 GMT-0700 (Pacific Daylight Time),14
Sat Apr 25 2026 20:45:00 GMT-0700 (Pacific Daylight Time),14
Sat Apr 25 2026 21:00:00 GMT-0700 (Pacific Daylight Time),14
Sat Apr 25 2026 21:15:00 GMT-0700 (Pacific Daylight Time),15
Sat Apr 25 2026 21:30:00 GMT-0700 (Pacific Daylight Time),15
Sat Apr 25 2026 21:45:00 GMT-0700 (Pacific Daylight Time),15
Sat Apr 25 2026 22:00:00 GMT-0700 (Pacific Daylight Time),14
Sat Apr 25 2026 22:15:00 GMT-0700 (Pacific Daylight Time),16
Sat Apr 25 2026 22:30:00 GMT-0700 (Pacific Daylight Time),15
Sat Apr 25 2026 22:45:00 GMT-0700 (Pacific Daylight Time),16
Sat Apr 25 2026 23:00:00 GMT-0700 (Pacific Daylight Time),15
Sat Apr 25 2026 23:15:00 GMT-0700 (Pacific Daylight Time),15
Sat Apr 25 2026 23:30:00 GMT-0700 (Pacific Daylight Time),15
Sat Apr 25 2026 23:45:00 GMT-0700 (Pacific Daylight Time),13
Sun Apr 26 2026 00:00:00 GMT-0700 (Pacific Daylight Time),13
Sun Apr 26 2026 00:15:00 GMT-0700 (Pacific Daylight Time),13
Sun Apr 26 2026 00:30:00 GMT-0700 (Pacific Daylight Time),15
Sun Apr 26 2026 00:45:00 GMT-0700 (Pacific Daylight Time),14
Sun Apr 26 2026 01:00:00 GMT-0700 (Pacific Daylight Time),16
Sun Apr 26 2026 01:15:00 GMT-0700 (Pacific Daylight Time),16
Sun Apr 26 2026 01:30:00 GMT-0700 (Pacific Daylight Time),13
Sun Apr 26 2026 01:45:00 GMT-0700 (Pacific Daylight Time),13
Sun Apr 26 2026 02:00:00 GMT-0700 (Pacific Daylight Time),14
Sun Apr 26 2026 02:15:00 GMT-0700 (Pacific Daylight Time),15
Sun Apr 26 2026 02:30:00 GMT-0700 (Pacific Daylight Time),16
Sun Apr 26 2026 02:45:00 GMT-0700 (Pacific Daylight Time),15
Sun Apr 26 2026 03:00:00 GMT-0700 (Pacific Daylight Time),13
Sun Apr 26 2026 03:15:00 GMT-0700 (Pacific Daylight Time),12
Sun Apr 26 2026 03:30:00 GMT-0700 (Pacific Daylight Time),11
Sun Apr 26 2026 03:45:00 GMT-0700 (Pacific Daylight Time),11
Sun Apr 26 2026 04:00:00 GMT-0700 (Pacific Daylight Time),11
Sun Apr 26 2026 04:15:00 GMT-0700 (Pacific Daylight Time),10
Sun Apr 26 2026 04:30:00 GMT-0700 (Pacific Daylight Time),10
Sun Apr 26 2026 04:45:00 GMT-0700 (Pacific Daylight Time),11
Sun Apr 26 2026 05:00:00 GMT-0700 (Pacific Daylight Time),10
Sun Apr 26 2026 05:15:00 GMT-0700 (Pacific Daylight Time),10
Sun Apr 26 2026 05:30:00 GMT-0700 (Pacific Daylight Time),10
Sun Apr 26 2026 05:45:00 GMT-0700 (Pacific Daylight Time),10
Sun Apr 26 2026 06:00:00 GMT-0700 (Pacific Daylight Time),10
Sun Apr 26 2026 06:15:00 GMT-0700 (Pacific Daylight Time),10
Sun Apr 26 2026 06:30:00 GMT-0700 (Pacific Daylight Time),9
Sun Apr 26 2026 06:45:00 GMT-0700 (Pacific Daylight Time),10
Sun Apr 26 2026 07:00:00 GMT-0700 (Pacific Daylight Time),9
Sun Apr 26 2026 07:15:00 GMT-0700 (Pacific Daylight Time),9
Sun Apr 26 2026 07:30:00 GMT-0700 (Pacific Daylight Time),10
Sun Apr 26 2026 07:45:00 GMT-0700 (Pacific Daylight Time),10
Sun Apr 26 2026 08:00:00 GMT-0700 (Pacific Daylight Time),9
Sun Apr 26 2026 08:15:00 GMT-0700 (Pacific Daylight Time),10
Sun Apr 26 2026 08:30:00 GMT-0700 (Pacific Daylight Time),10
Sun Apr 26 2026 08:45:00 GMT-0700 (Pacific Daylight Time),11
Sun Apr 26 2026 09:00:00 GMT-0700 (Pacific Daylight Time),11
Sun Apr 26 2026 09:15:00 GMT-0700 (Pacific Daylight Time),11
Sun Apr 26 2026 09:30:00 GMT-0700 (Pacific Daylight Time),13
Sun Apr 26 2026 09:45:00 GMT-0700 (Pacific Daylight Time),13
Sun Apr 26 2026 10:00:00 GMT-0700 (Pacific Daylight Time),16
Sun Apr 26 2026 10:15:00 GMT-0700 (Pacific Daylight Time),15
Sun Apr 26 2026 10:30:00 GMT-0700 (Pacific Daylight Time),16
Sun Apr 26 2026 10:45:00 GMT-0700 (Pacific Daylight Time),16
Sun Apr 26 2026 11:00:00 GMT-0700 (Pacific Daylight Time),14
Sun Apr 26 2026 11:15:00 GMT-0700 (Pacific Daylight Time),14
Sun Apr 26 2026 11:30:00 GMT-0700 (Pacific Daylight Time),14
Sun Apr 26 2026 11:45:00 GMT-0700 (Pacific Daylight Time),13
Sun Apr 26 2026 12:00:00 GMT-0700 (Pacific Daylight Time),16
Sun Apr 26 2026 12:15:00 GMT-0700 (Pacific Daylight Time),18
Sun Apr 26 2026 12:30:00 GMT-0700 (Pacific Daylight Time),18
Sun Apr 26 2026 12:45:00 GMT-0700 (Pacific Daylight Time),19
Sun Apr 26 2026 13:00:00 GMT-0700 (Pacific Daylight Time),17
Sun Apr 26 2026 13:15:00 GMT-0700 (Pacific Daylight Time),17
Sun Apr 26 2026 13:30:00 GMT-0700 (Pacific Daylight Time),17
Sun Apr 26 2026 13:45:00 GMT-0700 (Pacific Daylight Time),15
Sun Apr 26 2026 14:00:00 GMT-0700 (Pacific Daylight Time),17
Sun Apr 26 2026 14:15:00 GMT-0700 (Pacific Daylight Time),15
Sun Apr 26 2026 14:30:00 GMT-0700 (Pacific Daylight Time),16
Sun Apr 26 2026 14:45:00 GMT-0700 (Pacific Daylight Time),15
Sun Apr 26 2026 15:00:00 GMT-0700 (Pacific Daylight Time),14
Sun Apr 26 2026 15:15:00 GMT-0700 (Pacific Daylight Time),16
Sun Apr 26 2026 15:30:00 GMT-0700 (Pacific Daylight Time),18
Sun Apr 26 2026 15:45:00 GMT-0700 (Pacific Daylight Time),17
Sun Apr 26 2026 16:00:00 GMT-0700 (Pacific Daylight Time),17
Sun Apr 26 2026 16:15:00 GMT-0700 (Pacific Daylight Time),15
Sun Apr 26 2026 16:30:00 GMT-0700 (Pacific Daylight Time),13
Sun Apr 26 2026 16:45:00 GMT-0700 (Pacific Daylight Time),13
Sun Apr 26 2026 17:00:00 GMT-0700 (Pacific Daylight Time),15
Sun Apr 26 2026 17:15:00 GMT-0700 (Pacific Daylight Time),14
Sun Apr 26 2026 17:30:00 GMT-0700 (Pacific Daylight Time),13
Sun Apr 26 2026 17:45:00 GMT-0700 (Pacific Daylight Time),13
Sun Apr 26 2026 18:00:00 GMT-0700 (Pacific Daylight Time),13
Sun Apr 26 2026 18:15:00 GMT-0700 (Pacific Daylight Time),13
Sun Apr 26 2026 18:30:00 GMT-0700 (Pacific Daylight Time),13
Sun Apr 26 2026 18:45:00 GMT-0700 (Pacific Daylight Time),14
Sun Apr 26 2026 19:00:00 GMT-0700 (Pacific Daylight Time),14
Sun Apr 26 2026 19:15:00 GMT-0700 (Pacific Daylight Time),13
Sun Apr 26 2026 19:30:00 GMT-0700 (Pacific Daylight Time),16
Sun Apr 26 2026 19:45:00 GMT-0700 (Pacific Daylight Time),16
Sun Apr 26 2026 20:00:00 GMT-0700 (Pacific Daylight Time),19
Sun Apr 26 2026 20:15:00 GMT-0700 (Pacific Daylight Time),18
Sun Apr 26 2026 20:30:00 GMT-0700 (Pacific Daylight Time),17
Sun Apr 26 2026 20:45:00 GMT-0700 (Pacific Daylight Time),16
Sun Apr 26 2026 21:00:00 GMT-0700 (Pacific Daylight Time),17
Sun Apr 26 2026 21:15:00 GMT-0700 (Pacific Daylight Time),17
Sun Apr 26 2026 21:30:00 GMT-0700 (Pacific Daylight Time),18
Sun Apr 26 2026 21:45:00 GMT-0700 (Pacific Daylight Time),17
Sun Apr 26 2026 22:00:00 GMT-0700 (Pacific Daylight Time),17
Sun Apr 26 2026 22:15:00 GMT-0700 (Pacific Daylight Time),15
Sun Apr 26 2026 22:30:00 GMT-0700 (Pacific Daylight Time),14
Sun Apr 26 2026 22:45:00 GMT-0700 (Pacific Daylight Time),15
Sun Apr 26 2026 23:00:00 GMT-0700 (Pacific Daylight Time),15
Sun Apr 26 2026 23:15:00 GMT-0700 (Pacific Daylight Time),14
Sun Apr 26 2026 23:30:00 GMT-0700 (Pacific Daylight Time),15
Sun Apr 26 2026 23:45:00 GMT-0700 (Pacific Daylight Time),13
Mon Apr 27 2026 00:00:00 GMT-0700 (Pacific Daylight Time),14
Mon Apr 27 2026 00:15:00 GMT-0700 (Pacific Daylight Time),13
Mon Apr 27 2026 00:30:00 GMT-0700 (Pacific Daylight Time),14
Mon Apr 27 2026 00:45:00 GMT-0700 (Pacific Daylight Time),14
Mon Apr 27 2026 01:00:00 GMT-0700 (Pacific Daylight Time),14
Mon Apr 27 2026 01:15:00 GMT-0700 (Pacific Daylight Time),12
Mon Apr 27 2026 01:30:00 GMT-0700 (Pacific Daylight Time),11
Mon Apr 27 2026 01:45:00 GMT-0700 (Pacific Daylight Time),11
Mon Apr 27 2026 02:00:00 GMT-0700 (Pacific Daylight Time),11
Mon Apr 27 2026 02:15:00 GMT-0700 (Pacific Daylight Time),10
Mon Apr 27 2026 02:30:00 GMT-0700 (Pacific Daylight Time),10
Mon Apr 27 2026 02:45:00 GMT-0700 (Pacific Daylight Time),11
Mon Apr 27 2026 03:00:00 GMT-0700 (Pacific Daylight Time),10
Mon Apr 27 2026 03:15:00 GMT-0700 (Pacific Daylight Time),10
Mon Apr 27 2026 03:30:00 GMT-0700 (Pacific Daylight Time),10
Mon Apr 27 2026 03:45:00 GMT-0700 (Pacific Daylight Time),10
Mon Apr 27 2026 04:00:00 GMT-0700 (Pacific Daylight Time),10
Mon Apr 27 2026 04:15:00 GMT-0700 (Pacific Daylight Time),10
Mon Apr 27 2026 04:30:00 GMT-0700 (Pacific Daylight Time),10
Mon Apr 27 2026 04:45:00 GMT-0700 (Pacific Daylight Time),10
Mon Apr 27 2026 05:00:00 GMT-0700 (Pacific Daylight Time),10
Mon Apr 27 2026 05:15:00 GMT-0700 (Pacific Daylight Time),10
Mon Apr 27 2026 05:30:00 GMT-0700 (Pacific Daylight Time),10
Mon Apr 27 2026 05:45:00 GMT-0700 (Pacific Daylight Time),10
Mon Apr 27 2026 06:00:00 GMT-0700 (Pacific Daylight Time),10
Mon Apr 27 2026 06:15:00 GMT-0700 (Pacific Daylight Time),10
Mon Apr 27 2026 06:30:00 GMT-0700 (Pacific Daylight Time),9
Mon Apr 27 2026 06:45:00 GMT-0700 (Pacific Daylight Time),10
Mon Apr 27 2026 07:00:00 GMT-0700 (Pacific Daylight Time),10
Mon Apr 27 2026 07:15:00 GMT-0700 (Pacific Daylight Time),11
Mon Apr 27 2026 07:30:00 GMT-0700 (Pacific Daylight Time),11
Mon Apr 27 2026 07:45:00 GMT-0700 (Pacific Daylight Time),11
Mon Apr 27 2026 08:00:00 GMT-0700 (Pacific Daylight Time),11
Mon Apr 27 2026 08:15:00 GMT-0700 (Pacific Daylight Time),10
Mon Apr 27 2026 08:30:00 GMT-0700 (Pacific Daylight Time),11
Mon Apr 27 2026 08:45:00 GMT-0700 (Pacific Daylight Time),11
Mon Apr 27 2026 09:00:00 GMT-0700 (Pacific Daylight Time),11
Mon Apr 27 2026 09:15:00 GMT-0700 (Pacific Daylight Time),10
Mon Apr 27 2026 09:30:00 GMT-0700 (Pacific Daylight Time),11
Mon Apr 27 2026 09:45:00 GMT-0700 (Pacific Daylight Time),12
Mon Apr 27 2026 10:00:00 GMT-0700 (Pacific Daylight Time),11
Mon Apr 27 2026 10:15:00 GMT-0700 (Pacific Daylight Time),11
Mon Apr 27 2026 10:30:00 GMT-0700 (Pacific Daylight Time),11
Mon Apr 27 2026 10:45:00 GMT-0700 (Pacific Daylight Time),11
Mon Apr 27 2026 11:00:00 GMT-0700 (Pacific Daylight Time),13
Mon Apr 27 2026 11:15:00 GMT-0700 (Pacific Daylight Time),15
Mon Apr 27 2026 11:30:00 GMT-0700 (Pacific Daylight Time),15
Mon Apr 27 2026 11:45:00 GMT-0700 (Pacific Daylight Time),15
Mon Apr 27 2026 12:00:00 GMT-0700 (Pacific Daylight Time),12
Mon Apr 27 2026 12:15:00 GMT-0700 (Pacific Daylight Time),13
Mon Apr 27 2026 12:30:00 GMT-0700 (Pacific Daylight Time),12
Mon Apr 27 2026 12:45:00 GMT-0700 (Pacific Daylight Time),13
Mon Apr 27 2026 13:00:00 GMT-0700 (Pacific Daylight Time),15
Mon Apr 27 2026 13:15:00 GMT-0700 (Pacific Daylight Time),16
Mon Apr 27 2026 13:30:00 GMT-0700 (Pacific Daylight Time),15
Mon Apr 27 2026 13:45:00 GMT-0700 (Pacific Daylight Time),14
Mon Apr 27 2026 14:00:00 GMT-0700 (Pacific Daylight Time),13
Mon Apr 27 2026 14:15:00 GMT-0700 (Pacific Daylight Time),13
Mon Apr 27 2026 14:30:00 GMT-0700 (Pacific Daylight Time),13
Mon Apr 27 2026 14:45:00 GMT-0700 (Pacific Daylight Time),15
Mon Apr 27 2026 15:00:00 GMT-0700 (Pacific Daylight Time),18
Mon Apr 27 2026 15:15:00 GMT-0700 (Pacific Daylight Time),18
Mon Apr 27 2026 15:30:00 GMT-0700 (Pacific Daylight Time),17
Mon Apr 27 2026 15:45:00 GMT-0700 (Pacific Daylight Time),15
Mon Apr 27 2026 16:00:00 GMT-0700 (Pacific Daylight Time),15
Mon Apr 27 2026 16:15:00 GMT-0700 (Pacific Daylight Time),14
Mon Apr 27 2026 16:30:00 GMT-0700 (Pacific Daylight Time),13
Mon Apr 27 2026 16:45:00 GMT-0700 (Pacific Daylight Time),12
Mon Apr 27 2026 17:00:00 GMT-0700 (Pacific Daylight Time),12
Mon Apr 27 2026 17:15:00 GMT-0700 (Pacific Daylight Time),12
Mon Apr 27 2026 17:30:00 GMT-0700 (Pacific Daylight Time),15
Mon Apr 27 2026 17:45:00 GMT-0700 (Pacific Daylight Time),14
Mon Apr 27 2026 18:00:00 GMT-0700 (Pacific Daylight Time),14
Mon Apr 27 2026 18:15:00 GMT-0700 (Pacific Daylight Time),13
Mon Apr 27 2026 18:30:00 GMT-0700 (Pacific Daylight Time),14
Mon Apr 27 2026 18:45:00 GMT-0700 (Pacific Daylight Time),14
Mon Apr 27 2026 19:00:00 GMT-0700 (Pacific Daylight Time),15
Mon Apr 27 2026 19:15:00 GMT-0700 (Pacific Daylight Time),15
Mon Apr 27 2026 19:30:00 GMT-0700 (Pacific Daylight Time),15
Mon Apr 27 2026 19:45:00 GMT-0700 (Pacific Daylight Time),18
Mon Apr 27 2026 20:00:00 GMT-0700 (Pacific Daylight Time),17
Mon Apr 27 2026 20:15:00 GMT-0700 (Pacific Daylight Time),16
Mon Apr 27 2026 20:30:00 GMT-0700 (Pacific Daylight Time),16
Mon Apr 27 2026 20:45:00 GMT-0700 (Pacific Daylight Time),15
Mon Apr 27 2026 21:00:00 GMT-0700 (Pacific Daylight Time),16
Mon Apr 27 2026 21:15:00 GMT-0700 (Pacific Daylight Time),17
Mon Apr 27 2026 21:30:00 GMT-0700 (Pacific Daylight Time),16
Mon Apr 27 2026 21:45:00 GMT-0700 (Pacific Daylight Time),18
Mon Apr 27 2026 22:00:00 GMT-0700 (Pacific Daylight Time),18
Mon Apr 27 2026 22:15:00 GMT-0700 (Pacific Daylight Time),17
Mon Apr 27 2026 22:30:00 GMT-0700 (Pacific Daylight Time),17
Mon Apr 27 2026 22:45:00 GMT-0700 (Pacific Daylight Time),16
Mon Apr 27 2026 23:00:00 GMT-0700 (Pacific Daylight Time),15
Mon Apr 27 2026 23:15:00 GMT-0700 (Pacific Daylight Time),14
Mon Apr 27 2026 23:30:00 GMT-0700 (Pacific Daylight Time),14
Mon Apr 27 2026 23:45:00 GMT-0700 (Pacific Daylight Time),12
Tue Apr 28 2026 00:00:00 GMT-0700 (Pacific Daylight Time),13
Tue Apr 28 2026 00:15:00 GMT-0700 (Pacific Daylight Time),14
Tue Apr 28 2026 00:30:00 GMT-0700 (Pacific Daylight Time),14
Tue Apr 28 2026 00:45:00 GMT-0700 (Pacific Daylight Time),14
Tue Apr 28 2026 01:00:00 GMT-0700 (Pacific Daylight Time),13
Tue Apr 28 2026 01:15:00 GMT-0700 (Pacific Daylight Time),12
Tue Apr 28 2026 01:30:00 GMT-0700 (Pacific Daylight Time),11
Tue Apr 28 2026 01:45:00 GMT-0700 (Pacific Daylight Time),12
Tue Apr 28 2026 02:00:00 GMT-0700 (Pacific Daylight Time),10
Tue Apr 28 2026 02:15:00 GMT-0700 (Pacific Daylight Time),11
Tue Apr 28 2026 02:30:00 GMT-0700 (Pacific Daylight Time),10
Tue Apr 28 2026 02:45:00 GMT-0700 (Pacific Daylight Time),10
Tue Apr 28 2026 03:00:00 GMT-0700 (Pacific Daylight Time),10
Tue Apr 28 2026 03:15:00 GMT-0700 (Pacific Daylight Time),10
Tue Apr 28 2026 03:30:00 GMT-0700 (Pacific Daylight Time),11
Tue Apr 28 2026 03:45:00 GMT-0700 (Pacific Daylight Time),10
Tue Apr 28 2026 04:00:00 GMT-0700 (Pacific Daylight Time),13
Tue Apr 28 2026 04:15:00 GMT-0700 (Pacific Daylight Time),13
Tue Apr 28 2026 04:30:00 GMT-0700 (Pacific Daylight Time),12
Tue Apr 28 2026 04:45:00 GMT-0700 (Pacific Daylight Time),12
Tue Apr 28 2026 05:00:00 GMT-0700 (Pacific Daylight Time),10
Tue Apr 28 2026 05:15:00 GMT-0700 (Pacific Daylight Time),12
Tue Apr 28 2026 05:30:00 GMT-0700 (Pacific Daylight Time),12
Tue Apr 28 2026 05:45:00 GMT-0700 (Pacific Daylight Time),12
Tue Apr 28 2026 06:00:00 GMT-0700 (Pacific Daylight Time),12
Tue Apr 28 2026 06:15:00 GMT-0700 (Pacific Daylight Time),12
Tue Apr 28 2026 06:30:00 GMT-0700 (Pacific Daylight Time),11
Tue Apr 28 2026 06:45:00 GMT-0700 (Pacific Daylight Time),12
Tue Apr 28 2026 07:00:00 GMT-0700 (Pacific Daylight Time),11
Tue Apr 28 2026 07:15:00 GMT-0700 (Pacific Daylight Time),11
Tue Apr 28 2026 07:30:00 GMT-0700 (Pacific Daylight Time),12
Tue Apr 28 2026 07:45:00 GMT-0700 (Pacific Daylight Time),12
Tue Apr 28 2026 08:00:00 GMT-0700 (Pacific Daylight Time),15
Tue Apr 28 2026 08:15:00 GMT-0700 (Pacific Daylight Time),15
Tue Apr 28 2026 08:30:00 GMT-0700 (Pacific Daylight Time),14
Tue Apr 28 2026 08:45:00 GMT-0700 (Pacific Daylight Time),13
Tue Apr 28 2026 09:00:00 GMT-0700 (Pacific Daylight Time),11
Tue Apr 28 2026 09:15:00 GMT-0700 (Pacific Daylight Time),12
Tue Apr 28 2026 09:30:00 GMT-0700 (Pacific Daylight Time),12
Tue Apr 28 2026 09:45:00 GMT-0700 (Pacific Daylight Time),11
Tue Apr 28 2026 10:00:00 GMT-0700 (Pacific Daylight Time),12
Tue Apr 28 2026 10:15:00 GMT-0700 (Pacific Daylight Time),12
Tue Apr 28 2026 10:30:00 GMT-0700 (Pacific Daylight Time),12
Tue Apr 28 2026 10:45:00 GMT-0700 (Pacific Daylight Time),12
Tue Apr 28 2026 11:00:00 GMT-0700 (Pacific Daylight Time),12
Tue Apr 28 2026 11:15:00 GMT-0700 (Pacific Daylight Time),12
Tue Apr 28 2026 11:30:00 GMT-0700 (Pacific Daylight Time),11
Tue Apr 28 2026 11:45:00 GMT-0700 (Pacific Daylight Time),11
Tue Apr 28 2026 12:00:00 GMT-0700 (Pacific Daylight Time),12
Tue Apr 28 2026 12:15:00 GMT-0700 (Pacific Daylight Time),11
Tue Apr 28 2026 12:30:00 GMT-0700 (Pacific Daylight Time),11
Tue Apr 28 2026 12:45:00 GMT-0700 (Pacific Daylight Time),12
Tue Apr 28 2026 13:00:00 GMT-0700 (Pacific Daylight Time),12
Tue Apr 28 2026 13:15:00 GMT-0700 (Pacific Daylight Time),11
Tue Apr 28 2026 13:30:00 GMT-0700 (Pacific Daylight Time),14
Tue Apr 28 2026 13:45:00 GMT-0700 (Pacific Daylight Time),13
Tue Apr 28 2026 14:00:00 GMT-0700 (Pacific Daylight Time),14
Tue Apr 28 2026 14:15:00 GMT-0700 (Pacific Daylight Time),15
Tue Apr 28 2026 14:30:00 GMT-0700 (Pacific Daylight Time),16
Tue Apr 28 2026 14:45:00 GMT-0700 (Pacific Daylight Time),15
Tue Apr 28 2026 15:00:00 GMT-0700 (Pacific Daylight Time),15
Tue Apr 28 2026 15:15:00 GMT-0700 (Pacific Daylight Time),12
Tue Apr 28 2026 15:30:00 GMT-0700 (Pacific Daylight Time),12
Tue Apr 28 2026 15:45:00 GMT-0700 (Pacific Daylight Time),12
Tue Apr 28 2026 16:00:00 GMT-0700 (Pacific Daylight Time),12
Tue Apr 28 2026 16:15:00 GMT-0700 (Pacific Daylight Time),13
Tue Apr 28 2026 16:30:00 GMT-0700 (Pacific Daylight Time),12
Tue Apr 28 2026 16:45:00 GMT-0700 (Pacific Daylight Time),12
Tue Apr 28 2026 17:00:00 GMT-0700 (Pacific Daylight Time),12
Tue Apr 28 2026 17:15:00 GMT-0700 (Pacific Daylight Time),13
Tue Apr 28 2026 17:30:00 GMT-0700 (Pacific Daylight Time),13
Tue Apr 28 2026 17:45:00 GMT-0700 (Pacific Daylight Time),13
Tue Apr 28 2026 18:00:00 GMT-0700 (Pacific Daylight Time),13
Tue Apr 28 2026 18:15:00 GMT-0700 (Pacific Daylight Time),13
Tue Apr 28 2026 18:30:00 GMT-0700 (Pacific Daylight Time),13
Tue Apr 28 2026 18:45:00 GMT-0700 (Pacific Daylight Time),12
Tue Apr 28 2026 19:00:00 GMT-0700 (Pacific Daylight Time),14
Tue Apr 28 2026 19:15:00 GMT-0700 (Pacific Daylight Time),13
Tue Apr 28 2026 19:30:00 GMT-0700 (Pacific Daylight Time),14
Tue Apr 28 2026 19:45:00 GMT-0700 (Pacific Daylight Time),13
Tue Apr 28 2026 20:00:00 GMT-0700 (Pacific Daylight Time),15
Tue Apr 28 2026 20:15:00 GMT-0700 (Pacific Daylight Time),14
Tue Apr 28 2026 20:30:00 GMT-0700 (Pacific Daylight Time),14
Tue Apr 28 2026 20:45:00 GMT-0700 (Pacific Daylight Time),17
Tue Apr 28 2026 21:00:00 GMT-0700 (Pacific Daylight Time),16
Tue Apr 28 2026 21:15:00 GMT-0700 (Pacific Daylight Time),17
Tue Apr 28 2026 21:30:00 GMT-0700 (Pacific Daylight Time),15
Tue Apr 28 2026 21:45:00 GMT-0700 (Pacific Daylight Time),14
Tue Apr 28 2026 22:00:00 GMT-0700 (Pacific Daylight Time),15
Tue Apr 28 2026 22:15:00 GMT-0700 (Pacific Daylight Time),14
Tue Apr 28 2026 22:30:00 GMT-0700 (Pacific Daylight Time),15
Tue Apr 28 2026 22:45:00 GMT-0700 (Pacific Daylight Time),17
Tue Apr 28 2026 23:00:00 GMT-0700 (Pacific Daylight Time),15
Tue Apr 28 2026 23:15:00 GMT-0700 (Pacific Daylight Time),15
Tue Apr 28 2026 23:30:00 GMT-0700 (Pacific Daylight Time),14
Tue Apr 28 2026 23:45:00 GMT-0700 (Pacific Daylight Time),13
Wed Apr 29 2026 00:00:00 GMT-0700 (Pacific Daylight Time),13
Wed Apr 29 2026 00:15:00 GMT-0700 (Pacific Daylight Time),13
Wed Apr 29 2026 00:30:00 GMT-0700 (Pacific Daylight Time),13
Wed Apr 29 2026 00:45:00 GMT-0700 (Pacific Daylight Time),12
Wed Apr 29 2026 01:00:00 GMT-0700 (Pacific Daylight Time),11
Wed Apr 29 2026 01:15:00 GMT-0700 (Pacific Daylight Time),11
Wed Apr 29 2026 01:30:00 GMT-0700 (Pacific Daylight Time),11
Wed Apr 29 2026 01:45:00 GMT-0700 (Pacific Daylight Time),11
Wed Apr 29 2026 02:00:00 GMT-0700 (Pacific Daylight Time),10
Wed Apr 29 2026 02:15:00 GMT-0700 (Pacific Daylight Time),10
Wed Apr 29 2026 02:30:00 GMT-0700 (Pacific Daylight Time),10
Wed Apr 29 2026 02:45:00 GMT-0700 (Pacific Daylight Time),10
Wed Apr 29 2026 03:00:00 GMT-0700 (Pacific Daylight Time),10
Wed Apr 29 2026 03:15:00 GMT-0700 (Pacific Daylight Time),10
Wed Apr 29 2026 03:30:00 GMT-0700 (Pacific Daylight Time),10
Wed Apr 29 2026 03:45:00 GMT-0700 (Pacific Daylight Time),9
Wed Apr 29 2026 04:00:00 GMT-0700 (Pacific Daylight Time),10
Wed Apr 29 2026 04:15:00 GMT-0700 (Pacific Daylight Time),9
Wed Apr 29 2026 04:30:00 GMT-0700 (Pacific Daylight Time),10
Wed Apr 29 2026 04:45:00 GMT-0700 (Pacific Daylight Time),10
Wed Apr 29 2026 05:00:00 GMT-0700 (Pacific Daylight Time),9
Wed Apr 29 2026 05:15:00 GMT-0700 (Pacific Daylight Time),10
Wed Apr 29 2026 05:30:00 GMT-0700 (Pacific Daylight Time),10
Wed Apr 29 2026 05:45:00 GMT-0700 (Pacific Daylight Time),10
Wed Apr 29 2026 06:00:00 GMT-0700 (Pacific Daylight Time),10
Wed Apr 29 2026 06:15:00 GMT-0700 (Pacific Daylight Time),9
Wed Apr 29 2026 06:30:00 GMT-0700 (Pacific Daylight Time),9
Wed Apr 29 2026 06:45:00 GMT-0700 (Pacific Daylight Time),10
Wed Apr 29 2026 07:00:00 GMT-0700 (Pacific Daylight Time),10
Wed Apr 29 2026 07:15:00 GMT-0700 (Pacific Daylight Time),10
Wed Apr 29 2026 07:30:00 GMT-0700 (Pacific Daylight Time),13
Wed Apr 29 2026 07:45:00 GMT-0700 (Pacific Daylight Time),12
Wed Apr 29 2026 08:00:00 GMT-0700 (Pacific Daylight Time),13
Wed Apr 29 2026 08:15:00 GMT-0700 (Pacific Daylight Time),13
Wed Apr 29 2026 08:30:00 GMT-0700 (Pacific Daylight Time),11
Wed Apr 29 2026 08:45:00 GMT-0700 (Pacific Daylight Time),11
Wed Apr 29 2026 09:00:00 GMT-0700 (Pacific Daylight Time),11
Wed Apr 29 2026 09:15:00 GMT-0700 (Pacific Daylight Time),10
Wed Apr 29 2026 09:30:00 GMT-0700 (Pacific Daylight Time),11
Wed Apr 29 2026 09:45:00 GMT-0700 (Pacific Daylight Time),10
Wed Apr 29 2026 10:00:00 GMT-0700 (Pacific Daylight Time),10
Wed Apr 29 2026 10:15:00 GMT-0700 (Pacific Daylight Time),10
Wed Apr 29 2026 10:30:00 GMT-0700 (Pacific Daylight Time),11
Wed Apr 29 2026 10:45:00 GMT-0700 (Pacific Daylight Time),11
Wed Apr 29 2026 11:00:00 GMT-0700 (Pacific Daylight Time),12
Wed Apr 29 2026 11:15:00 GMT-0700 (Pacific Daylight Time),12
Wed Apr 29 2026 11:30:00 GMT-0700 (Pacific Daylight Time),11
Wed Apr 29 2026 11:45:00 GMT-0700 (Pacific Daylight Time),12
Wed Apr 29 2026 12:00:00 GMT-0700 (Pacific Daylight Time),11
Wed Apr 29 2026 12:15:00 GMT-0700 (Pacific Daylight Time),11
Wed Apr 29 2026 12:30:00 GMT-0700 (Pacific Daylight Time),12
Wed Apr 29 2026 12:45:00 GMT-0700 (Pacific Daylight Time),11
Wed Apr 29 2026 13:00:00 GMT-0700 (Pacific Daylight Time),11
Wed Apr 29 2026 13:15:00 GMT-0700 (Pacific Daylight Time),11
Wed Apr 29 2026 13:30:00 GMT-0700 (Pacific Daylight Time),11
Wed Apr 29 2026 13:45:00 GMT-0700 (Pacific Daylight Time),12
Wed Apr 29 2026 14:00:00 GMT-0700 (Pacific Daylight Time),12
Wed Apr 29 2026 14:15:00 GMT-0700 (Pacific Daylight Time),12
Wed Apr 29 2026 14:30:00 GMT-0700 (Pacific Daylight Time),13
Wed Apr 29 2026 14:45:00 GMT-0700 (Pacific Daylight Time),12
Wed Apr 29 2026 15:00:00 GMT-0700 (Pacific Daylight Time),14
Wed Apr 29 2026 15:15:00 GMT-0700 (Pacific Daylight Time),14
Wed Apr 29 2026 15:30:00 GMT-0700 (Pacific Daylight Time),14
Wed Apr 29 2026 15:45:00 GMT-0700 (Pacific Daylight Time),14
Wed Apr 29 2026 16:00:00 GMT-0700 (Pacific Daylight Time),14
Wed Apr 29 2026 16:15:00 GMT-0700 (Pacific Daylight Time),15
Wed Apr 29 2026 16:30:00 GMT-0700 (Pacific Daylight Time),15
Wed Apr 29 2026 16:45:00 GMT-0700 (Pacific Daylight Time),15
Wed Apr 29 2026 17:00:00 GMT-0700 (Pacific Daylight Time),13
Wed Apr 29 2026 17:15:00 GMT-0700 (Pacific Daylight Time),13
Wed Apr 29 2026 17:30:00 GMT-0700 (Pacific Daylight Time),13
Wed Apr 29 2026 17:45:00 GMT-0700 (Pacific Daylight Time),13
Wed Apr 29 2026 18:00:00 GMT-0700 (Pacific Daylight Time),14
Wed Apr 29 2026 18:15:00 GMT-0700 (Pacific Daylight Time),15
Wed Apr 29 2026 18:30:00 GMT-0700 (Pacific Daylight Time),15
Wed Apr 29 2026 18:45:00 GMT-0700 (Pacific Daylight Time),15
Wed Apr 29 2026 19:00:00 GMT-0700 (Pacific Daylight Time),16
Wed Apr 29 2026 19:15:00 GMT-0700 (Pacific Daylight Time),17
Wed Apr 29 2026 19:30:00 GMT-0700 (Pacific Daylight Time),18
Wed Apr 29 2026 19:45:00 GMT-0700 (Pacific Daylight Time),18
Wed Apr 29 2026 20:00:00 GMT-0700 (Pacific Daylight Time),15
Wed Apr 29 2026 20:15:00 GMT-0700 (Pacific Daylight Time),14
Wed Apr 29 2026 20:30:00 GMT-0700 (Pacific Daylight Time),15
Wed Apr 29 2026 20:45:00 GMT-0700 (Pacific Daylight Time),16
Wed Apr 29 2026 21:00:00 GMT-0700 (Pacific Daylight Time),16
Wed Apr 29 2026 21:15:00 GMT-0700 (Pacific Daylight Time),17
Wed Apr 29 2026 21:30:00 GMT-0700 (Pacific Daylight Time),15
Wed Apr 29 2026 21:45:00 GMT-0700 (Pacific Daylight Time),16
Wed Apr 29 2026 22:00:00 GMT-0700 (Pacific Daylight Time),15
Wed Apr 29 2026 22:15:00 GMT-0700 (Pacific Daylight Time),16
Wed Apr 29 2026 22:30:00 GMT-0700 (Pacific Daylight Time),15
Wed Apr 29 2026 22:45:00 GMT-0700 (Pacific Daylight Time),14
Wed Apr 29 2026 23:00:00 GMT-0700 (Pacific Daylight Time),14
Wed Apr 29 2026 23:15:00 GMT-0700 (Pacific Daylight Time),13
Wed Apr 29 2026 23:30:00 GMT-0700 (Pacific Daylight Time),16
Wed Apr 29 2026 23:45:00 GMT-0700 (Pacific Daylight Time),15
Thu Apr 30 2026 00:00:00 GMT-0700 (Pacific Daylight Time),16
Thu Apr 30 2026 00:15:00 GMT-0700 (Pacific Daylight Time),15
Thu Apr 30 2026 00:30:00 GMT-0700 (Pacific Daylight Time),14
Thu Apr 30 2026 00:45:00 GMT-0700 (Pacific Daylight Time),12
Thu Apr 30 2026 01:00:00 GMT-0700 (Pacific Daylight Time),12
Thu Apr 30 2026 01:15:00 GMT-0700 (Pacific Daylight Time),12
Thu Apr 30 2026 01:30:00 GMT-0700 (Pacific Daylight Time),12
Thu Apr 30 2026 01:45:00 GMT-0700 (Pacific Daylight Time),11
Thu Apr 30 2026 02:00:00 GMT-0700 (Pacific Daylight Time),11
Thu Apr 30 2026 02:15:00 GMT-0700 (Pacific Daylight Time),11
Thu Apr 30 2026 02:30:00 GMT-0700 (Pacific Daylight Time),10
Thu Apr 30 2026 02:45:00 GMT-0700 (Pacific Daylight Time),11
Thu Apr 30 2026 03:00:00 GMT-0700 (Pacific Daylight Time),11
Thu Apr 30 2026 03:15:00 GMT-0700 (Pacific Daylight Time),10
Thu Apr 30 2026 03:30:00 GMT-0700 (Pacific Daylight Time),11
Thu Apr 30 2026 03:45:00 GMT-0700 (Pacific Daylight Time),10
Thu Apr 30 2026 04:00:00 GMT-0700 (Pacific Daylight Time),10
Thu Apr 30 2026 04:15:00 GMT-0700 (Pacific Daylight Time),10
Thu Apr 30 2026 04:30:00 GMT-0700 (Pacific Daylight Time),10
Thu Apr 30 2026 04:45:00 GMT-0700 (Pacific Daylight Time),9
Thu Apr 30 2026 05:00:00 GMT-0700 (Pacific Daylight Time),10
Thu Apr 30 2026 05:15:00 GMT-0700 (Pacific Daylight Time),9
Thu Apr 30 2026 05:30:00 GMT-0700 (Pacific Daylight Time),11
Thu Apr 30 2026 05:45:00 GMT-0700 (Pacific Daylight Time),10
Thu Apr 30 2026 06:00:00 GMT-0700 (Pacific Daylight Time),10
Thu Apr 30 2026 06:15:00 GMT-0700 (Pacific Daylight Time),9
Thu Apr 30 2026 06:30:00 GMT-0700 (Pacific Daylight Time),9
Thu Apr 30 2026 06:45:00 GMT-0700 (Pacific Daylight Time),10
Thu Apr 30 2026 07:00:00 GMT-0700 (Pacific Daylight Time),9
Thu Apr 30 2026 07:15:00 GMT-0700 (Pacific Daylight Time),9
Thu Apr 30 2026 07:30:00 GMT-0700 (Pacific Daylight Time),10
Thu Apr 30 2026 07:45:00 GMT-0700 (Pacific Daylight Time),10
Thu Apr 30 2026 08:00:00 GMT-0700 (Pacific Daylight Time),11
Thu Apr 30 2026 08:15:00 GMT-0700 (Pacific Daylight Time),11
Thu Apr 30 2026 08:30:00 GMT-0700 (Pacific Daylight Time),11
Thu Apr 30 2026 08:45:00 GMT-0700 (Pacific Daylight Time),12
Thu Apr 30 2026 09:00:00 GMT-0700 (Pacific Daylight Time),12
Thu Apr 30 2026 09:15:00 GMT-0700 (Pacific Daylight Time),12
Thu Apr 30 2026 09:30:00 GMT-0700 (Pacific Daylight Time),11
Thu Apr 30 2026 09:45:00 GMT-0700 (Pacific Daylight Time),13
Thu Apr 30 2026 10:00:00 GMT-0700 (Pacific Daylight Time),12
Thu Apr 30 2026 10:15:00 GMT-0700 (Pacific Daylight Time),13
Thu Apr 30 2026 10:30:00 GMT-0700 (Pacific Daylight Time),13
Thu Apr 30 2026 10:45:00 GMT-0700 (Pacific Daylight Time),12
Thu Apr 30 2026 11:00:00 GMT-0700 (Pacific Daylight Time),11
Thu Apr 30 2026 11:15:00 GMT-0700 (Pacific Daylight Time),10
Thu Apr 30 2026 11:30:00 GMT-0700 (Pacific Daylight Time),11
Thu Apr 30 2026 11:45:00 GMT-0700 (Pacific Daylight Time),12
Thu Apr 30 2026 12:00:00 GMT-0700 (Pacific Daylight Time),12
Thu Apr 30 2026 12:15:00 GMT-0700 (Pacific Daylight Time),14
Thu Apr 30 2026 12:30:00 GMT-0700 (Pacific Daylight Time),16
Thu Apr 30 2026 12:45:00 GMT-0700 (Pacific Daylight Time),16
Thu Apr 30 2026 13:00:00 GMT-0700 (Pacific Daylight Time),14
Thu Apr 30 2026 13:15:00 GMT-0700 (Pacific Daylight Time),11
Thu Apr 30 2026 13:30:00 GMT-0700 (Pacific Daylight Time),12
Thu Apr 30 2026 13:45:00 GMT-0700 (Pacific Daylight Time),11
Thu Apr 30 2026 14:00:00 GMT-0700 (Pacific Daylight Time),11
Thu Apr 30 2026 14:15:00 GMT-0700 (Pacific Daylight Time),12
Thu Apr 30 2026 14:30:00 GMT-0700 (Pacific Daylight Time),12
Thu Apr 30 2026 14:45:00 GMT-0700 (Pacific Daylight Time),12
Thu Apr 30 2026 15:00:00 GMT-0700 (Pacific Daylight Time),13
Thu Apr 30 2026 15:15:00 GMT-0700 (Pacific Daylight Time),12
Thu Apr 30 2026 15:30:00 GMT-0700 (Pacific Daylight Time),13
Thu Apr 30 2026 15:45:00 GMT-0700 (Pacific Daylight Time),13
Thu Apr 30 2026 16:00:00 GMT-0700 (Pacific Daylight Time),13
Thu Apr 30 2026 16:15:00 GMT-0700 (Pacific Daylight Time),14
Thu Apr 30 2026 16:30:00 GMT-0700 (Pacific Daylight Time),14
Thu Apr 30 2026 16:45:00 GMT-0700 (Pacific Daylight Time),13
Thu Apr 30 2026 17:00:00 GMT-0700 (Pacific Daylight Time),13
Thu Apr 30 2026 17:15:00 GMT-0700 (Pacific Daylight Time),14
Thu Apr 30 2026 17:30:00 GMT-0700 (Pacific Daylight Time),14
Thu Apr 30 2026 17:45:00 GMT-0700 (Pacific Daylight Time),16
Thu Apr 30 2026 18:00:00 GMT-0700 (Pacific Daylight Time),15
Thu Apr 30 2026 18:15:00 GMT-0700 (Pacific Daylight Time),16
Thu Apr 30 2026 18:30:00 GMT-0700 (Pacific Daylight Time),17
Thu Apr 30 2026 18:45:00 GMT-0700 (Pacific Daylight Time),16
Thu Apr 30 2026 19:00:00 GMT-0700 (Pacific Daylight Time),17
Thu Apr 30 2026 19:15:00 GMT-0700 (Pacific Daylight Time),15
Thu Apr 30 2026 19:30:00 GMT-0700 (Pacific Daylight Time),15
Thu Apr 30 2026 19:45:00 GMT-0700 (Pacific Daylight Time),16
Thu Apr 30 2026 20:00:00 GMT-0700 (Pacific Daylight Time),14
Thu Apr 30 2026 20:15:00 GMT-0700 (Pacific Daylight Time),18
Thu Apr 30 2026 20:30:00 GMT-0700 (Pacific Daylight Time),17
Thu Apr 30 2026 20:45:00 GMT-0700 (Pacific Daylight Time),17
Thu Apr 30 2026 21:00:00 GMT-0700 (Pacific Daylight Time),16
Thu Apr 30 2026 21:15:00 GMT-0700 (Pacific Daylight Time),15
Thu Apr 30 2026 21:30:00 GMT-0700 (Pacific Daylight Time),14
Thu Apr 30 2026 21:45:00 GMT-0700 (Pacific Daylight Time),15
Thu Apr 30 2026 22:00:00 GMT-0700 (Pacific Daylight Time),15
Thu Apr 30 2026 22:15:00 GMT-0700 (Pacific Daylight Time),18
Thu Apr 30 2026 22:30:00 GMT-0700 (Pacific Daylight Time),18
Thu Apr 30 2026 22:45:00 GMT-0700 (Pacific Daylight Time),17
Thu Apr 30 2026 23:00:00 GMT-0700 (Pacific Daylight Time),17
Thu Apr 30 2026 23:15:00 GMT-0700 (Pacific Daylight Time),16
Thu Apr 30 2026 23:30:00 GMT-0700 (Pacific Daylight Time),15
Thu Apr 30 2026 23:45:00 GMT-0700 (Pacific Daylight Time),14
Fri May 01 2026 00:00:00 GMT-0700 (Pacific Daylight Time),13
Fri May 01 2026 00:15:00 GMT-0700 (Pacific Daylight Time),13
Fri May 01 2026 00:30:00 GMT-0700 (Pacific Daylight Time),12
Fri May 01 2026 00:45:00 GMT-0700 (Pacific Daylight Time),12
Fri May 01 2026 01:00:00 GMT-0700 (Pacific Daylight Time),12
Fri May 01 2026 01:15:00 GMT-0700 (Pacific Daylight Time),14
Fri May 01 2026 01:30:00 GMT-0700 (Pacific Daylight Time),13
Fri May 01 2026 01:45:00 GMT-0700 (Pacific Daylight Time),13
Fri May 01 2026 02:00:00 GMT-0700 (Pacific Daylight Time),12
Fri May 01 2026 02:15:00 GMT-0700 (Pacific Daylight Time),11
Fri May 01 2026 02:30:00 GMT-0700 (Pacific Daylight Time),11
Fri May 01 2026 02:45:00 GMT-0700 (Pacific Daylight Time),10
Fri May 01 2026 03:00:00 GMT-0700 (Pacific Daylight Time),11
Fri May 01 2026 03:15:00 GMT-0700 (Pacific Daylight Time),10
Fri May 01 2026 03:30:00 GMT-0700 (Pacific Daylight Time),10
Fri May 01 2026 03:45:00 GMT-0700 (Pacific Daylight Time),11
Fri May 01 2026 04:00:00 GMT-0700 (Pacific Daylight Time),10
Fri May 01 2026 04:15:00 GMT-0700 (Pacific Daylight Time),11
Fri May 01 2026 04:30:00 GMT-0700 (Pacific Daylight Time),10
Fri May 01 2026 04:45:00 GMT-0700 (Pacific Daylight Time),10
Fri May 01 2026 05:00:00 GMT-0700 (Pacific Daylight Time),11
Fri May 01 2026 05:15:00 GMT-0700 (Pacific Daylight Time),10
Fri May 01 2026 05:30:00 GMT-0700 (Pacific Daylight Time),10
Fri May 01 2026 05:45:00 GMT-0700 (Pacific Daylight Time),10
Fri May 01 2026 06:00:00 GMT-0700 (Pacific Daylight Time),10
Fri May 01 2026 06:15:00 GMT-0700 (Pacific Daylight Time),10
Fri May 01 2026 06:30:00 GMT-0700 (Pacific Daylight Time),10
Fri May 01 2026 06:45:00 GMT-0700 (Pacific Daylight Time),10
Fri May 01 2026 07:00:00 GMT-0700 (Pacific Daylight Time),10
Fri May 01 2026 07:15:00 GMT-0700 (Pacific Daylight Time),9
Fri May 01 2026 07:30:00 GMT-0700 (Pacific Daylight Time),10
Fri May 01 2026 07:45:00 GMT-0700 (Pacific Daylight Time),10
Fri May 01 2026 08:00:00 GMT-0700 (Pacific Daylight Time),10
Fri May 01 2026 08:15:00 GMT-0700 (Pacific Daylight Time),10
Fri May 01 2026 08:30:00 GMT-0700 (Pacific Daylight Time),11
Fri May 01 2026 08:45:00 GMT-0700 (Pacific Daylight Time),10
Fri May 01 2026 09:00:00 GMT-0700 (Pacific Daylight Time),11
Fri May 01 2026 09:15:00 GMT-0700 (Pacific Daylight Time),11
Fri May 01 2026 09:30:00 GMT-0700 (Pacific Daylight Time),13
Fri May 01 2026 09:45:00 GMT-0700 (Pacific Daylight Time),12
Fri May 01 2026 10:00:00 GMT-0700 (Pacific Daylight Time),15
Fri May 01 2026 10:15:00 GMT-0700 (Pacific Daylight Time),14
Fri May 01 2026 10:30:00 GMT-0700 (Pacific Daylight Time),14
Fri May 01 2026 10:45:00 GMT-0700 (Pacific Daylight Time),15
Fri May 01 2026 11:00:00 GMT-0700 (Pacific Daylight Time),15
Fri May 01 2026 11:15:00 GMT-0700 (Pacific Daylight Time),13
Fri May 01 2026 11:30:00 GMT-0700 (Pacific Daylight Time),15
Fri May 01 2026 11:45:00 GMT-0700 (Pacific Daylight Time),14
Fri May 01 2026 12:00:00 GMT-0700 (Pacific Daylight Time),13
Fri May 01 2026 12:15:00 GMT-0700 (Pacific Daylight Time),13
Fri May 01 2026 12:30:00 GMT-0700 (Pacific Daylight Time),14
Fri May 01 2026 12:45:00 GMT-0700 (Pacific Daylight Time),14
Fri May 01 2026 13:00:00 GMT-0700 (Pacific Daylight Time),14
Fri May 01 2026 13:15:00 GMT-0700 (Pacific Daylight Time),13
Fri May 01 2026 13:30:00 GMT-0700 (Pacific Daylight Time),13
Fri May 01 2026 13:45:00 GMT-0700 (Pacific Daylight Time),12
Fri May 01 2026 14:00:00 GMT-0700 (Pacific Daylight Time),12
Fri May 01 2026 14:15:00 GMT-0700 (Pacific Daylight Time),12
Fri May 01 2026 14:30:00 GMT-0700 (Pacific Daylight Time),12
Fri May 01 2026 14:45:00 GMT-0700 (Pacific Daylight Time),12
Fri May 01 2026 15:00:00 GMT-0700 (Pacific Daylight Time),12
Fri May 01 2026 15:15:00 GMT-0700 (Pacific Daylight Time),12
Fri May 01 2026 15:30:00 GMT-0700 (Pacific Daylight Time),12
Fri May 01 2026 15:45:00 GMT-0700 (Pacific Daylight Time),14
Fri May 01 2026 16:00:00 GMT-0700 (Pacific Daylight Time),14
Fri May 01 2026 16:15:00 GMT-0700 (Pacific Daylight Time),15
Fri May 01 2026 16:30:00 GMT-0700 (Pacific Daylight Time),14
Fri May 01 2026 16:45:00 GMT-0700 (Pacific Daylight Time),14
Fri May 01 2026 17:00:00 GMT-0700 (Pacific Daylight Time),13
Fri May 01 2026 17:15:00 GMT-0700 (Pacific Daylight Time),13
Fri May 01 2026 17:30:00 GMT-0700 (Pacific Daylight Time),13
Fri May 01 2026 17:45:00 GMT-0700 (Pacific Daylight Time),14
Fri May 01 2026 18:00:00 GMT-0700 (Pacific Daylight Time),14
Fri May 01 2026 18:15:00 GMT-0700 (Pacific Daylight Time),15
Fri May 01 2026 18:30:00 GMT-0700 (Pacific Daylight Time),15
Fri May 01 2026 18:45:00 GMT-0700 (Pacific Daylight Time),17
Fri May 01 2026 19:00:00 GMT-0700 (Pacific Daylight Time),17
Fri May 01 2026 19:15:00 GMT-0700 (Pacific Daylight Time),18
Fri May 01 2026 19:30:00 GMT-0700 (Pacific Daylight Time),17
Fri May 01 2026 19:45:00 GMT-0700 (Pacific Daylight Time),17
Fri May 01 2026 20:00:00 GMT-0700 (Pacific Daylight Time),15
Fri May 01 2026 20:15:00 GMT-0700 (Pacific Daylight Time),14
Fri May 01 2026 20:30:00 GMT-0700 (Pacific Daylight Time),14
Fri May 01 2026 20:45:00 GMT-0700 (Pacific Daylight Time),14
Fri May 01 2026 21:00:00 GMT-0700 (Pacific Daylight Time),14
Fri May 01 2026 21:15:00 GMT-0700 (Pacific Daylight Time),14
Fri May 01 2026 21:30:00 GMT-0700 (Pacific Daylight Time),18
Fri May 01 2026 21:45:00 GMT-0700 (Pacific Daylight Time),16
Fri May 01 2026 22:00:00 GMT-0700 (Pacific Daylight Time),17
Fri May 01 2026 22:15:00 GMT-0700 (Pacific Daylight Time),16
Fri May 01 2026 22:30:00 GMT-0700 (Pacific Daylight Time),16
Fri May 01 2026 22:45:00 GMT-0700 (Pacific Daylight Time),17
Fri May 01 2026 23:00:00 GMT-0700 (Pacific Daylight Time),17
Fri May 01 2026 23:15:00 GMT-0700 (Pacific Daylight Time),17
Fri May 01 2026 23:30:00 GMT-0700 (Pacific Daylight Time),17
Fri May 01 2026 23:45:00 GMT-0700 (Pacific Daylight Time),17
Sat May 02 2026 00:00:00 GMT-0700 (Pacific Daylight Time),16
Sat May 02 2026 00:15:00 GMT-0700 (Pacific Daylight Time),16
Sat May 02 2026 00:30:00 GMT-0700 (Pacific Daylight Time),14
Sat May 02 2026 00:45:00 GMT-0700 (Pacific Daylight Time),16
Sat May 02 2026 01:00:00 GMT-0700 (Pacific Daylight Time),14
Sat May 02 2026 01:15:00 GMT-0700 (Pacific Daylight Time),14
Sat May 02 2026 01:30:00 GMT-0700 (Pacific Daylight Time),13
Sat May 02 2026 01:45:00 GMT-0700 (Pacific Daylight Time),12
Sat May 02 2026 02:00:00 GMT-0700 (Pacific Daylight Time),12
Sat May 02 2026 02:15:00 GMT-0700 (Pacific Daylight Time),12
Sat May 02 2026 02:30:00 GMT-0700 (Pacific Daylight Time),12
Sat May 02 2026 02:45:00 GMT-0700 (Pacific Daylight Time),11
Sat May 02 2026 03:00:00 GMT-0700 (Pacific Daylight Time),12
Sat May 02 2026 03:15:00 GMT-0700 (Pacific Daylight Time),14
Sat May 02 2026 03:30:00 GMT-0700 (Pacific Daylight Time),13
Sat May 02 2026 03:45:00 GMT-0700 (Pacific Daylight Time),11
Sat May 02 2026 04:00:00 GMT-0700 (Pacific Daylight Time),11
Sat May 02 2026 04:15:00 GMT-0700 (Pacific Daylight Time),10
Sat May 02 2026 04:30:00 GMT-0700 (Pacific Daylight Time),10
Sat May 02 2026 04:45:00 GMT-0700 (Pacific Daylight Time),11
Sat May 02 2026 05:00:00 GMT-0700 (Pacific Daylight Time),10
Sat May 02 2026 05:15:00 GMT-0700 (Pacific Daylight Time),10
Sat May 02 2026 05:30:00 GMT-0700 (Pacific Daylight Time),10
Sat May 02 2026 05:45:00 GMT-0700 (Pacific Daylight Time),10
Sat May 02 2026 06:00:00 GMT-0700 (Pacific Daylight Time),11
Sat May 02 2026 06:15:00 GMT-0700 (Pacific Daylight Time),9
Sat May 02 2026 06:30:00 GMT-0700 (Pacific Daylight Time),10
Sat May 02 2026 06:45:00 GMT-0700 (Pacific Daylight Time),11
Sat May 02 2026 07:00:00 GMT-0700 (Pacific Daylight Time),11
Sat May 02 2026 07:15:00 GMT-0700 (Pacific Daylight Time),11
Sat May 02 2026 07:30:00 GMT-0700 (Pacific Daylight Time),12
Sat May 02 2026 07:45:00 GMT-0700 (Pacific Daylight Time),12
Sat May 02 2026 08:00:00 GMT-0700 (Pacific Daylight Time),12
Sat May 02 2026 08:15:00 GMT-0700 (Pacific Daylight Time),13
Sat May 02 2026 08:30:00 GMT-0700 (Pacific Daylight Time),11
Sat May 02 2026 08:45:00 GMT-0700 (Pacific Daylight Time),13
Sat May 02 2026 09:00:00 GMT-0700 (Pacific Daylight Time),12
Sat May 02 2026 09:15:00 GMT-0700 (Pacific Daylight Time),12
Sat May 02 2026 09:30:00 GMT-0700 (Pacific Daylight Time),12
Sat May 02 2026 09:45:00 GMT-0700 (Pacific Daylight Time),13
Sat May 02 2026 10:00:00 GMT-0700 (Pacific Daylight Time),14
Sat May 02 2026 10:15:00 GMT-0700 (Pacific Daylight Time),12
Sat May 02 2026 10:30:00 GMT-0700 (Pacific Daylight Time),14
Sat May 02 2026 10:45:00 GMT-0700 (Pacific Daylight Time),13
Sat May 02 2026 11:00:00 GMT-0700 (Pacific Daylight Time),14
Sat May 02 2026 11:15:00 GMT-0700 (Pacific Daylight Time),14
Sat May 02 2026 11:30:00 GMT-0700 (Pacific Daylight Time),13
Sat May 02 2026 11:45:00 GMT-0700 (Pacific Daylight Time),12
Sat May 02 2026 12:00:00 GMT-0700 (Pacific Daylight Time),11
Sat May 02 2026 12:15:00 GMT-0700 (Pacific Daylight Time),11
Sat May 02 2026 12:30:00 GMT-0700 (Pacific Daylight Time),11
Sat May 02 2026 12:45:00 GMT-0700 (Pacific Daylight Time),11
Sat May 02 2026 13:00:00 GMT-0700 (Pacific Daylight Time),12
Sat May 02 2026 13:15:00 GMT-0700 (Pacific Daylight Time),13
Sat May 02 2026 13:30:00 GMT-0700 (Pacific Daylight Time),12
Sat May 02 2026 13:45:00 GMT-0700 (Pacific Daylight Time),14
Sat May 02 2026 14:00:00 GMT-0700 (Pacific Daylight Time),13
Sat May 02 2026 14:15:00 GMT-0700 (Pacific Daylight Time),13
Sat May 02 2026 14:30:00 GMT-0700 (Pacific Daylight Time),14
Sat May 02 2026 14:45:00 GMT-0700 (Pacific Daylight Time),13
Sat May 02 2026 15:00:00 GMT-0700 (Pacific Daylight Time),15
Sat May 02 2026 15:15:00 GMT-0700 (Pacific Daylight Time),16
Sat May 02 2026 15:30:00 GMT-0700 (Pacific Daylight Time),13
Sat May 02 2026 15:45:00 GMT-0700 (Pacific Daylight Time),13
Sat May 02 2026 16:00:00 GMT-0700 (Pacific Daylight Time),15
Sat May 02 2026 16:15:00 GMT-0700 (Pacific Daylight Time),15
Sat May 02 2026 16:30:00 GMT-0700 (Pacific Daylight Time),17
Sat May 02 2026 16:45:00 GMT-0700 (Pacific Daylight Time),17
Sat May 02 2026 17:00:00 GMT-0700 (Pacific Daylight Time),14
Sat May 02 2026 17:15:00 GMT-0700 (Pacific Daylight Time),15
Sat May 02 2026 17:30:00 GMT-0700 (Pacific Daylight Time),14
Sat May 02 2026 17:45:00 GMT-0700 (Pacific Daylight Time),12
Sat May 02 2026 18:00:00 GMT-0700 (Pacific Daylight Time),14
Sat May 02 2026 18:15:00 GMT-0700 (Pacific Daylight Time),15
Sat May 02 2026 18:30:00 GMT-0700 (Pacific Daylight Time),17
Sat May 02 2026 18:45:00 GMT-0700 (Pacific Daylight Time),17
Sat May 02 2026 19:00:00 GMT-0700 (Pacific Daylight Time),18
Sat May 02 2026 19:15:00 GMT-0700 (Pacific Daylight Time),16
Sat May 02 2026 19:30:00 GMT-0700 (Pacific Daylight Time),16
Sat May 02 2026 19:45:00 GMT-0700 (Pacific Daylight Time),15
Sat May 02 2026 20:00:00 GMT-0700 (Pacific Daylight Time),15
Sat May 02 2026 20:15:00 GMT-0700 (Pacific Daylight Time),16
Sat May 02 2026 20:30:00 GMT-0700 (Pacific Daylight Time),14
Sat May 02 2026 20:45:00 GMT-0700 (Pacific Daylight Time),16
Sat May 02 2026 21:00:00 GMT-0700 (Pacific Daylight Time),14
Sat May 02 2026 21:15:00 GMT-0700 (Pacific Daylight Time),15
Sat May 02 2026 21:30:00 GMT-0700 (Pacific Daylight Time),15
Sat May 02 2026 21:45:00 GMT-0700 (Pacific Daylight Time),15
Sat May 02 2026 22:00:00 GMT-0700 (Pacific Daylight Time),15
Sat May 02 2026 22:15:00 GMT-0700 (Pacific Daylight Time),17
Sat May 02 2026 22:30:00 GMT-0700 (Pacific Daylight Time),17
Sat May 02 2026 22:45:00 GMT-0700 (Pacific Daylight Time),18
Sat May 02 2026 23:00:00 GMT-0700 (Pacific Daylight Time),20
Sat May 02 2026 23:15:00 GMT-0700 (Pacific Daylight Time),18
Sat May 02 2026 23:30:00 GMT-0700 (Pacific Daylight Time),17
Sat May 02 2026 23:45:00 GMT-0700 (Pacific Daylight Time),16
Sun May 03 2026 00:00:00 GMT-0700 (Pacific Daylight Time),14
Sun May 03 2026 00:15:00 GMT-0700 (Pacific Daylight Time),14
Sun May 03 2026 00:30:00 GMT-0700 (Pacific Daylight Time),13
Sun May 03 2026 00:45:00 GMT-0700 (Pacific Daylight Time),13
Sun May 03 2026 01:00:00 GMT-0700 (Pacific Daylight Time),13
Sun May 03 2026 01:15:00 GMT-0700 (Pacific Daylight Time),16
Sun May 03 2026 01:30:00 GMT-0700 (Pacific Daylight Time),15
Sun May 03 2026 01:45:00 GMT-0700 (Pacific Daylight Time),14
Sun May 03 2026 02:00:00 GMT-0700 (Pacific Daylight Time),13
Sun May 03 2026 02:15:00 GMT-0700 (Pacific Daylight Time),12
Sun May 03 2026 02:30:00 GMT-0700 (Pacific Daylight Time),11
Sun May 03 2026 02:45:00 GMT-0700 (Pacific Daylight Time),11
Sun May 03 2026 03:00:00 GMT-0700 (Pacific Daylight Time),11
Sun May 03 2026 03:15:00 GMT-0700 (Pacific Daylight Time),10
Sun May 03 2026 03:30:00 GMT-0700 (Pacific Daylight Time),11
Sun May 03 2026 03:45:00 GMT-0700 (Pacific Daylight Time),11
Sun May 03 2026 04:00:00 GMT-0700 (Pacific Daylight Time),11
Sun May 03 2026 04:15:00 GMT-0700 (Pacific Daylight Time),10
Sun May 03 2026 04:30:00 GMT-0700 (Pacific Daylight Time),11
Sun May 03 2026 04:45:00 GMT-0700 (Pacific Daylight Time),10
Sun May 03 2026 05:00:00 GMT-0700 (Pacific Daylight Time),10
Sun May 03 2026 05:15:00 GMT-0700 (Pacific Daylight Time),10
Sun May 03 2026 05:30:00 GMT-0700 (Pacific Daylight Time),10
Sun May 03 2026 05:45:00 GMT-0700 (Pacific Daylight Time),10
Sun May 03 2026 06:00:00 GMT-0700 (Pacific Daylight Time),11
Sun May 03 2026 06:15:00 GMT-0700 (Pacific Daylight Time),11
Sun May 03 2026 06:30:00 GMT-0700 (Pacific Daylight Time),11
Sun May 03 2026 06:45:00 GMT-0700 (Pacific Daylight Time),10
Sun May 03 2026 07:00:00 GMT-0700 (Pacific Daylight Time),10
Sun May 03 2026 07:15:00 GMT-0700 (Pacific Daylight Time),9
Sun May 03 2026 07:30:00 GMT-0700 (Pacific Daylight Time),10
Sun May 03 2026 07:45:00 GMT-0700 (Pacific Daylight Time),9
Sun May 03 2026 08:00:00 GMT-0700 (Pacific Daylight Time),10
Sun May 03 2026 08:15:00 GMT-0700 (Pacific Daylight Time),10
Sun May 03 2026 08:30:00 GMT-0700 (Pacific Daylight Time),10
Sun May 03 2026 08:45:00 GMT-0700 (Pacific Daylight Time),11
Sun May 03 2026 09:00:00 GMT-0700 (Pacific Daylight Time),12
Sun May 03 2026 09:15:00 GMT-0700 (Pacific Daylight Time),13
Sun May 03 2026 09:30:00 GMT-0700 (Pacific Daylight Time),13
Sun May 03 2026 09:45:00 GMT-0700 (Pacific Daylight Time),16
Sun May 03 2026 10:00:00 GMT-0700 (Pacific Daylight Time),15
Sun May 03 2026 10:15:00 GMT-0700 (Pacific Daylight Time),14
Sun May 03 2026 10:30:00 GMT-0700 (Pacific Daylight Time),14
Sun May 03 2026 10:45:00 GMT-0700 (Pacific Daylight Time),15
Sun May 03 2026 11:00:00 GMT-0700 (Pacific Daylight Time),15
Sun May 03 2026 11:15:00 GMT-0700 (Pacific Daylight Time),15
Sun May 03 2026 11:30:00 GMT-0700 (Pacific Daylight Time),16
Sun May 03 2026 11:45:00 GMT-0700 (Pacific Daylight Time),14
Sun May 03 2026 12:00:00 GMT-0700 (Pacific Daylight Time),14
Sun May 03 2026 12:15:00 GMT-0700 (Pacific Daylight Time),17
Sun May 03 2026 12:30:00 GMT-0700 (Pacific Daylight Time),14
Sun May 03 2026 12:45:00 GMT-0700 (Pacific Daylight Time),15
Sun May 03 2026 13:00:00 GMT-0700 (Pacific Daylight Time),13
Sun May 03 2026 13:15:00 GMT-0700 (Pacific Daylight Time),12
Sun May 03 2026 13:30:00 GMT-0700 (Pacific Daylight Time),13
Sun May 03 2026 13:45:00 GMT-0700 (Pacific Daylight Time),13
Sun May 03 2026 14:00:00 GMT-0700 (Pacific Daylight Time),14
Sun May 03 2026 14:15:00 GMT-0700 (Pacific Daylight Time),15
Sun May 03 2026 14:30:00 GMT-0700 (Pacific Daylight Time),14
Sun May 03 2026 14:45:00 GMT-0700 (Pacific Daylight Time),14
Sun May 03 2026 15:00:00 GMT-0700 (Pacific Daylight Time),13
Sun May 03 2026 15:15:00 GMT-0700 (Pacific Daylight Time),13
Sun May 03 2026 15:30:00 GMT-0700 (Pacific Daylight Time),13
Sun May 03 2026 15:45:00 GMT-0700 (Pacific Daylight Time),13
Sun May 03 2026 16:00:00 GMT-0700 (Pacific Daylight Time),12
Sun May 03 2026 16:15:00 GMT-0700 (Pacific Daylight Time),13
Sun May 03 2026 16:30:00 GMT-0700 (Pacific Daylight Time),17
Sun May 03 2026 16:45:00 GMT-0700 (Pacific Daylight Time),17
Sun May 03 2026 17:00:00 GMT-0700 (Pacific Daylight Time),16
Sun May 03 2026 17:15:00 GMT-0700 (Pacific Daylight Time),16
Sun May 03 2026 17:30:00 GMT-0700 (Pacific Daylight Time),15
Sun May 03 2026 17:45:00 GMT-0700 (Pacific Daylight Time),14
Sun May 03 2026 18:00:00 GMT-0700 (Pacific Daylight Time),13
Sun May 03 2026 18:15:00 GMT-0700 (Pacific Daylight Time),15
Sun May 03 2026 18:30:00 GMT-0700 (Pacific Daylight Time),15
Sun May 03 2026 18:45:00 GMT-0700 (Pacific Daylight Time),14
Sun May 03 2026 19:00:00 GMT-0700 (Pacific Daylight Time),14
Sun May 03 2026 19:15:00 GMT-0700 (Pacific Daylight Time),15
Sun May 03 2026 19:30:00 GMT-0700 (Pacific Daylight Time),15
Sun May 03 2026 19:45:00 GMT-0700 (Pacific Daylight Time),15
Sun May 03 2026 20:00:00 GMT-0700 (Pacific Daylight Time),15
Sun May 03 2026 20:15:00 GMT-0700 (Pacific Daylight Time),14
Sun May 03 2026 20:30:00 GMT-0700 (Pacific Daylight Time),14
Sun May 03 2026 20:45:00 GMT-0700 (Pacific Daylight Time),15
Sun May 03 2026 21:00:00 GMT-0700 (Pacific Daylight Time),16
Sun May 03 2026 21:15:00 GMT-0700 (Pacific Daylight Time),17
Sun May 03 2026 21:30:00 GMT-0700 (Pacific Daylight Time),20
Sun May 03 2026 21:45:00 GMT-0700 (Pacific Daylight Time),20
Sun May 03 2026 22:00:00 GMT-0700 (Pacific Daylight Time),18
Sun May 03 2026 22:15:00 GMT-0700 (Pacific Daylight Time),17
Sun May 03 2026 22:30:00 GMT-0700 (Pacific Daylight Time),15
Sun May 03 2026 22:45:00 GMT-0700 (Pacific Daylight Time),16
Sun May 03 2026 23:00:00 GMT-0700 (Pacific Daylight Time),17
Sun May 03 2026 23:15:00 GMT-0700 (Pacific Daylight Time),16
Sun May 03 2026 23:30:00 GMT-0700 (Pacific Daylight Time),15
Sun May 03 2026 23:45:00 GMT-0700 (Pacific Daylight Time),19
Mon May 04 2026 00:00:00 GMT-0700 (Pacific Daylight Time),18
Mon May 04 2026 00:15:00 GMT-0700 (Pacific Daylight Time),20
Mon May 04 2026 00:30:00 GMT-0700 (Pacific Daylight Time),18
Mon May 04 2026 00:45:00 GMT-0700 (Pacific Daylight Time),15
Mon May 04 2026 01:00:00 GMT-0700 (Pacific Daylight Time),13
Mon May 04 2026 01:15:00 GMT-0700 (Pacific Daylight Time),12
Mon May 04 2026 01:30:00 GMT-0700 (Pacific Daylight Time),11
Mon May 04 2026 01:45:00 GMT-0700 (Pacific Daylight Time),11
Mon May 04 2026 02:00:00 GMT-0700 (Pacific Daylight Time),12
Mon May 04 2026 02:15:00 GMT-0700 (Pacific Daylight Time),11
Mon May 04 2026 02:30:00 GMT-0700 (Pacific Daylight Time),11
Mon May 04 2026 02:45:00 GMT-0700 (Pacific Daylight Time),11
Mon May 04 2026 03:00:00 GMT-0700 (Pacific Daylight Time),12
Mon May 04 2026 03:15:00 GMT-0700 (Pacific Daylight Time),12
Mon May 04 2026 03:30:00 GMT-0700 (Pacific Daylight Time),11
Mon May 04 2026 03:45:00 GMT-0700 (Pacific Daylight Time),10
Mon May 04 2026 04:00:00 GMT-0700 (Pacific Daylight Time),10
Mon May 04 2026 04:15:00 GMT-0700 (Pacific Daylight Time),11
Mon May 04 2026 04:30:00 GMT-0700 (Pacific Daylight Time),10
Mon May 04 2026 04:45:00 GMT-0700 (Pacific Daylight Time),11
Mon May 04 2026 05:00:00 GMT-0700 (Pacific Daylight Time),11
Mon May 04 2026 05:15:00 GMT-0700 (Pacific Daylight Time),10
Mon May 04 2026 05:30:00 GMT-0700 (Pacific Daylight Time),11
Mon May 04 2026 05:45:00 GMT-0700 (Pacific Daylight Time),10
Mon May 04 2026 06:00:00 GMT-0700 (Pacific Daylight Time),11
Mon May 04 2026 06:15:00 GMT-0700 (Pacific Daylight Time),11
Mon May 04 2026 06:30:00 GMT-0700 (Pacific Daylight Time),13
Mon May 04 2026 06:45:00 GMT-0700 (Pacific Daylight Time),13
Mon May 04 2026 07:00:00 GMT-0700 (Pacific Daylight Time),12
Mon May 04 2026 07:15:00 GMT-0700 (Pacific Daylight Time),11
Mon May 04 2026 07:30:00 GMT-0700 (Pacific Daylight Time),11
Mon May 04 2026 07:45:00 GMT-0700 (Pacific Daylight Time),12
Mon May 04 2026 08:00:00 GMT-0700 (Pacific Daylight Time),12
Mon May 04 2026 08:15:00 GMT-0700 (Pacific Daylight Time),12
Mon May 04 2026 08:30:00 GMT-0700 (Pacific Daylight Time),12
Mon May 04 2026 08:45:00 GMT-0700 (Pacific Daylight Time),11
Mon May 04 2026 09:00:00 GMT-0700 (Pacific Daylight Time),10
Mon May 04 2026 09:15:00 GMT-0700 (Pacific Daylight Time),11
Mon May 04 2026 09:30:00 GMT-0700 (Pacific Daylight Time),12
Mon May 04 2026 09:45:00 GMT-0700 (Pacific Daylight Time),13
Mon May 04 2026 10:00:00 GMT-0700 (Pacific Daylight Time),13
Mon May 04 2026 10:15:00 GMT-0700 (Pacific Daylight Time),13
Mon May 04 2026 10:30:00 GMT-0700 (Pacific Daylight Time),12
Mon May 04 2026 10:45:00 GMT-0700 (Pacific Daylight Time),13
Mon May 04 2026 11:00:00 GMT-0700 (Pacific Daylight Time),14
Mon May 04 2026 11:15:00 GMT-0700 (Pacific Daylight Time),14
Mon May 04 2026 11:30:00 GMT-0700 (Pacific Daylight Time),15
Mon May 04 2026 11:45:00 GMT-0700 (Pacific Daylight Time),13
Mon May 04 2026 12:00:00 GMT-0700 (Pacific Daylight Time),12
Mon May 04 2026 12:15:00 GMT-0700 (Pacific Daylight Time),13
Mon May 04 2026 12:30:00 GMT-0700 (Pacific Daylight Time),13
Mon May 04 2026 12:45:00 GMT-0700 (Pacific Daylight Time),12
Mon May 04 2026 13:00:00 GMT-0700 (Pacific Daylight Time),13
Mon May 04 2026 13:15:00 GMT-0700 (Pacific Daylight Time),13
Mon May 04 2026 13:30:00 GMT-0700 (Pacific Daylight Time),13
Mon May 04 2026 13:45:00 GMT-0700 (Pacific Daylight Time),14
Mon May 04 2026 14:00:00 GMT-0700 (Pacific Daylight Time),15
Mon May 04 2026 14:15:00 GMT-0700 (Pacific Daylight Time),17
Mon May 04 2026 14:30:00 GMT-0700 (Pacific Daylight Time),16
Mon May 04 2026 14:45:00 GMT-0700 (Pacific Daylight Time),14
Mon May 04 2026 15:00:00 GMT-0700 (Pacific Daylight Time),15
Mon May 04 2026 15:15:00 GMT-0700 (Pacific Daylight Time),13
Mon May 04 2026 15:30:00 GMT-0700 (Pacific Daylight Time),13
Mon May 04 2026 15:45:00 GMT-0700 (Pacific Daylight Time),16
Mon May 04 2026 16:00:00 GMT-0700 (Pacific Daylight Time),17
Mon May 04 2026 16:15:00 GMT-0700 (Pacific Daylight Time),17
Mon May 04 2026 16:30:00 GMT-0700 (Pacific Daylight Time),14
Mon May 04 2026 16:45:00 GMT-0700 (Pacific Daylight Time),15
Mon May 04 2026 17:00:00 GMT-0700 (Pacific Daylight Time),14
Mon May 04 2026 17:15:00 GMT-0700 (Pacific Daylight Time),15
Mon May 04 2026 17:30:00 GMT-0700 (Pacific Daylight Time),15
Mon May 04 2026 17:45:00 GMT-0700 (Pacific Daylight Time),14
Mon May 04 2026 18:00:00 GMT-0700 (Pacific Daylight Time),15
Mon May 04 2026 18:15:00 GMT-0700 (Pacific Daylight Time),16
Mon May 04 2026 18:30:00 GMT-0700 (Pacific Daylight Time),14
Mon May 04 2026 18:45:00 GMT-0700 (Pacific Daylight Time),15
Mon May 04 2026 19:00:00 GMT-0700 (Pacific Daylight Time),15
Mon May 04 2026 19:15:00 GMT-0700 (Pacific Daylight Time),15
Mon May 04 2026 19:30:00 GMT-0700 (Pacific Daylight Time),14
Mon May 04 2026 19:45:00 GMT-0700 (Pacific Daylight Time),15
Mon May 04 2026 20:00:00 GMT-0700 (Pacific Daylight Time),15
Mon May 04 2026 20:15:00 GMT-0700 (Pacific Daylight Time),14
Mon May 04 2026 20:30:00 GMT-0700 (Pacific Daylight Time),16
Mon May 04 2026 20:45:00 GMT-0700 (Pacific Daylight Time),16
Mon May 04 2026 21:00:00 GMT-0700 (Pacific Daylight Time),17
Mon May 04 2026 21:15:00 GMT-0700 (Pacific Daylight Time),19
Mon May 04 2026 21:30:00 GMT-0700 (Pacific Daylight Time),17
Mon May 04 2026 21:45:00 GMT-0700 (Pacific Daylight Time),18
Mon May 04 2026 22:00:00 GMT-0700 (Pacific Daylight Time),17
Mon May 04 2026 22:15:00 GMT-0700 (Pacific Daylight Time),17
Mon May 04 2026 22:30:00 GMT-0700 (Pacific Daylight Time),18
Mon May 04 2026 22:45:00 GMT-0700 (Pacific Daylight Time),18
Mon May 04 2026 23:00:00 GMT-0700 (Pacific Daylight Time),19
Mon May 04 2026 23:15:00 GMT-0700 (Pacific Daylight Time),18
Mon May 04 2026 23:30:00 GMT-0700 (Pacific Daylight Time),16
Mon May 04 2026 23:45:00 GMT-0700 (Pacific Daylight Time),15
Tue May 05 2026 00:00:00 GMT-0700 (Pacific Daylight Time),14
Tue May 05 2026 00:15:00 GMT-0700 (Pacific Daylight Time),13
Tue May 05 2026 00:30:00 GMT-0700 (Pacific Daylight Time),13
Tue May 05 2026 00:45:00 GMT-0700 (Pacific Daylight Time),12
Tue May 05 2026 01:00:00 GMT-0700 (Pacific Daylight Time),12
Tue May 05 2026 01:15:00 GMT-0700 (Pacific Daylight Time),13
Tue May 05 2026 01:30:00 GMT-0700 (Pacific Daylight Time),13
Tue May 05 2026 01:45:00 GMT-0700 (Pacific Daylight Time),14
Tue May 05 2026 02:00:00 GMT-0700 (Pacific Daylight Time),12
Tue May 05 2026 02:15:00 GMT-0700 (Pacific Daylight Time),12
Tue May 05 2026 02:30:00 GMT-0700 (Pacific Daylight Time),10
Tue May 05 2026 02:45:00 GMT-0700 (Pacific Daylight Time),11
Tue May 05 2026 03:00:00 GMT-0700 (Pacific Daylight Time),10
Tue May 05 2026 03:15:00 GMT-0700 (Pacific Daylight Time),10
Tue May 05 2026 03:30:00 GMT-0700 (Pacific Daylight Time),11
Tue May 05 2026 03:45:00 GMT-0700 (Pacific Daylight Time),10
Tue May 05 2026 04:00:00 GMT-0700 (Pacific Daylight Time),11
Tue May 05 2026 04:15:00 GMT-0700 (Pacific Daylight Time),10
Tue May 05 2026 04:30:00 GMT-0700 (Pacific Daylight Time),11
Tue May 05 2026 04:45:00 GMT-0700 (Pacific Daylight Time),10
Tue May 05 2026 05:00:00 GMT-0700 (Pacific Daylight Time),10
Tue May 05 2026 05:15:00 GMT-0700 (Pacific Daylight Time),10
Tue May 05 2026 05:30:00 GMT-0700 (Pacific Daylight Time),10
Tue May 05 2026 05:45:00 GMT-0700 (Pacific Daylight Time),10
Tue May 05 2026 06:00:00 GMT-0700 (Pacific Daylight Time),11
Tue May 05 2026 06:15:00 GMT-0700 (Pacific Daylight Time),9
Tue May 05 2026 06:30:00 GMT-0700 (Pacific Daylight Time),10
Tue May 05 2026 06:45:00 GMT-0700 (Pacific Daylight Time),10
Tue May 05 2026 07:00:00 GMT-0700 (Pacific Daylight Time),10
Tue May 05 2026 07:15:00 GMT-0700 (Pacific Daylight Time),11
Tue May 05 2026 07:30:00 GMT-0700 (Pacific Daylight Time),11
Tue May 05 2026 07:45:00 GMT-0700 (Pacific Daylight Time),13
Tue May 05 2026 08:00:00 GMT-0700 (Pacific Daylight Time),13
Tue May 05 2026 08:15:00 GMT-0700 (Pacific Daylight Time),13
Tue May 05 2026 08:30:00 GMT-0700 (Pacific Daylight Time),12
Tue May 05 2026 08:45:00 GMT-0700 (Pacific Daylight Time),11
Tue May 05 2026 09:00:00 GMT-0700 (Pacific Daylight Time),11
Tue May 05 2026 09:15:00 GMT-0700 (Pacific Daylight Time),11
Tue May 05 2026 09:30:00 GMT-0700 (Pacific Daylight Time),11
Tue May 05 2026 09:45:00 GMT-0700 (Pacific Daylight Time),11
Tue May 05 2026 10:00:00 GMT-0700 (Pacific Daylight Time),11
Tue May 05 2026 10:15:00 GMT-0700 (Pacific Daylight Time),11
Tue May 05 2026 10:30:00 GMT-0700 (Pacific Daylight Time),13
Tue May 05 2026 10:45:00 GMT-0700 (Pacific Daylight Time),14
Tue May 05 2026 11:00:00 GMT-0700 (Pacific Daylight Time),14
Tue May 05 2026 11:15:00 GMT-0700 (Pacific Daylight Time),14
Tue May 05 2026 11:30:00 GMT-0700 (Pacific Daylight Time),12
Tue May 05 2026 11:45:00 GMT-0700 (Pacific Daylight Time),11
Tue May 05 2026 12:00:00 GMT-0700 (Pacific Daylight Time),12
Tue May 05 2026 12:15:00 GMT-0700 (Pacific Daylight Time),12
Tue May 05 2026 12:30:00 GMT-0700 (Pacific Daylight Time),12
Tue May 05 2026 12:45:00 GMT-0700 (Pacific Daylight Time),12
Tue May 05 2026 13:00:00 GMT-0700 (Pacific Daylight Time),11
Tue May 05 2026 13:15:00 GMT-0700 (Pacific Daylight Time),12
Tue May 05 2026 13:30:00 GMT-0700 (Pacific Daylight Time),12
Tue May 05 2026 13:45:00 GMT-0700 (Pacific Daylight Time),13
Tue May 05 2026 14:00:00 GMT-0700 (Pacific Daylight Time),14
Tue May 05 2026 14:15:00 GMT-0700 (Pacific Daylight Time),13
Tue May 05 2026 14:30:00 GMT-0700 (Pacific Daylight Time),15
Tue May 05 2026 14:45:00 GMT-0700 (Pacific Daylight Time),14
Tue May 05 2026 15:00:00 GMT-0700 (Pacific Daylight Time),13
Tue May 05 2026 15:15:00 GMT-0700 (Pacific Daylight Time),13
Tue May 05 2026 15:30:00 GMT-0700 (Pacific Daylight Time),13
Tue May 05 2026 15:45:00 GMT-0700 (Pacific Daylight Time),12
Tue May 05 2026 16:00:00 GMT-0700 (Pacific Daylight Time),13
Tue May 05 2026 16:15:00 GMT-0700 (Pacific Daylight Time),12
Tue May 05 2026 16:30:00 GMT-0700 (Pacific Daylight Time),12
Tue May 05 2026 16:45:00 GMT-0700 (Pacific Daylight Time),13
Tue May 05 2026 17:00:00 GMT-0700 (Pacific Daylight Time),13
Tue May 05 2026 17:15:00 GMT-0700 (Pacific Daylight Time),14
Tue May 05 2026 17:30:00 GMT-0700 (Pacific Daylight Time),15
Tue May 05 2026 17:45:00 GMT-0700 (Pacific Daylight Time),15
Tue May 05 2026 18:00:00 GMT-0700 (Pacific Daylight Time),16
Tue May 05 2026 18:15:00 GMT-0700 (Pacific Daylight Time),17
Tue May 05 2026 18:30:00 GMT-0700 (Pacific Daylight Time),16
Tue May 05 2026 18:45:00 GMT-0700 (Pacific Daylight Time),16
Tue May 05 2026 19:00:00 GMT-0700 (Pacific Daylight Time),16
Tue May 05 2026 19:15:00 GMT-0700 (Pacific Daylight Time),15
Tue May 05 2026 19:30:00 GMT-0700 (Pacific Daylight Time),15
Tue May 05 2026 19:45:00 GMT-0700 (Pacific Daylight Time),14
Tue May 05 2026 20:00:00 GMT-0700 (Pacific Daylight Time),14
Tue May 05 2026 20:15:00 GMT-0700 (Pacific Daylight Time),14
Tue May 05 2026 20:30:00 GMT-0700 (Pacific Daylight Time),15
Tue May 05 2026 20:45:00 GMT-0700 (Pacific Daylight Time),15
Tue May 05 2026 21:00:00 GMT-0700 (Pacific Daylight Time),16
Tue May 05 2026 21:15:00 GMT-0700 (Pacific Daylight Time),15
Tue May 05 2026 21:30:00 GMT-0700 (Pacific Daylight Time),17
Tue May 05 2026 21:45:00 GMT-0700 (Pacific Daylight Time),18
Tue May 05 2026 22:00:00 GMT-0700 (Pacific Daylight Time),18
Tue May 05 2026 22:15:00 GMT-0700 (Pacific Daylight Time),18
Tue May 05 2026 22:30:00 GMT-0700 (Pacific Daylight Time),17
Tue May 05 2026 22:45:00 GMT-0700 (Pacific Daylight Time),18
Tue May 05 2026 23:00:00 GMT-0700 (Pacific Daylight Time),17
Tue May 05 2026 23:15:00 GMT-0700 (Pacific Daylight Time),15
Tue May 05 2026 23:30:00 GMT-0700 (Pacific Daylight Time),13
Tue May 05 2026 23:45:00 GMT-0700 (Pacific Daylight Time),14
Wed May 06 2026 00:00:00 GMT-0700 (Pacific Daylight Time),13
Wed May 06 2026 00:15:00 GMT-0700 (Pacific Daylight Time),13
Wed May 06 2026 00:30:00 GMT-0700 (Pacific Daylight Time),13
Wed May 06 2026 00:45:00 GMT-0700 (Pacific Daylight Time),12
Wed May 06 2026 01:00:00 GMT-0700 (Pacific Daylight Time),12
Wed May 06 2026 01:15:00 GMT-0700 (Pacific Daylight Time),12
Wed May 06 2026 01:30:00 GMT-0700 (Pacific Daylight Time),11
Wed May 06 2026 01:45:00 GMT-0700 (Pacific Daylight Time),12
Wed May 06 2026 02:00:00 GMT-0700 (Pacific Daylight Time),12
Wed May 06 2026 02:15:00 GMT-0700 (Pacific Daylight Time),12
Wed May 06 2026 02:30:00 GMT-0700 (Pacific Daylight Time),11
Wed May 06 2026 02:45:00 GMT-0700 (Pacific Daylight Time),10
Wed May 06 2026 03:00:00 GMT-0700 (Pacific Daylight Time),11
Wed May 06 2026 03:15:00 GMT-0700 (Pacific Daylight Time),10
Wed May 06 2026 03:30:00 GMT-0700 (Pacific Daylight Time),10
Wed May 06 2026 03:45:00 GMT-0700 (Pacific Daylight Time),11
Wed May 06 2026 04:00:00 GMT-0700 (Pacific Daylight Time),10
Wed May 06 2026 04:15:00 GMT-0700 (Pacific Daylight Time),10
Wed May 06 2026 04:30:00 GMT-0700 (Pacific Daylight Time),10
Wed May 06 2026 04:45:00 GMT-0700 (Pacific Daylight Time),10
Wed May 06 2026 05:00:00 GMT-0700 (Pacific Daylight Time),10
Wed May 06 2026 05:15:00 GMT-0700 (Pacific Daylight Time),10
Wed May 06 2026 05:30:00 GMT-0700 (Pacific Daylight Time),10
Wed May 06 2026 05:45:00 GMT-0700 (Pacific Daylight Time),11
Wed May 06 2026 06:00:00 GMT-0700 (Pacific Daylight Time),10
Wed May 06 2026 06:15:00 GMT-0700 (Pacific Daylight Time),9
Wed May 06 2026 06:30:00 GMT-0700 (Pacific Daylight Time),10
Wed May 06 2026 06:45:00 GMT-0700 (Pacific Daylight Time),10
Wed May 06 2026 07:00:00 GMT-0700 (Pacific Daylight Time),10
Wed May 06 2026 07:15:00 GMT-0700 (Pacific Daylight Time),10
Wed May 06 2026 07:30:00 GMT-0700 (Pacific Daylight Time),11
Wed May 06 2026 07:45:00 GMT-0700 (Pacific Daylight Time),10
Wed May 06 2026 08:00:00 GMT-0700 (Pacific Daylight Time),10
Wed May 06 2026 08:15:00 GMT-0700 (Pacific Daylight Time),10
Wed May 06 2026 08:30:00 GMT-0700 (Pacific Daylight Time),10
Wed May 06 2026 08:45:00 GMT-0700 (Pacific Daylight Time),10
Wed May 06 2026 09:00:00 GMT-0700 (Pacific Daylight Time),11
Wed May 06 2026 09:15:00 GMT-0700 (Pacific Daylight Time),12
Wed May 06 2026 09:30:00 GMT-0700 (Pacific Daylight Time),11
Wed May 06 2026 09:45:00 GMT-0700 (Pacific Daylight Time),12
Wed May 06 2026 10:00:00 GMT-0700 (Pacific Daylight Time),14
Wed May 06 2026 10:15:00 GMT-0700 (Pacific Daylight Time),14
Wed May 06 2026 10:30:00 GMT-0700 (Pacific Daylight Time),13
Wed May 06 2026 10:45:00 GMT-0700 (Pacific Daylight Time),13
Wed May 06 2026 11:00:00 GMT-0700 (Pacific Daylight Time),14
Wed May 06 2026 11:15:00 GMT-0700 (Pacific Daylight Time),13
Wed May 06 2026 11:30:00 GMT-0700 (Pacific Daylight Time),14
Wed May 06 2026 11:45:00 GMT-0700 (Pacific Daylight Time),14
Wed May 06 2026 12:00:00 GMT-0700 (Pacific Daylight Time),14
Wed May 06 2026 12:15:00 GMT-0700 (Pacific Daylight Time),15
Wed May 06 2026 12:30:00 GMT-0700 (Pacific Daylight Time),13
Wed May 06 2026 12:45:00 GMT-0700 (Pacific Daylight Time),14
Wed May 06 2026 13:00:00 GMT-0700 (Pacific Daylight Time),13
Wed May 06 2026 13:15:00 GMT-0700 (Pacific Daylight Time),13
Wed May 06 2026 13:30:00 GMT-0700 (Pacific Daylight Time),13
Wed May 06 2026 13:45:00 GMT-0700 (Pacific Daylight Time),12
Wed May 06 2026 14:00:00 GMT-0700 (Pacific Daylight Time),11
Wed May 06 2026 14:15:00 GMT-0700 (Pacific Daylight Time),12
Wed May 06 2026 14:30:00 GMT-0700 (Pacific Daylight Time),12
Wed May 06 2026 14:45:00 GMT-0700 (Pacific Daylight Time),12
Wed May 06 2026 15:00:00 GMT-0700 (Pacific Daylight Time),14
Wed May 06 2026 15:15:00 GMT-0700 (Pacific Daylight Time),15
Wed May 06 2026 15:30:00 GMT-0700 (Pacific Daylight Time),16
Wed May 06 2026 15:45:00 GMT-0700 (Pacific Daylight Time),15
Wed May 06 2026 16:00:00 GMT-0700 (Pacific Daylight Time),15
Wed May 06 2026 16:15:00 GMT-0700 (Pacific Daylight Time),15
Wed May 06 2026 16:30:00 GMT-0700 (Pacific Daylight Time),15
Wed May 06 2026 16:45:00 GMT-0700 (Pacific Daylight Time),16
Wed May 06 2026 17:00:00 GMT-0700 (Pacific Daylight Time),15
Wed May 06 2026 17:15:00 GMT-0700 (Pacific Daylight Time),15
Wed May 06 2026 17:30:00 GMT-0700 (Pacific Daylight Time),14
Wed May 06 2026 17:45:00 GMT-0700 (Pacific Daylight Time),15
Wed May 06 2026 18:00:00 GMT-0700 (Pacific Daylight Time),14
Wed May 06 2026 18:15:00 GMT-0700 (Pacific Daylight Time),16
Wed May 06 2026 18:30:00 GMT-0700 (Pacific Daylight Time),16
Wed May 06 2026 18:45:00 GMT-0700 (Pacific Daylight Time),15
Wed May 06 2026 19:00:00 GMT-0700 (Pacific Daylight Time),15
Wed May 06 2026 19:15:00 GMT-0700 (Pacific Daylight Time),14
Wed May 06 2026 19:30:00 GMT-0700 (Pacific Daylight Time),15
Wed May 06 2026 19:45:00 GMT-0700 (Pacific Daylight Time),15
Wed May 06 2026 20:00:00 GMT-0700 (Pacific Daylight Time),15
Wed May 06 2026 20:15:00 GMT-0700 (Pacific Daylight Time),17
Wed May 06 2026 20:30:00 GMT-0700 (Pacific Daylight Time),15
Wed May 06 2026 20:45:00 GMT-0700 (Pacific Daylight Time),18
Wed May 06 2026 21:00:00 GMT-0700 (Pacific Daylight Time),18
Wed May 06 2026 21:15:00 GMT-0700 (Pacific Daylight Time),18
Wed May 06 2026 21:30:00 GMT-0700 (Pacific Daylight Time),17
Wed May 06 2026 21:45:00 GMT-0700 (Pacific Daylight Time),16
Wed May 06 2026 22:00:00 GMT-0700 (Pacific Daylight Time),16
Wed May 06 2026 22:15:00 GMT-0700 (Pacific Daylight Time),16
Wed May 06 2026 22:30:00 GMT-0700 (Pacific Daylight Time),15
Wed May 06 2026 22:45:00 GMT-0700 (Pacific Daylight Time),17
Wed May 06 2026 23:00:00 GMT-0700 (Pacific Daylight Time),16
Wed May 06 2026 23:15:00 GMT-0700 (Pacific Daylight Time),16
Wed May 06 2026 23:30:00 GMT-0700 (Pacific Daylight Time),15
Wed May 06 2026 23:45:00 GMT-0700 (Pacific Daylight Time),13
Thu May 07 2026 00:00:00 GMT-0700 (Pacific Daylight Time),13
Thu May 07 2026 00:15:00 GMT-0700 (Pacific Daylight Time),12
Thu May 07 2026 00:30:00 GMT-0700 (Pacific Daylight Time),12
Thu May 07 2026 00:45:00 GMT-0700 (Pacific Daylight Time),12
Thu May 07 2026 01:00:00 GMT-0700 (Pacific Daylight Time),12
Thu May 07 2026 01:15:00 GMT-0700 (Pacific Daylight Time),12
Thu May 07 2026 01:30:00 GMT-0700 (Pacific Daylight Time),11
Thu May 07 2026 01:45:00 GMT-0700 (Pacific Daylight Time),12
Thu May 07 2026 02:00:00 GMT-0700 (Pacific Daylight Time),11
Thu May 07 2026 02:15:00 GMT-0700 (Pacific Daylight Time),11
Thu May 07 2026 02:30:00 GMT-0700 (Pacific Daylight Time),11
Thu May 07 2026 02:45:00 GMT-0700 (Pacific Daylight Time),10
Thu May 07 2026 03:00:00 GMT-0700 (Pacific Daylight Time),11
Thu May 07 2026 03:15:00 GMT-0700 (Pacific Daylight Time),10
Thu May 07 2026 03:30:00 GMT-0700 (Pacific Daylight Time),11
Thu May 07 2026 03:45:00 GMT-0700 (Pacific Daylight Time),10
Thu May 07 2026 04:00:00 GMT-0700 (Pacific Daylight Time),10
Thu May 07 2026 04:15:00 GMT-0700 (Pacific Daylight Time),11
Thu May 07 2026 04:30:00 GMT-0700 (Pacific Daylight Time),10
Thu May 07 2026 04:45:00 GMT-0700 (Pacific Daylight Time),10
Thu May 07 2026 05:00:00 GMT-0700 (Pacific Daylight Time),10
Thu May 07 2026 05:15:00 GMT-0700 (Pacific Daylight Time),10
Thu May 07 2026 05:30:00 GMT-0700 (Pacific Daylight Time),10
Thu May 07 2026 05:45:00 GMT-0700 (Pacific Daylight Time),11
Thu May 07 2026 06:00:00 GMT-0700 (Pacific Daylight Time),10
Thu May 07 2026 06:15:00 GMT-0700 (Pacific Daylight Time),10
Thu May 07 2026 06:30:00 GMT-0700 (Pacific Daylight Time),9
Thu May 07 2026 06:45:00 GMT-0700 (Pacific Daylight Time),10
Thu May 07 2026 07:00:00 GMT-0700 (Pacific Daylight Time),10
Thu May 07 2026 07:15:00 GMT-0700 (Pacific Daylight Time),11
Thu May 07 2026 07:30:00 GMT-0700 (Pacific Daylight Time),11
Thu May 07 2026 07:45:00 GMT-0700 (Pacific Daylight Time),10
Thu May 07 2026 08:00:00 GMT-0700 (Pacific Daylight Time),11
Thu May 07 2026 08:15:00 GMT-0700 (Pacific Daylight Time),10
Thu May 07 2026 08:30:00 GMT-0700 (Pacific Daylight Time),10
Thu May 07 2026 08:45:00 GMT-0700 (Pacific Daylight Time),11
Thu May 07 2026 09:00:00 GMT-0700 (Pacific Daylight Time),10
Thu May 07 2026 09:15:00 GMT-0700 (Pacific Daylight Time),11
Thu May 07 2026 09:30:00 GMT-0700 (Pacific Daylight Time),10
Thu May 07 2026 09:45:00 GMT-0700 (Pacific Daylight Time),11
Thu May 07 2026 10:00:00 GMT-0700 (Pacific Daylight Time),11
Thu May 07 2026 10:15:00 GMT-0700 (Pacific Daylight Time),11
Thu May 07 2026 10:30:00 GMT-0700 (Pacific Daylight Time),11
Thu May 07 2026 10:45:00 GMT-0700 (Pacific Daylight Time),11
Thu May 07 2026 11:00:00 GMT-0700 (Pacific Daylight Time),13
Thu May 07 2026 11:15:00 GMT-0700 (Pacific Daylight Time),14
Thu May 07 2026 11:30:00 GMT-0700 (Pacific Daylight Time),15
Thu May 07 2026 11:45:00 GMT-0700 (Pacific Daylight Time),15
Thu May 07 2026 12:00:00 GMT-0700 (Pacific Daylight Time),13
Thu May 07 2026 12:15:00 GMT-0700 (Pacific Daylight Time),14
Thu May 07 2026 12:30:00 GMT-0700 (Pacific Daylight Time),13
Thu May 07 2026 12:45:00 GMT-0700 (Pacific Daylight Time),13
Thu May 07 2026 13:00:00 GMT-0700 (Pacific Daylight Time),15
Thu May 07 2026 13:15:00 GMT-0700 (Pacific Daylight Time),16
Thu May 07 2026 13:30:00 GMT-0700 (Pacific Daylight Time),16
Thu May 07 2026 13:45:00 GMT-0700 (Pacific Daylight Time),16
Thu May 07 2026 14:00:00 GMT-0700 (Pacific Daylight Time),14
Thu May 07 2026 14:15:00 GMT-0700 (Pacific Daylight Time),15
Thu May 07 2026 14:30:00 GMT-0700 (Pacific Daylight Time),14
Thu May 07 2026 14:45:00 GMT-0700 (Pacific Daylight Time),15
Thu May 07 2026 15:00:00 GMT-0700 (Pacific Daylight Time),13
Thu May 07 2026 15:15:00 GMT-0700 (Pacific Daylight Time),13
Thu May 07 2026 15:30:00 GMT-0700 (Pacific Daylight Time),13
Thu May 07 2026 15:45:00 GMT-0700 (Pacific Daylight Time),13
Thu May 07 2026 16:00:00 GMT-0700 (Pacific Daylight Time),14
Thu May 07 2026 16:15:00 GMT-0700 (Pacific Daylight Time),13
Thu May 07 2026 16:30:00 GMT-0700 (Pacific Daylight Time),16
Thu May 07 2026 16:45:00 GMT-0700 (Pacific Daylight Time),17
Thu May 07 2026 17:00:00 GMT-0700 (Pacific Daylight Time),16
Thu May 07 2026 17:15:00 GMT-0700 (Pacific Daylight Time),15
Thu May 07 2026 17:30:00 GMT-0700 (Pacific Daylight Time),14
Thu May 07 2026 17:45:00 GMT-0700 (Pacific Daylight Time),17
Thu May 07 2026 18:00:00 GMT-0700 (Pacific Daylight Time),16
Thu May 07 2026 18:15:00 GMT-0700 (Pacific Daylight Time),19
Thu May 07 2026 18:30:00 GMT-0700 (Pacific Daylight Time),18
Thu May 07 2026 18:45:00 GMT-0700 (Pacific Daylight Time),17
Thu May 07 2026 19:00:00 GMT-0700 (Pacific Daylight Time),19
Thu May 07 2026 19:15:00 GMT-0700 (Pacific Daylight Time),16
Thu May 07 2026 19:30:00 GMT-0700 (Pacific Daylight Time),16
Thu May 07 2026 19:45:00 GMT-0700 (Pacific Daylight Time),16
Thu May 07 2026 20:00:00 GMT-0700 (Pacific Daylight Time),15
Thu May 07 2026 20:15:00 GMT-0700 (Pacific Daylight Time),15
Thu May 07 2026 20:30:00 GMT-0700 (Pacific Daylight Time),15
Thu May 07 2026 20:45:00 GMT-0700 (Pacific Daylight Time),16
Thu May 07 2026 21:00:00 GMT-0700 (Pacific Daylight Time),16
Thu May 07 2026 21:15:00 GMT-0700 (Pacific Daylight Time),17
Thu May 07 2026 21:30:00 GMT-0700 (Pacific Daylight Time),19
Thu May 07 2026 21:45:00 GMT-0700 (Pacific Daylight Time),20
Thu May 07 2026 22:00:00 GMT-0700 (Pacific Daylight Time),20
Thu May 07 2026 22:15:00 GMT-0700 (Pacific Daylight Time),18
Thu May 07 2026 22:30:00 GMT-0700 (Pacific Daylight Time),17
Thu May 07 2026 22:45:00 GMT-0700 (Pacific Daylight Time),16
Thu May 07 2026 23:00:00 GMT-0700 (Pacific Daylight Time),15
Thu May 07 2026 23:15:00 GMT-0700 (Pacific Daylight Time),15
Thu May 07 2026 23:30:00 GMT-0700 (Pacific Daylight Time),13
Thu May 07 2026 23:45:00 GMT-0700 (Pacific Daylight Time),13
Fri May 08 2026 00:00:00 GMT-0700 (Pacific Daylight Time),13
Fri May 08 2026 00:15:00 GMT-0700 (Pacific Daylight Time),12
Fri May 08 2026 00:30:00 GMT-0700 (Pacific Daylight Time),12
Fri May 08 2026 00:45:00 GMT-0700 (Pacific Daylight Time),12
Fri May 08 2026 01:00:00 GMT-0700 (Pacific Daylight Time),12
Fri May 08 2026 01:15:00 GMT-0700 (Pacific Daylight Time),11
Fri May 08 2026 01:30:00 GMT-0700 (Pacific Daylight Time),11
Fri May 08 2026 01:45:00 GMT-0700 (Pacific Daylight Time),12
Fri May 08 2026 02:00:00 GMT-0700 (Pacific Daylight Time),11
Fri May 08 2026 02:15:00 GMT-0700 (Pacific Daylight Time),10
Fri May 08 2026 02:30:00 GMT-0700 (Pacific Daylight Time),11
Fri May 08 2026 02:45:00 GMT-0700 (Pacific Daylight Time),10
Fri May 08 2026 03:00:00 GMT-0700 (Pacific Daylight Time),10
Fri May 08 2026 03:15:00 GMT-0700 (Pacific Daylight Time),11
Fri May 08 2026 03:30:00 GMT-0700 (Pacific Daylight Time),10
Fri May 08 2026 03:45:00 GMT-0700 (Pacific Daylight Time),10
Fri May 08 2026 04:00:00 GMT-0700 (Pacific Daylight Time),11
Fri May 08 2026 04:15:00 GMT-0700 (Pacific Daylight Time),10
Fri May 08 2026 04:30:00 GMT-0700 (Pacific Daylight Time),10
Fri May 08 2026 04:45:00 GMT-0700 (Pacific Daylight Time),10
Fri May 08 2026 05:00:00 GMT-0700 (Pacific Daylight Time),10
Fri May 08 2026 05:15:00 GMT-0700 (Pacific Daylight Time),10
Fri May 08 2026 05:30:00 GMT-0700 (Pacific Daylight Time),10
Fri May 08 2026 05:45:00 GMT-0700 (Pacific Daylight Time),10
Fri May 08 2026 06:00:00 GMT-0700 (Pacific Daylight Time),10
Fri May 08 2026 06:15:00 GMT-0700 (Pacific Daylight Time),10
Fri May 08 2026 06:30:00 GMT-0700 (Pacific Daylight Time),10
Fri May 08 2026 06:45:00 GMT-0700 (Pacific Daylight Time),10
Fri May 08 2026 07:00:00 GMT-0700 (Pacific Daylight Time),10
Fri May 08 2026 07:15:00 GMT-0700 (Pacific Daylight Time),10
Fri May 08 2026 07:30:00 GMT-0700 (Pacific Daylight Time),10
Fri May 08 2026 07:45:00 GMT-0700 (Pacific Daylight Time),10
Fri May 08 2026 08:00:00 GMT-0700 (Pacific Daylight Time),10
Fri May 08 2026 08:15:00 GMT-0700 (Pacific Daylight Time),10
Fri May 08 2026 08:30:00 GMT-0700 (Pacific Daylight Time),10
Fri May 08 2026 08:45:00 GMT-0700 (Pacific Daylight Time),10
Fri May 08 2026 09:00:00 GMT-0700 (Pacific Daylight Time),10
Fri May 08 2026 09:15:00 GMT-0700 (Pacific Daylight Time),11
Fri May 08 2026 09:30:00 GMT-0700 (Pacific Daylight Time),11
Fri May 08 2026 09:45:00 GMT-0700 (Pacific Daylight Time),10
Fri May 08 2026 10:00:00 GMT-0700 (Pacific Daylight Time),11
Fri May 08 2026 10:15:00 GMT-0700 (Pacific Daylight Time),10
Fri May 08 2026 10:30:00 GMT-0700 (Pacific Daylight Time),11
Fri May 08 2026 10:45:00 GMT-0700 (Pacific Daylight Time),11
Fri May 08 2026 11:00:00 GMT-0700 (Pacific Daylight Time),12
Fri May 08 2026 11:15:00 GMT-0700 (Pacific Daylight Time),17
Fri May 08 2026 11:30:00 GMT-0700 (Pacific Daylight Time),19
Fri May 08 2026 11:45:00 GMT-0700 (Pacific Daylight Time),17
Fri May 08 2026 12:00:00 GMT-0700 (Pacific Daylight Time),16
Fri May 08 2026 12:15:00 GMT-0700 (Pacific Daylight Time),15
Fri May 08 2026 12:30:00 GMT-0700 (Pacific Daylight Time),14
Fri May 08 2026 12:45:00 GMT-0700 (Pacific Daylight Time),15
Fri May 08 2026 13:00:00 GMT-0700 (Pacific Daylight Time),16
Fri May 08 2026 13:15:00 GMT-0700 (Pacific Daylight Time),14
Fri May 08 2026 13:30:00 GMT-0700 (Pacific Daylight Time),16
Fri May 08 2026 13:45:00 GMT-0700 (Pacific Daylight Time),14
Fri May 08 2026 14:00:00 GMT-0700 (Pacific Daylight Time),14
Fri May 08 2026 14:15:00 GMT-0700 (Pacific Daylight Time),14
Fri May 08 2026 14:30:00 GMT-0700 (Pacific Daylight Time),14
Fri May 08 2026 14:45:00 GMT-0700 (Pacific Daylight Time),13
Fri May 08 2026 15:00:00 GMT-0700 (Pacific Daylight Time),14
Fri May 08 2026 15:15:00 GMT-0700 (Pacific Daylight Time),15
Fri May 08 2026 15:30:00 GMT-0700 (Pacific Daylight Time),14
Fri May 08 2026 15:45:00 GMT-0700 (Pacific Daylight Time),14
Fri May 08 2026 16:00:00 GMT-0700 (Pacific Daylight Time),13
Fri May 08 2026 16:15:00 GMT-0700 (Pacific Daylight Time),15
Fri May 08 2026 16:30:00 GMT-0700 (Pacific Daylight Time),15
Fri May 08 2026 16:45:00 GMT-0700 (Pacific Daylight Time),14
Fri May 08 2026 17:00:00 GMT-0700 (Pacific Daylight Time),15
Fri May 08 2026 17:15:00 GMT-0700 (Pacific Daylight Time),14
Fri May 08 2026 17:30:00 GMT-0700 (Pacific Daylight Time),14
Fri May 08 2026 17:45:00 GMT-0700 (Pacific Daylight Time),14
Fri May 08 2026 18:00:00 GMT-0700 (Pacific Daylight Time),13
Fri May 08 2026 18:15:00 GMT-0700 (Pacific Daylight Time),16
Fri May 08 2026 18:30:00 GMT-0700 (Pacific Daylight Time),15
Fri May 08 2026 18:45:00 GMT-0700 (Pacific Daylight Time),15
Fri May 08 2026 19:00:00 GMT-0700 (Pacific Daylight Time),15
Fri May 08 2026 19:15:00 GMT-0700 (Pacific Daylight Time),14
Fri May 08 2026 19:30:00 GMT-0700 (Pacific Daylight Time),15
Fri May 08 2026 19:45:00 GMT-0700 (Pacific Daylight Time),13
Fri May 08 2026 20:00:00 GMT-0700 (Pacific Daylight Time),15
Fri May 08 2026 20:15:00 GMT-0700 (Pacific Daylight Time),16
Fri May 08 2026 20:30:00 GMT-0700 (Pacific Daylight Time),16
Fri May 08 2026 20:45:00 GMT-0700 (Pacific Daylight Time),16
Fri May 08 2026 21:00:00 GMT-0700 (Pacific Daylight Time),19
Fri May 08 2026 21:15:00 GMT-0700 (Pacific Daylight Time),17
Fri May 08 2026 21:30:00 GMT-0700 (Pacific Daylight Time),17
Fri May 08 2026 21:45:00 GMT-0700 (Pacific Daylight Time),16
Fri May 08 2026 22:00:00 GMT-0700 (Pacific Daylight Time),15
Fri May 08 2026 22:15:00 GMT-0700 (Pacific Daylight Time),15
Fri May 08 2026 22:30:00 GMT-0700 (Pacific Daylight Time),16
Fri May 08 2026 22:45:00 GMT-0700 (Pacific Daylight Time),16
Fri May 08 2026 23:00:00 GMT-0700 (Pacific Daylight Time),14
Fri May 08 2026 23:15:00 GMT-0700 (Pacific Daylight Time),13
Fri May 08 2026 23:30:00 GMT-0700 (Pacific Daylight Time),13
Fri May 08 2026 23:45:00 GMT-0700 (Pacific Daylight Time),13
Sat May 09 2026 00:00:00 GMT-0700 (Pacific Daylight Time),12
Sat May 09 2026 00:15:00 GMT-0700 (Pacific Daylight Time),12
Sat May 09 2026 00:30:00 GMT-0700 (Pacific Daylight Time),12
Sat May 09 2026 00:45:00 GMT-0700 (Pacific Daylight Time),12
Sat May 09 2026 01:00:00 GMT-0700 (Pacific Daylight Time),11
Sat May 09 2026 01:15:00 GMT-0700 (Pacific Daylight Time),12
Sat May 09 2026 01:30:00 GMT-0700 (Pacific Daylight Time),11
Sat May 09 2026 01:45:00 GMT-0700 (Pacific Daylight Time),11
Sat May 09 2026 02:00:00 GMT-0700 (Pacific Daylight Time),11
Sat May 09 2026 02:15:00 GMT-0700 (Pacific Daylight Time),11
Sat May 09 2026 02:30:00 GMT-0700 (Pacific Daylight Time),13
Sat May 09 2026 02:45:00 GMT-0700 (Pacific Daylight Time),11
Sat May 09 2026 03:00:00 GMT-0700 (Pacific Daylight Time),13
Sat May 09 2026 03:15:00 GMT-0700 (Pacific Daylight Time),13
Sat May 09 2026 03:30:00 GMT-0700 (Pacific Daylight Time),13
Sat May 09 2026 03:45:00 GMT-0700 (Pacific Daylight Time),13
Sat May 09 2026 04:00:00 GMT-0700 (Pacific Daylight Time),11
Sat May 09 2026 04:15:00 GMT-0700 (Pacific Daylight Time),10
Sat May 09 2026 04:30:00 GMT-0700 (Pacific Daylight Time),10
Sat May 09 2026 04:45:00 GMT-0700 (Pacific Daylight Time),10
Sat May 09 2026 05:00:00 GMT-0700 (Pacific Daylight Time),10
Sat May 09 2026 05:15:00 GMT-0700 (Pacific Daylight Time),10
Sat May 09 2026 05:30:00 GMT-0700 (Pacific Daylight Time),10
Sat May 09 2026 05:45:00 GMT-0700 (Pacific Daylight Time),10
Sat May 09 2026 06:00:00 GMT-0700 (Pacific Daylight Time),10
Sat May 09 2026 06:15:00 GMT-0700 (Pacific Daylight Time),11
Sat May 09 2026 06:30:00 GMT-0700 (Pacific Daylight Time),11
Sat May 09 2026 06:45:00 GMT-0700 (Pacific Daylight Time),11
Sat May 09 2026 07:00:00 GMT-0700 (Pacific Daylight Time),11
Sat May 09 2026 07:15:00 GMT-0700 (Pacific Daylight Time),10
Sat May 09 2026 07:30:00 GMT-0700 (Pacific Daylight Time),10
Sat May 09 2026 07:45:00 GMT-0700 (Pacific Daylight Time),10
Sat May 09 2026 08:00:00 GMT-0700 (Pacific Daylight Time),9
Sat May 09 2026 08:15:00 GMT-0700 (Pacific Daylight Time),10
Sat May 09 2026 08:30:00 GMT-0700 (Pacific Daylight Time),12
Sat May 09 2026 08:45:00 GMT-0700 (Pacific Daylight Time),12
Sat May 09 2026 09:00:00 GMT-0700 (Pacific Daylight Time),12
Sat May 09 2026 09:15:00 GMT-0700 (Pacific Daylight Time),12
Sat May 09 2026 09:30:00 GMT-0700 (Pacific Daylight Time),11
Sat May 09 2026 09:45:00 GMT-0700 (Pacific Daylight Time),10
Sat May 09 2026 10:00:00 GMT-0700 (Pacific Daylight Time),10
Sat May 09 2026 10:15:00 GMT-0700 (Pacific Daylight Time),10
Sat May 09 2026 10:30:00 GMT-0700 (Pacific Daylight Time),11
Sat May 09 2026 10:45:00 GMT-0700 (Pacific Daylight Time),11
Sat May 09 2026 11:00:00 GMT-0700 (Pacific Daylight Time),16
Sat May 09 2026 11:15:00 GMT-0700 (Pacific Daylight Time),17
Sat May 09 2026 11:30:00 GMT-0700 (Pacific Daylight Time),17
Sat May 09 2026 11:45:00 GMT-0700 (Pacific Daylight Time),17
Sat May 09 2026 12:00:00 GMT-0700 (Pacific Daylight Time),14
Sat May 09 2026 12:15:00 GMT-0700 (Pacific Daylight Time),14
Sat May 09 2026 12:30:00 GMT-0700 (Pacific Daylight Time),13
Sat May 09 2026 12:45:00 GMT-0700 (Pacific Daylight Time),14
Sat May 09 2026 13:00:00 GMT-0700 (Pacific Daylight Time),14
Sat May 09 2026 13:15:00 GMT-0700 (Pacific Daylight Time),13
Sat May 09 2026 13:30:00 GMT-0700 (Pacific Daylight Time),15
Sat May 09 2026 13:45:00 GMT-0700 (Pacific Daylight Time),15
Sat May 09 2026 14:00:00 GMT-0700 (Pacific Daylight Time),14
Sat May 09 2026 14:15:00 GMT-0700 (Pacific Daylight Time),14
Sat May 09 2026 14:30:00 GMT-0700 (Pacific Daylight Time),15
Sat May 09 2026 14:45:00 GMT-0700 (Pacific Daylight Time),16
Sat May 09 2026 15:00:00 GMT-0700 (Pacific Daylight Time),16
Sat May 09 2026 15:15:00 GMT-0700 (Pacific Daylight Time),15
Sat May 09 2026 15:30:00 GMT-0700 (Pacific Daylight Time),14
Sat May 09 2026 15:45:00 GMT-0700 (Pacific Daylight Time),14
Sat May 09 2026 16:00:00 GMT-0700 (Pacific Daylight Time),12
Sat May 09 2026 16:15:00 GMT-0700 (Pacific Daylight Time),13
Sat May 09 2026 16:30:00 GMT-0700 (Pacific Daylight Time),12
Sat May 09 2026 16:45:00 GMT-0700 (Pacific Daylight Time),11
Sat May 09 2026 17:00:00 GMT-0700 (Pacific Daylight Time),12
Sat May 09 2026 17:15:00 GMT-0700 (Pacific Daylight Time),13
Sat May 09 2026 17:30:00 GMT-0700 (Pacific Daylight Time),13
Sat May 09 2026 17:45:00 GMT-0700 (Pacific Daylight Time),13
Sat May 09 2026 18:00:00 GMT-0700 (Pacific Daylight Time),14
Sat May 09 2026 18:15:00 GMT-0700 (Pacific Daylight Time),17
Sat May 09 2026 18:30:00 GMT-0700 (Pacific Daylight Time),15
Sat May 09 2026 18:45:00 GMT-0700 (Pacific Daylight Time),14
Sat May 09 2026 19:00:00 GMT-0700 (Pacific Daylight Time),13
Sat May 09 2026 19:15:00 GMT-0700 (Pacific Daylight Time),13
Sat May 09 2026 19:30:00 GMT-0700 (Pacific Daylight Time),12
Sat May 09 2026 19:45:00 GMT-0700 (Pacific Daylight Time),15
Sat May 09 2026 20:00:00 GMT-0700 (Pacific Daylight Time),13
Sat May 09 2026 20:15:00 GMT-0700 (Pacific Daylight Time),14
Sat May 09 2026 20:30:00 GMT-0700 (Pacific Daylight Time),13
Sat May 09 2026 20:45:00 GMT-0700 (Pacific Daylight Time),15
Sat May 09 2026 21:00:00 GMT-0700 (Pacific Daylight Time),17
Sat May 09 2026 21:15:00 GMT-0700 (Pacific Daylight Time),17
Sat May 09 2026 21:30:00 GMT-0700 (Pacific Daylight Time),18
Sat May 09 2026 21:45:00 GMT-0700 (Pacific Daylight Time),17
Sat May 09 2026 22:00:00 GMT-0700 (Pacific Daylight Time),16
Sat May 09 2026 22:15:00 GMT-0700 (Pacific Daylight Time),15
Sat May 09 2026 22:30:00 GMT-0700 (Pacific Daylight Time),15
Sat May 09 2026 22:45:00 GMT-0700 (Pacific Daylight Time),16
Sat May 09 2026 23:00:00 GMT-0700 (Pacific Daylight Time),15
Sat May 09 2026 23:15:00 GMT-0700 (Pacific Daylight Time),15
Sat May 09 2026 23:30:00 GMT-0700 (Pacific Daylight Time),14
Sat May 09 2026 23:45:00 GMT-0700 (Pacific Daylight Time),13
Sun May 10 2026 00:00:00 GMT-0700 (Pacific Daylight Time),15
Sun May 10 2026 00:15:00 GMT-0700 (Pacific Daylight Time),14
Sun May 10 2026 00:30:00 GMT-0700 (Pacific Daylight Time),13
Sun May 10 2026 00:45:00 GMT-0700 (Pacific Daylight Time),17
Sun May 10 2026 01:00:00 GMT-0700 (Pacific Daylight Time),17
Sun May 10 2026 01:15:00 GMT-0700 (Pacific Daylight Time),16
Sun May 10 2026 01:30:00 GMT-0700 (Pacific Daylight Time),15
Sun May 10 2026 01:45:00 GMT-0700 (Pacific Daylight Time),13
Sun May 10 2026 02:00:00 GMT-0700 (Pacific Daylight Time),12
Sun May 10 2026 02:15:00 GMT-0700 (Pacific Daylight Time),12
Sun May 10 2026 02:30:00 GMT-0700 (Pacific Daylight Time),11
Sun May 10 2026 02:45:00 GMT-0700 (Pacific Daylight Time),12
Sun May 10 2026 03:00:00 GMT-0700 (Pacific Daylight Time),11
Sun May 10 2026 03:15:00 GMT-0700 (Pacific Daylight Time),12
Sun May 10 2026 03:30:00 GMT-0700 (Pacific Daylight Time),10
Sun May 10 2026 03:45:00 GMT-0700 (Pacific Daylight Time),11
Sun May 10 2026 04:00:00 GMT-0700 (Pacific Daylight Time),10
Sun May 10 2026 04:15:00 GMT-0700 (Pacific Daylight Time),11
Sun May 10 2026 04:30:00 GMT-0700 (Pacific Daylight Time),10
Sun May 10 2026 04:45:00 GMT-0700 (Pacific Daylight Time),11
Sun May 10 2026 05:00:00 GMT-0700 (Pacific Daylight Time),10
Sun May 10 2026 05:15:00 GMT-0700 (Pacific Daylight Time),10
Sun May 10 2026 05:30:00 GMT-0700 (Pacific Daylight Time),11
Sun May 10 2026 05:45:00 GMT-0700 (Pacific Daylight Time),10
Sun May 10 2026 06:00:00 GMT-0700 (Pacific Daylight Time),10
Sun May 10 2026 06:15:00 GMT-0700 (Pacific Daylight Time),10
Sun May 10 2026 06:30:00 GMT-0700 (Pacific Daylight Time),10
Sun May 10 2026 06:45:00 GMT-0700 (Pacific Daylight Time),10
Sun May 10 2026 07:00:00 GMT-0700 (Pacific Daylight Time),9
Sun May 10 2026 07:15:00 GMT-0700 (Pacific Daylight Time),10
Sun May 10 2026 07:30:00 GMT-0700 (Pacific Daylight Time),10
Sun May 10 2026 07:45:00 GMT-0700 (Pacific Daylight Time),10
Sun May 10 2026 08:00:00 GMT-0700 (Pacific Daylight Time),10
Sun May 10 2026 08:15:00 GMT-0700 (Pacific Daylight Time),10
Sun May 10 2026 08:30:00 GMT-0700 (Pacific Daylight Time),12
Sun May 10 2026 08:45:00 GMT-0700 (Pacific Daylight Time),14
Sun May 10 2026 09:00:00 GMT-0700 (Pacific Daylight Time),14
Sun May 10 2026 09:15:00 GMT-0700 (Pacific Daylight Time),14
Sun May 10 2026 09:30:00 GMT-0700 (Pacific Daylight Time),12
Sun May 10 2026 09:45:00 GMT-0700 (Pacific Daylight Time),13
Sun May 10 2026 10:00:00 GMT-0700 (Pacific Daylight Time),13
Sun May 10 2026 10:15:00 GMT-0700 (Pacific Daylight Time),12
Sun May 10 2026 10:30:00 GMT-0700 (Pacific Daylight Time),12
Sun May 10 2026 10:45:00 GMT-0700 (Pacific Daylight Time),11
Sun May 10 2026 11:00:00 GMT-0700 (Pacific Daylight Time),13
Sun May 10 2026 11:15:00 GMT-0700 (Pacific Daylight Time),16
Sun May 10 2026 11:30:00 GMT-0700 (Pacific Daylight Time),15
Sun May 10 2026 11:45:00 GMT-0700 (Pacific Daylight Time),14
Sun May 10 2026 12:00:00 GMT-0700 (Pacific Daylight Time),15
Sun May 10 2026 12:15:00 GMT-0700 (Pacific Daylight Time),13
Sun May 10 2026 12:30:00 GMT-0700 (Pacific Daylight Time),14
Sun May 10 2026 12:45:00 GMT-0700 (Pacific Daylight Time),18
Sun May 10 2026 13:00:00 GMT-0700 (Pacific Daylight Time),17
Sun May 10 2026 13:15:00 GMT-0700 (Pacific Daylight Time),17
Sun May 10 2026 13:30:00 GMT-0700 (Pacific Daylight Time),17
Sun May 10 2026 13:45:00 GMT-0700 (Pacific Daylight Time),14
Sun May 10 2026 14:00:00 GMT-0700 (Pacific Daylight Time),15
Sun May 10 2026 14:15:00 GMT-0700 (Pacific Daylight Time),15
Sun May 10 2026 14:30:00 GMT-0700 (Pacific Daylight Time),14
Sun May 10 2026 14:45:00 GMT-0700 (Pacific Daylight Time),12
Sun May 10 2026 15:00:00 GMT-0700 (Pacific Daylight Time),13
Sun May 10 2026 15:15:00 GMT-0700 (Pacific Daylight Time),13
Sun May 10 2026 15:30:00 GMT-0700 (Pacific Daylight Time),13
Sun May 10 2026 15:45:00 GMT-0700 (Pacific Daylight Time),14
Sun May 10 2026 16:00:00 GMT-0700 (Pacific Daylight Time),13
Sun May 10 2026 16:15:00 GMT-0700 (Pacific Daylight Time),13
Sun May 10 2026 16:30:00 GMT-0700 (Pacific Daylight Time),12
Sun May 10 2026 16:45:00 GMT-0700 (Pacific Daylight Time),13
Sun May 10 2026 17:00:00 GMT-0700 (Pacific Daylight Time),13
Sun May 10 2026 17:15:00 GMT-0700 (Pacific Daylight Time),14
Sun May 10 2026 17:30:00 GMT-0700 (Pacific Daylight Time),16
Sun May 10 2026 17:45:00 GMT-0700 (Pacific Daylight Time),15
Sun May 10 2026 18:00:00 GMT-0700 (Pacific Daylight Time),15
Sun May 10 2026 18:15:00 GMT-0700 (Pacific Daylight Time),15
Sun May 10 2026 18:30:00 GMT-0700 (Pacific Daylight Time),15
Sun May 10 2026 18:45:00 GMT-0700 (Pacific Daylight Time),15
Sun May 10 2026 19:00:00 GMT-0700 (Pacific Daylight Time),17
Sun May 10 2026 19:15:00 GMT-0700 (Pacific Daylight Time),17
Sun May 10 2026 19:30:00 GMT-0700 (Pacific Daylight Time),18
Sun May 10 2026 19:45:00 GMT-0700 (Pacific Daylight Time),16
Sun May 10 2026 20:00:00 GMT-0700 (Pacific Daylight Time),16
Sun May 10 2026 20:15:00 GMT-0700 (Pacific Daylight Time),17
Sun May 10 2026 20:30:00 GMT-0700 (Pacific Daylight Time),18
Sun May 10 2026 20:45:00 GMT-0700 (Pacific Daylight Time),18
Sun May 10 2026 21:00:00 GMT-0700 (Pacific Daylight Time),19
Sun May 10 2026 21:15:00 GMT-0700 (Pacific Daylight Time),18
Sun May 10 2026 21:30:00 GMT-0700 (Pacific Daylight Time),19
Sun May 10 2026 21:45:00 GMT-0700 (Pacific Daylight Time),17
Sun May 10 2026 22:00:00 GMT-0700 (Pacific Daylight Time),16
Sun May 10 2026 22:15:00 GMT-0700 (Pacific Daylight Time),16
Sun May 10 2026 22:30:00 GMT-0700 (Pacific Daylight Time),19
Sun May 10 2026 22:45:00 GMT-0700 (Pacific Daylight Time),18
Sun May 10 2026 23:00:00 GMT-0700 (Pacific Daylight Time),18
Sun May 10 2026 23:15:00 GMT-0700 (Pacific Daylight Time),16
Sun May 10 2026 23:30:00 GMT-0700 (Pacific Daylight Time),15
Sun May 10 2026 23:45:00 GMT-0700 (Pacific Daylight Time),14
Mon May 11 2026 00:00:00 GMT-0700 (Pacific Daylight Time),15
Mon May 11 2026 00:15:00 GMT-0700 (Pacific Daylight Time),15
Mon May 11 2026 00:30:00 GMT-0700 (Pacific Daylight Time),16
Mon May 11 2026 00:45:00 GMT-0700 (Pacific Daylight Time),14
Mon May 11 2026 01:00:00 GMT-0700 (Pacific Daylight Time),14
Mon May 11 2026 01:15:00 GMT-0700 (Pacific Daylight Time),15
Mon May 11 2026 01:30:00 GMT-0700 (Pacific Daylight Time),15
Mon May 11 2026 01:45:00 GMT-0700 (Pacific Daylight Time),15
Mon May 11 2026 02:00:00 GMT-0700 (Pacific Daylight Time),13
Mon May 11 2026 02:15:00 GMT-0700 (Pacific Daylight Time),11
Mon May 11 2026 02:30:00 GMT-0700 (Pacific Daylight Time),10
Mon May 11 2026 02:45:00 GMT-0700 (Pacific Daylight Time),11
Mon May 11 2026 03:00:00 GMT-0700 (Pacific Daylight Time),10
Mon May 11 2026 03:15:00 GMT-0700 (Pacific Daylight Time),11
Mon May 11 2026 03:30:00 GMT-0700 (Pacific Daylight Time),11
Mon May 11 2026 03:45:00 GMT-0700 (Pacific Daylight Time),11
Mon May 11 2026 04:00:00 GMT-0700 (Pacific Daylight Time),12
Mon May 11 2026 04:15:00 GMT-0700 (Pacific Daylight Time),11
Mon May 11 2026 04:30:00 GMT-0700 (Pacific Daylight Time),10
Mon May 11 2026 04:45:00 GMT-0700 (Pacific Daylight Time),10
Mon May 11 2026 05:00:00 GMT-0700 (Pacific Daylight Time),10
Mon May 11 2026 05:15:00 GMT-0700 (Pacific Daylight Time),10
Mon May 11 2026 05:30:00 GMT-0700 (Pacific Daylight Time),10
Mon May 11 2026 05:45:00 GMT-0700 (Pacific Daylight Time),10
Mon May 11 2026 06:00:00 GMT-0700 (Pacific Daylight Time),10
Mon May 11 2026 06:15:00 GMT-0700 (Pacific Daylight Time),9
Mon May 11 2026 06:30:00 GMT-0700 (Pacific Daylight Time),10
Mon May 11 2026 06:45:00 GMT-0700 (Pacific Daylight Time),9
Mon May 11 2026 07:00:00 GMT-0700 (Pacific Daylight Time),10
Mon May 11 2026 07:15:00 GMT-0700 (Pacific Daylight Time),9
Mon May 11 2026 07:30:00 GMT-0700 (Pacific Daylight Time),11
Mon May 11 2026 07:45:00 GMT-0700 (Pacific Daylight Time),10
Mon May 11 2026 08:00:00 GMT-0700 (Pacific Daylight Time),10
Mon May 11 2026 08:15:00 GMT-0700 (Pacific Daylight Time),10
Mon May 11 2026 08:30:00 GMT-0700 (Pacific Daylight Time),11
Mon May 11 2026 08:45:00 GMT-0700 (Pacific Daylight Time),12
Mon May 11 2026 09:00:00 GMT-0700 (Pacific Daylight Time),12
Mon May 11 2026 09:15:00 GMT-0700 (Pacific Daylight Time),11
Mon May 11 2026 09:30:00 GMT-0700 (Pacific Daylight Time),10
Mon May 11 2026 09:45:00 GMT-0700 (Pacific Daylight Time),11
Mon May 11 2026 10:00:00 GMT-0700 (Pacific Daylight Time),11
Mon May 11 2026 10:15:00 GMT-0700 (Pacific Daylight Time),10
Mon May 11 2026 10:30:00 GMT-0700 (Pacific Daylight Time),12
Mon May 11 2026 10:45:00 GMT-0700 (Pacific Daylight Time),15
Mon May 11 2026 11:00:00 GMT-0700 (Pacific Daylight Time),15
Mon May 11 2026 11:15:00 GMT-0700 (Pacific Daylight Time),15
Mon May 11 2026 11:30:00 GMT-0700 (Pacific Daylight Time),13
Mon May 11 2026 11:45:00 GMT-0700 (Pacific Daylight Time),12
Mon May 11 2026 12:00:00 GMT-0700 (Pacific Daylight Time),11
Mon May 11 2026 12:15:00 GMT-0700 (Pacific Daylight Time),12
Mon May 11 2026 12:30:00 GMT-0700 (Pacific Daylight Time),12
Mon May 11 2026 12:45:00 GMT-0700 (Pacific Daylight Time),13
Mon May 11 2026 13:00:00 GMT-0700 (Pacific Daylight Time),12
Mon May 11 2026 13:15:00 GMT-0700 (Pacific Daylight Time),12
Mon May 11 2026 13:30:00 GMT-0700 (Pacific Daylight Time),13
Mon May 11 2026 13:45:00 GMT-0700 (Pacific Daylight Time),14
Mon May 11 2026 14:00:00 GMT-0700 (Pacific Daylight Time),13
Mon May 11 2026 14:15:00 GMT-0700 (Pacific Daylight Time),13
Mon May 11 2026 14:30:00 GMT-0700 (Pacific Daylight Time),14
Mon May 11 2026 14:45:00 GMT-0700 (Pacific Daylight Time),15
Mon May 11 2026 15:00:00 GMT-0700 (Pacific Daylight Time),14
Mon May 11 2026 15:15:00 GMT-0700 (Pacific Daylight Time),13
Mon May 11 2026 15:30:00 GMT-0700 (Pacific Daylight Time),12
Mon May 11 2026 15:45:00 GMT-0700 (Pacific Daylight Time),15
Mon May 11 2026 16:00:00 GMT-0700 (Pacific Daylight Time),14
Mon May 11 2026 16:15:00 GMT-0700 (Pacific Daylight Time),15
Mon May 11 2026 16:30:00 GMT-0700 (Pacific Daylight Time),14
Mon May 11 2026 16:45:00 GMT-0700 (Pacific Daylight Time),13
Mon May 11 2026 17:00:00 GMT-0700 (Pacific Daylight Time),14
Mon May 11 2026 17:15:00 GMT-0700 (Pacific Daylight Time),13
Mon May 11 2026 17:30:00 GMT-0700 (Pacific Daylight Time),13
Mon May 11 2026 17:45:00 GMT-0700 (Pacific Daylight Time),13
Mon May 11 2026 18:00:00 GMT-0700 (Pacific Daylight Time),14
Mon May 11 2026 18:15:00 GMT-0700 (Pacific Daylight Time),14
Mon May 11 2026 18:30:00 GMT-0700 (Pacific Daylight Time),13
Mon May 11 2026 18:45:00 GMT-0700 (Pacific Daylight Time),14
Mon May 11 2026 19:00:00 GMT-0700 (Pacific Daylight Time),13
Mon May 11 2026 19:15:00 GMT-0700 (Pacific Daylight Time),15
Mon May 11 2026 19:30:00 GMT-0700 (Pacific Daylight Time),14
Mon May 11 2026 19:45:00 GMT-0700 (Pacific Daylight Time),16
Mon May 11 2026 20:00:00 GMT-0700 (Pacific Daylight Time),14
Mon May 11 2026 20:15:00 GMT-0700 (Pacific Daylight Time),15
Mon May 11 2026 20:30:00 GMT-0700 (Pacific Daylight Time),17
Mon May 11 2026 20:45:00 GMT-0700 (Pacific Daylight Time),19
Mon May 11 2026 21:00:00 GMT-0700 (Pacific Daylight Time),18
Mon May 11 2026 21:15:00 GMT-0700 (Pacific Daylight Time),19
Mon May 11 2026 21:30:00 GMT-0700 (Pacific Daylight Time),17
Mon May 11 2026 21:45:00 GMT-0700 (Pacific Daylight Time),17
Mon May 11 2026 22:00:00 GMT-0700 (Pacific Daylight Time),16
Mon May 11 2026 22:15:00 GMT-0700 (Pacific Daylight Time),16
Mon May 11 2026 22:30:00 GMT-0700 (Pacific Daylight Time),17
Mon May 11 2026 22:45:00 GMT-0700 (Pacific Daylight Time),16
Mon May 11 2026 23:00:00 GMT-0700 (Pacific Daylight Time),18
Mon May 11 2026 23:15:00 GMT-0700 (Pacific Daylight Time),17
Mon May 11 2026 23:30:00 GMT-0700 (Pacific Daylight Time),16
Mon May 11 2026 23:45:00 GMT-0700 (Pacific Daylight Time),14
Tue May 12 2026 00:00:00 GMT-0700 (Pacific Daylight Time),13
Tue May 12 2026 00:15:00 GMT-0700 (Pacific Daylight Time),14
Tue May 12 2026 00:30:00 GMT-0700 (Pacific Daylight Time),12
Tue May 12 2026 00:45:00 GMT-0700 (Pacific Daylight Time),12
Tue May 12 2026 01:00:00 GMT-0700 (Pacific Daylight Time),12
Tue May 12 2026 01:15:00 GMT-0700 (Pacific Daylight Time),12
Tue May 12 2026 01:30:00 GMT-0700 (Pacific Daylight Time),11
Tue May 12 2026 01:45:00 GMT-0700 (Pacific Daylight Time),12
Tue May 12 2026 02:00:00 GMT-0700 (Pacific Daylight Time),11
Tue May 12 2026 02:15:00 GMT-0700 (Pacific Daylight Time),10
Tue May 12 2026 02:30:00 GMT-0700 (Pacific Daylight Time),11
Tue May 12 2026 02:45:00 GMT-0700 (Pacific Daylight Time),11
Tue May 12 2026 03:00:00 GMT-0700 (Pacific Daylight Time),10
Tue May 12 2026 03:15:00 GMT-0700 (Pacific Daylight Time),11
Tue May 12 2026 03:30:00 GMT-0700 (Pacific Daylight Time),11
Tue May 12 2026 03:45:00 GMT-0700 (Pacific Daylight Time),10
Tue May 12 2026 04:00:00 GMT-0700 (Pacific Daylight Time),10
Tue May 12 2026 04:15:00 GMT-0700 (Pacific Daylight Time),11
Tue May 12 2026 04:30:00 GMT-0700 (Pacific Daylight Time),10
Tue May 12 2026 04:45:00 GMT-0700 (Pacific Daylight Time),11
Tue May 12 2026 05:00:00 GMT-0700 (Pacific Daylight Time),10
Tue May 12 2026 05:15:00 GMT-0700 (Pacific Daylight Time),10
Tue May 12 2026 05:30:00 GMT-0700 (Pacific Daylight Time),10
Tue May 12 2026 05:45:00 GMT-0700 (Pacific Daylight Time),11
Tue May 12 2026 06:00:00 GMT-0700 (Pacific Daylight Time),10
Tue May 12 2026 06:15:00 GMT-0700 (Pacific Daylight Time),10
Tue May 12 2026 06:30:00 GMT-0700 (Pacific Daylight Time),9
Tue May 12 2026 06:45:00 GMT-0700 (Pacific Daylight Time),10
Tue May 12 2026 07:00:00 GMT-0700 (Pacific Daylight Time),11
Tue May 12 2026 07:15:00 GMT-0700 (Pacific Daylight Time),11
Tue May 12 2026 07:30:00 GMT-0700 (Pacific Daylight Time),14
Tue May 12 2026 07:45:00 GMT-0700 (Pacific Daylight Time),13
Tue May 12 2026 08:00:00 GMT-0700 (Pacific Daylight Time),13
Tue May 12 2026 08:15:00 GMT-0700 (Pacific Daylight Time),12
Tue May 12 2026 08:30:00 GMT-0700 (Pacific Daylight Time),10
Tue May 12 2026 08:45:00 GMT-0700 (Pacific Daylight Time),11
Tue May 12 2026 09:00:00 GMT-0700 (Pacific Daylight Time),10
Tue May 12 2026 09:15:00 GMT-0700 (Pacific Daylight Time),12
Tue May 12 2026 09:30:00 GMT-0700 (Pacific Daylight Time),11
Tue May 12 2026 09:45:00 GMT-0700 (Pacific Daylight Time),11
Tue May 12 2026 10:00:00 GMT-0700 (Pacific Daylight Time),11
Tue May 12 2026 10:15:00 GMT-0700 (Pacific Daylight Time),11
Tue May 12 2026 10:30:00 GMT-0700 (Pacific Daylight Time),12
Tue May 12 2026 10:45:00 GMT-0700 (Pacific Daylight Time),12
Tue May 12 2026 11:00:00 GMT-0700 (Pacific Daylight Time),13
Tue May 12 2026 11:15:00 GMT-0700 (Pacific Daylight Time),14
Tue May 12 2026 11:30:00 GMT-0700 (Pacific Daylight Time),14
Tue May 12 2026 11:45:00 GMT-0700 (Pacific Daylight Time),14
Tue May 12 2026 12:00:00 GMT-0700 (Pacific Daylight Time),14
Tue May 12 2026 12:15:00 GMT-0700 (Pacific Daylight Time),13
Tue May 12 2026 12:30:00 GMT-0700 (Pacific Daylight Time),13
Tue May 12 2026 12:45:00 GMT-0700 (Pacific Daylight Time),12
Tue May 12 2026 13:00:00 GMT-0700 (Pacific Daylight Time),12
Tue May 12 2026 13:15:00 GMT-0700 (Pacific Daylight Time),13
Tue May 12 2026 13:30:00 GMT-0700 (Pacific Daylight Time),13
Tue May 12 2026 13:45:00 GMT-0700 (Pacific Daylight Time),13
Tue May 12 2026 14:00:00 GMT-0700 (Pacific Daylight Time),14
Tue May 12 2026 14:15:00 GMT-0700 (Pacific Daylight Time),14
Tue May 12 2026 14:30:00 GMT-0700 (Pacific Daylight Time),16
Tue May 12 2026 14:45:00 GMT-0700 (Pacific Daylight Time),15
Tue May 12 2026 15:00:00 GMT-0700 (Pacific Daylight Time),16
Tue May 12 2026 15:15:00 GMT-0700 (Pacific Daylight Time),16
Tue May 12 2026 15:30:00 GMT-0700 (Pacific Daylight Time),14
Tue May 12 2026 15:45:00 GMT-0700 (Pacific Daylight Time),13
Tue May 12 2026 16:00:00 GMT-0700 (Pacific Daylight Time),14
Tue May 12 2026 16:15:00 GMT-0700 (Pacific Daylight Time),13
Tue May 12 2026 16:30:00 GMT-0700 (Pacific Daylight Time),14
Tue May 12 2026 16:45:00 GMT-0700 (Pacific Daylight Time),14
Tue May 12 2026 17:00:00 GMT-0700 (Pacific Daylight Time),16
Tue May 12 2026 17:15:00 GMT-0700 (Pacific Daylight Time),16
Tue May 12 2026 17:30:00 GMT-0700 (Pacific Daylight Time),17
Tue May 12 2026 17:45:00 GMT-0700 (Pacific Daylight Time),16
Tue May 12 2026 18:00:00 GMT-0700 (Pacific Daylight Time),17
Tue May 12 2026 18:15:00 GMT-0700 (Pacific Daylight Time),16
Tue May 12 2026 18:30:00 GMT-0700 (Pacific Daylight Time),16
Tue May 12 2026 18:45:00 GMT-0700 (Pacific Daylight Time),15
Tue May 12 2026 19:00:00 GMT-0700 (Pacific Daylight Time),14
Tue May 12 2026 19:15:00 GMT-0700 (Pacific Daylight Time),14
Tue May 12 2026 19:30:00 GMT-0700 (Pacific Daylight Time),14
Tue May 12 2026 19:45:00 GMT-0700 (Pacific Daylight Time),14
Tue May 12 2026 20:00:00 GMT-0700 (Pacific Daylight Time),15
Tue May 12 2026 20:15:00 GMT-0700 (Pacific Daylight Time),14
Tue May 12 2026 20:30:00 GMT-0700 (Pacific Daylight Time),16
Tue May 12 2026 20:45:00 GMT-0700 (Pacific Daylight Time),17
Tue May 12 2026 21:00:00 GMT-0700 (Pacific Daylight Time),18
Tue May 12 2026 21:15:00 GMT-0700 (Pacific Daylight Time),18
Tue May 12 2026 21:30:00 GMT-0700 (Pacific Daylight Time),17
Tue May 12 2026 21:45:00 GMT-0700 (Pacific Daylight Time),16
Tue May 12 2026 22:00:00 GMT-0700 (Pacific Daylight Time),17
Tue May 12 2026 22:15:00 GMT-0700 (Pacific Daylight Time),17
Tue May 12 2026 22:30:00 GMT-0700 (Pacific Daylight Time),18
Tue May 12 2026 22:45:00 GMT-0700 (Pacific Daylight Time),17
Tue May 12 2026 23:00:00 GMT-0700 (Pacific Daylight Time),15
Tue May 12 2026 23:15:00 GMT-0700 (Pacific Daylight Time),15
Tue May 12 2026 23:30:00 GMT-0700 (Pacific Daylight Time),14
Tue May 12 2026 23:45:00 GMT-0700 (Pacific Daylight Time),14
Wed May 13 2026 00:00:00 GMT-0700 (Pacific Daylight Time),14
Wed May 13 2026 00:15:00 GMT-0700 (Pacific Daylight Time),14
Wed May 13 2026 00:30:00 GMT-0700 (Pacific Daylight Time),14
Wed May 13 2026 00:45:00 GMT-0700 (Pacific Daylight Time),13
Wed May 13 2026 01:00:00 GMT-0700 (Pacific Daylight Time),13
Wed May 13 2026 01:15:00 GMT-0700 (Pacific Daylight Time),12
Wed May 13 2026 01:30:00 GMT-0700 (Pacific Daylight Time),11
Wed May 13 2026 01:45:00 GMT-0700 (Pacific Daylight Time),11
Wed May 13 2026 02:00:00 GMT-0700 (Pacific Daylight Time),11
Wed May 13 2026 02:15:00 GMT-0700 (Pacific Daylight Time),11
Wed May 13 2026 02:30:00 GMT-0700 (Pacific Daylight Time),11
Wed May 13 2026 02:45:00 GMT-0700 (Pacific Daylight Time),11
Wed May 13 2026 03:00:00 GMT-0700 (Pacific Daylight Time),10
Wed May 13 2026 03:15:00 GMT-0700 (Pacific Daylight Time),12
Wed May 13 2026 03:30:00 GMT-0700 (Pacific Daylight Time),14
Wed May 13 2026 03:45:00 GMT-0700 (Pacific Daylight Time),13
Wed May 13 2026 04:00:00 GMT-0700 (Pacific Daylight Time),13
Wed May 13 2026 04:15:00 GMT-0700 (Pacific Daylight Time),11
Wed May 13 2026 04:30:00 GMT-0700 (Pacific Daylight Time),10
Wed May 13 2026 04:45:00 GMT-0700 (Pacific Daylight Time),10
Wed May 13 2026 05:00:00 GMT-0700 (Pacific Daylight Time),11
Wed May 13 2026 05:15:00 GMT-0700 (Pacific Daylight Time),10
Wed May 13 2026 05:30:00 GMT-0700 (Pacific Daylight Time),10
Wed May 13 2026 05:45:00 GMT-0700 (Pacific Daylight Time),10
Wed May 13 2026 06:00:00 GMT-0700 (Pacific Daylight Time),10
Wed May 13 2026 06:15:00 GMT-0700 (Pacific Daylight Time),10
Wed May 13 2026 06:30:00 GMT-0700 (Pacific Daylight Time),10
Wed May 13 2026 06:45:00 GMT-0700 (Pacific Daylight Time),9
Wed May 13 2026 07:00:00 GMT-0700 (Pacific Daylight Time),10
Wed May 13 2026 07:15:00 GMT-0700 (Pacific Daylight Time),10
Wed May 13 2026 07:30:00 GMT-0700 (Pacific Daylight Time),10
Wed May 13 2026 07:45:00 GMT-0700 (Pacific Daylight Time),10
Wed May 13 2026 08:00:00 GMT-0700 (Pacific Daylight Time),11
Wed May 13 2026 08:15:00 GMT-0700 (Pacific Daylight Time),12
Wed May 13 2026 08:30:00 GMT-0700 (Pacific Daylight Time),11
Wed May 13 2026 08:45:00 GMT-0700 (Pacific Daylight Time),10
Wed May 13 2026 09:00:00 GMT-0700 (Pacific Daylight Time),11
Wed May 13 2026 09:15:00 GMT-0700 (Pacific Daylight Time),10
Wed May 13 2026 09:30:00 GMT-0700 (Pacific Daylight Time),12
Wed May 13 2026 09:45:00 GMT-0700 (Pacific Daylight Time),12
Wed May 13 2026 10:00:00 GMT-0700 (Pacific Daylight Time),11
Wed May 13 2026 10:15:00 GMT-0700 (Pacific Daylight Time),11
Wed May 13 2026 10:30:00 GMT-0700 (Pacific Daylight Time),12
Wed May 13 2026 10:45:00 GMT-0700 (Pacific Daylight Time),12
Wed May 13 2026 11:00:00 GMT-0700 (Pacific Daylight Time),12
Wed May 13 2026 11:15:00 GMT-0700 (Pacific Daylight Time),13
Wed May 13 2026 11:30:00 GMT-0700 (Pacific Daylight Time),13
Wed May 13 2026 11:45:00 GMT-0700 (Pacific Daylight Time),13
Wed May 13 2026 12:00:00 GMT-0700 (Pacific Daylight Time),14
Wed May 13 2026 12:15:00 GMT-0700 (Pacific Daylight Time),16
Wed May 13 2026 12:30:00 GMT-0700 (Pacific Daylight Time),15
Wed May 13 2026 12:45:00 GMT-0700 (Pacific Daylight Time),15
Wed May 13 2026 13:00:00 GMT-0700 (Pacific Daylight Time),13
Wed May 13 2026 13:15:00 GMT-0700 (Pacific Daylight Time),12
Wed May 13 2026 13:30:00 GMT-0700 (Pacific Daylight Time),13
Wed May 13 2026 13:45:00 GMT-0700 (Pacific Daylight Time),13
Wed May 13 2026 14:00:00 GMT-0700 (Pacific Daylight Time),16
Wed May 13 2026 14:15:00 GMT-0700 (Pacific Daylight Time),16
Wed May 13 2026 14:30:00 GMT-0700 (Pacific Daylight Time),14
Wed May 13 2026 14:45:00 GMT-0700 (Pacific Daylight Time),13
Wed May 13 2026 15:00:00 GMT-0700 (Pacific Daylight Time),12
Wed May 13 2026 15:15:00 GMT-0700 (Pacific Daylight Time),13
Wed May 13 2026 15:30:00 GMT-0700 (Pacific Daylight Time),12
Wed May 13 2026 15:45:00 GMT-0700 (Pacific Daylight Time),12
Wed May 13 2026 16:00:00 GMT-0700 (Pacific Daylight Time),13
Wed May 13 2026 16:15:00 GMT-0700 (Pacific Daylight Time),12
Wed May 13 2026 16:30:00 GMT-0700 (Pacific Daylight Time),14
Wed May 13 2026 16:45:00 GMT-0700 (Pacific Daylight Time),15
Wed May 13 2026 17:00:00 GMT-0700 (Pacific Daylight Time),14
Wed May 13 2026 17:15:00 GMT-0700 (Pacific Daylight Time),16
Wed May 13 2026 17:30:00 GMT-0700 (Pacific Daylight Time),16
Wed May 13 2026 17:45:00 GMT-0700 (Pacific Daylight Time),15
Wed May 13 2026 18:00:00 GMT-0700 (Pacific Daylight Time),17
Wed May 13 2026 18:15:00 GMT-0700 (Pacific Daylight Time),17
Wed May 13 2026 18:30:00 GMT-0700 (Pacific Daylight Time),17
Wed May 13 2026 18:45:00 GMT-0700 (Pacific Daylight Time),15
Wed May 13 2026 19:00:00 GMT-0700 (Pacific Daylight Time),14
Wed May 13 2026 19:15:00 GMT-0700 (Pacific Daylight Time),14
Wed May 13 2026 19:30:00 GMT-0700 (Pacific Daylight Time),14
Wed May 13 2026 19:45:00 GMT-0700 (Pacific Daylight Time),13
Wed May 13 2026 20:00:00 GMT-0700 (Pacific Daylight Time),13
Wed May 13 2026 20:15:00 GMT-0700 (Pacific Daylight Time),13
Wed May 13 2026 20:30:00 GMT-0700 (Pacific Daylight Time),13
Wed May 13 2026 20:45:00 GMT-0700 (Pacific Daylight Time),15
Wed May 13 2026 21:00:00 GMT-0700 (Pacific Daylight Time),14
Wed May 13 2026 21:15:00 GMT-0700 (Pacific Daylight Time),14
Wed May 13 2026 21:30:00 GMT-0700 (Pacific Daylight Time),15
Wed May 13 2026 21:45:00 GMT-0700 (Pacific Daylight Time),15
Wed May 13 2026 22:00:00 GMT-0700 (Pacific Daylight Time),16
Wed May 13 2026 22:15:00 GMT-0700 (Pacific Daylight Time),16
Wed May 13 2026 22:30:00 GMT-0700 (Pacific Daylight Time),16
Wed May 13 2026 22:45:00 GMT-0700 (Pacific Daylight Time),16
Wed May 13 2026 23:00:00 GMT-0700 (Pacific Daylight Time),18
Wed May 13 2026 23:15:00 GMT-0700 (Pacific Daylight Time),17
Wed May 13 2026 23:30:00 GMT-0700 (Pacific Daylight Time),15
Wed May 13 2026 23:45:00 GMT-0700 (Pacific Daylight Time),16
Thu May 14 2026 00:00:00 GMT-0700 (Pacific Daylight Time),17
Thu May 14 2026 00:15:00 GMT-0700 (Pacific Daylight Time),16
Thu May 14 2026 00:30:00 GMT-0700 (Pacific Daylight Time),16
Thu May 14 2026 00:45:00 GMT-0700 (Pacific Daylight Time),13
Thu May 14 2026 01:00:00 GMT-0700 (Pacific Daylight Time),13
Thu May 14 2026 01:15:00 GMT-0700 (Pacific Daylight Time),11
Thu May 14 2026 01:30:00 GMT-0700 (Pacific Daylight Time),12
Thu May 14 2026 01:45:00 GMT-0700 (Pacific Daylight Time),11
Thu May 14 2026 02:00:00 GMT-0700 (Pacific Daylight Time),11
Thu May 14 2026 02:15:00 GMT-0700 (Pacific Daylight Time),11
Thu May 14 2026 02:30:00 GMT-0700 (Pacific Daylight Time),11
Thu May 14 2026 02:45:00 GMT-0700 (Pacific Daylight Time),10
Thu May 14 2026 03:00:00 GMT-0700 (Pacific Daylight Time),11
Thu May 14 2026 03:15:00 GMT-0700 (Pacific Daylight Time),11
Thu May 14 2026 03:30:00 GMT-0700 (Pacific Daylight Time),10
Thu May 14 2026 03:45:00 GMT-0700 (Pacific Daylight Time),10
Thu May 14 2026 04:00:00 GMT-0700 (Pacific Daylight Time),10
Thu May 14 2026 04:15:00 GMT-0700 (Pacific Daylight Time),11
Thu May 14 2026 04:30:00 GMT-0700 (Pacific Daylight Time),10
Thu May 14 2026 04:45:00 GMT-0700 (Pacific Daylight Time),10
Thu May 14 2026 05:00:00 GMT-0700 (Pacific Daylight Time),10
Thu May 14 2026 05:15:00 GMT-0700 (Pacific Daylight Time),10
Thu May 14 2026 05:30:00 GMT-0700 (Pacific Daylight Time),10
Thu May 14 2026 05:45:00 GMT-0700 (Pacific Daylight Time),11
Thu May 14 2026 06:00:00 GMT-0700 (Pacific Daylight Time),10
Thu May 14 2026 06:15:00 GMT-0700 (Pacific Daylight Time),14
Thu May 14 2026 06:30:00 GMT-0700 (Pacific Daylight Time),12
Thu May 14 2026 06:45:00 GMT-0700 (Pacific Daylight Time),12
Thu May 14 2026 07:00:00 GMT-0700 (Pacific Daylight Time),12
Thu May 14 2026 07:15:00 GMT-0700 (Pacific Daylight Time),10
Thu May 14 2026 07:30:00 GMT-0700 (Pacific Daylight Time),13
Thu May 14 2026 07:45:00 GMT-0700 (Pacific Daylight Time),12
Thu May 14 2026 08:00:00 GMT-0700 (Pacific Daylight Time),12
Thu May 14 2026 08:15:00 GMT-0700 (Pacific Daylight Time),11
Thu May 14 2026 08:30:00 GMT-0700 (Pacific Daylight Time),10
Thu May 14 2026 08:45:00 GMT-0700 (Pacific Daylight Time),10
Thu May 14 2026 09:00:00 GMT-0700 (Pacific Daylight Time),10
Thu May 14 2026 09:15:00 GMT-0700 (Pacific Daylight Time),11
Thu May 14 2026 09:30:00 GMT-0700 (Pacific Daylight Time),11
Thu May 14 2026 09:45:00 GMT-0700 (Pacific Daylight Time),11
Thu May 14 2026 10:00:00 GMT-0700 (Pacific Daylight Time),13
Thu May 14 2026 10:15:00 GMT-0700 (Pacific Daylight Time),14
Thu May 14 2026 10:30:00 GMT-0700 (Pacific Daylight Time),14
Thu May 14 2026 10:45:00 GMT-0700 (Pacific Daylight Time),15
Thu May 14 2026 11:00:00 GMT-0700 (Pacific Daylight Time),14
Thu May 14 2026 11:15:00 GMT-0700 (Pacific Daylight Time),13
Thu May 14 2026 11:30:00 GMT-0700 (Pacific Daylight Time),13
Thu May 14 2026 11:45:00 GMT-0700 (Pacific Daylight Time),14
Thu May 14 2026 12:00:00 GMT-0700 (Pacific Daylight Time),14
Thu May 14 2026 12:15:00 GMT-0700 (Pacific Daylight Time),14
Thu May 14 2026 12:30:00 GMT-0700 (Pacific Daylight Time),14
Thu May 14 2026 12:45:00 GMT-0700 (Pacific Daylight Time),14
Thu May 14 2026 13:00:00 GMT-0700 (Pacific Daylight Time),14
Thu May 14 2026 13:15:00 GMT-0700 (Pacific Daylight Time),15
Thu May 14 2026 13:30:00 GMT-0700 (Pacific Daylight Time),14
Thu May 14 2026 13:45:00 GMT-0700 (Pacific Daylight Time),15
Thu May 14 2026 14:00:00 GMT-0700 (Pacific Daylight Time),13
Thu May 14 2026 14:15:00 GMT-0700 (Pacific Daylight Time),14
Thu May 14 2026 14:30:00 GMT-0700 (Pacific Daylight Time),12
Thu May 14 2026 14:45:00 GMT-0700 (Pacific Daylight Time),13
Thu May 14 2026 15:00:00 GMT-0700 (Pacific Daylight Time),12
Thu May 14 2026 15:15:00 GMT-0700 (Pacific Daylight Time),15
Thu May 14 2026 15:30:00 GMT-0700 (Pacific Daylight Time),16
Thu May 14 2026 15:45:00 GMT-0700 (Pacific Daylight Time),16
Thu May 14 2026 16:00:00 GMT-0700 (Pacific Daylight Time),18
Thu May 14 2026 16:15:00 GMT-0700 (Pacific Daylight Time),17
Thu May 14 2026 16:30:00 GMT-0700 (Pacific Daylight Time),17
Thu May 14 2026 16:45:00 GMT-0700 (Pacific Daylight Time),17
Thu May 14 2026 17:00:00 GMT-0700 (Pacific Daylight Time),15
Thu May 14 2026 17:15:00 GMT-0700 (Pacific Daylight Time),14
Thu May 14 2026 17:30:00 GMT-0700 (Pacific Daylight Time),16
Thu May 14 2026 17:45:00 GMT-0700 (Pacific Daylight Time),15
Thu May 14 2026 18:00:00 GMT-0700 (Pacific Daylight Time),17
Thu May 14 2026 18:15:00 GMT-0700 (Pacific Daylight Time),16
Thu May 14 2026 18:30:00 GMT-0700 (Pacific Daylight Time),15
Thu May 14 2026 18:45:00 GMT-0700 (Pacific Daylight Time),14
Thu May 14 2026 19:00:00 GMT-0700 (Pacific Daylight Time),13
Thu May 14 2026 19:15:00 GMT-0700 (Pacific Daylight Time),14
Thu May 14 2026 19:30:00 GMT-0700 (Pacific Daylight Time),16
Thu May 14 2026 19:45:00 GMT-0700 (Pacific Daylight Time),18
Thu May 14 2026 20:00:00 GMT-0700 (Pacific Daylight Time),17
Thu May 14 2026 20:15:00 GMT-0700 (Pacific Daylight Time),16
Thu May 14 2026 20:30:00 GMT-0700 (Pacific Daylight Time),15
Thu May 14 2026 20:45:00 GMT-0700 (Pacific Daylight Time),15
Thu May 14 2026 21:00:00 GMT-0700 (Pacific Daylight Time),17
Thu May 14 2026 21:15:00 GMT-0700 (Pacific Daylight Time),16
Thu May 14 2026 21:30:00 GMT-0700 (Pacific Daylight Time),16
Thu May 14 2026 21:45:00 GMT-0700 (Pacific Daylight Time),16
Thu May 14 2026 22:00:00 GMT-0700 (Pacific Daylight Time),15
Thu May 14 2026 22:15:00 GMT-0700 (Pacific Daylight Time),17
Thu May 14 2026 22:30:00 GMT-0700 (Pacific Daylight Time),17
Thu May 14 2026 22:45:00 GMT-0700 (Pacific Daylight Time),17
Thu May 14 2026 23:00:00 GMT-0700 (Pacific Daylight Time),18
Thu May 14 2026 23:15:00 GMT-0700 (Pacific Daylight Time),15
Thu May 14 2026 23:30:00 GMT-0700 (Pacific Daylight Time),15
Thu May 14 2026 23:45:00 GMT-0700 (Pacific Daylight Time),14
Fri May 15 2026 00:00:00 GMT-0700 (Pacific Daylight Time),12
Fri May 15 2026 00:15:00 GMT-0700 (Pacific Daylight Time),13
Fri May 15 2026 00:30:00 GMT-0700 (Pacific Daylight Time),12
Fri May 15 2026 00:45:00 GMT-0700 (Pacific Daylight Time),12
Fri May 15 2026 01:00:00 GMT-0700 (Pacific Daylight Time),11
Fri May 15 2026 01:15:00 GMT-0700 (Pacific Daylight Time),12
Fri May 15 2026 01:30:00 GMT-0700 (Pacific Daylight Time),12
Fri May 15 2026 01:45:00 GMT-0700 (Pacific Daylight Time),11
Fri May 15 2026 02:00:00 GMT-0700 (Pacific Daylight Time),12
Fri May 15 2026 02:15:00 GMT-0700 (Pacific Daylight Time),12
Fri May 15 2026 02:30:00 GMT-0700 (Pacific Daylight Time),12
Fri May 15 2026 02:45:00 GMT-0700 (Pacific Daylight Time),12
Fri May 15 2026 03:00:00 GMT-0700 (Pacific Daylight Time),11
Fri May 15 2026 03:15:00 GMT-0700 (Pacific Daylight Time),11
Fri May 15 2026 03:30:00 GMT-0700 (Pacific Daylight Time),10
Fri May 15 2026 03:45:00 GMT-0700 (Pacific Daylight Time),10
Fri May 15 2026 04:00:00 GMT-0700 (Pacific Daylight Time),10
Fri May 15 2026 04:15:00 GMT-0700 (Pacific Daylight Time),10
Fri May 15 2026 04:30:00 GMT-0700 (Pacific Daylight Time),11
Fri May 15 2026 04:45:00 GMT-0700 (Pacific Daylight Time),10
Fri May 15 2026 05:00:00 GMT-0700 (Pacific Daylight Time),10
Fri May 15 2026 05:15:00 GMT-0700 (Pacific Daylight Time),10
Fri May 15 2026 05:30:00 GMT-0700 (Pacific Daylight Time),10
Fri May 15 2026 05:45:00 GMT-0700 (Pacific Daylight Time),10
Fri May 15 2026 06:00:00 GMT-0700 (Pacific Daylight Time),9
Fri May 15 2026 06:15:00 GMT-0700 (Pacific Daylight Time),9
Fri May 15 2026 06:30:00 GMT-0700 (Pacific Daylight Time),10
Fri May 15 2026 06:45:00 GMT-0700 (Pacific Daylight Time),9
Fri May 15 2026 07:00:00 GMT-0700 (Pacific Daylight Time),9
Fri May 15 2026 07:15:00 GMT-0700 (Pacific Daylight Time),10
Fri May 15 2026 07:30:00 GMT-0700 (Pacific Daylight Time),9
Fri May 15 2026 07:45:00 GMT-0700 (Pacific Daylight Time),9
Fri May 15 2026 08:00:00 GMT-0700 (Pacific Daylight Time),10
Fri May 15 2026 08:15:00 GMT-0700 (Pacific Daylight Time),9
Fri May 15 2026 08:30:00 GMT-0700 (Pacific Daylight Time),10
Fri May 15 2026 08:45:00 GMT-0700 (Pacific Daylight Time),10
Fri May 15 2026 09:00:00 GMT-0700 (Pacific Daylight Time),11
Fri May 15 2026 09:15:00 GMT-0700 (Pacific Daylight Time),10
Fri May 15 2026 09:30:00 GMT-0700 (Pacific Daylight Time),11
Fri May 15 2026 09:45:00 GMT-0700 (Pacific Daylight Time),10
Fri May 15 2026 10:00:00 GMT-0700 (Pacific Daylight Time),11
Fri May 15 2026 10:15:00 GMT-0700 (Pacific Daylight Time),10
Fri May 15 2026 10:30:00 GMT-0700 (Pacific Daylight Time),12
Fri May 15 2026 10:45:00 GMT-0700 (Pacific Daylight Time),11
Fri May 15 2026 11:00:00 GMT-0700 (Pacific Daylight Time),12
Fri May 15 2026 11:15:00 GMT-0700 (Pacific Daylight Time),14
Fri May 15 2026 11:30:00 GMT-0700 (Pacific Daylight Time),13
Fri May 15 2026 11:45:00 GMT-0700 (Pacific Daylight Time),16
Fri May 15 2026 12:00:00 GMT-0700 (Pacific Daylight Time),15
Fri May 15 2026 12:15:00 GMT-0700 (Pacific Daylight Time),14
Fri May 15 2026 12:30:00 GMT-0700 (Pacific Daylight Time),14
Fri May 15 2026 12:45:00 GMT-0700 (Pacific Daylight Time),13
Fri May 15 2026 13:00:00 GMT-0700 (Pacific Daylight Time),14
Fri May 15 2026 13:15:00 GMT-0700 (Pacific Daylight Time),15
Fri May 15 2026 13:30:00 GMT-0700 (Pacific Daylight Time),14
Fri May 15 2026 13:45:00 GMT-0700 (Pacific Daylight Time),12
Fri May 15 2026 14:00:00 GMT-0700 (Pacific Daylight Time),15
Fri May 15 2026 14:15:00 GMT-0700 (Pacific Daylight Time),15
Fri May 15 2026 14:30:00 GMT-0700 (Pacific Daylight Time),15
Fri May 15 2026 14:45:00 GMT-0700 (Pacific Daylight Time),14
Fri May 15 2026 15:00:00 GMT-0700 (Pacific Daylight Time),13
Fri May 15 2026 15:15:00 GMT-0700 (Pacific Daylight Time),13
Fri May 15 2026 15:30:00 GMT-0700 (Pacific Daylight Time),14
Fri May 15 2026 15:45:00 GMT-0700 (Pacific Daylight Time),14
Fri May 15 2026 16:00:00 GMT-0700 (Pacific Daylight Time),14
Fri May 15 2026 16:15:00 GMT-0700 (Pacific Daylight Time),16
Fri May 15 2026 16:30:00 GMT-0700 (Pacific Daylight Time),15
Fri May 15 2026 16:45:00 GMT-0700 (Pacific Daylight Time),14
Fri May 15 2026 17:00:00 GMT-0700 (Pacific Daylight Time),14
Fri May 15 2026 17:15:00 GMT-0700 (Pacific Daylight Time),15
Fri May 15 2026 17:30:00 GMT-0700 (Pacific Daylight Time),15
Fri May 15 2026 17:45:00 GMT-0700 (Pacific Daylight Time),17
Fri May 15 2026 18:00:00 GMT-0700 (Pacific Daylight Time),18
Fri May 15 2026 18:15:00 GMT-0700 (Pacific Daylight Time),16
Fri May 15 2026 18:30:00 GMT-0700 (Pacific Daylight Time),16
Fri May 15 2026 18:45:00 GMT-0700 (Pacific Daylight Time),15
Fri May 15 2026 19:00:00 GMT-0700 (Pacific Daylight Time),14
Fri May 15 2026 19:15:00 GMT-0700 (Pacific Daylight Time),13
Fri May 15 2026 19:30:00 GMT-0700 (Pacific Daylight Time),13
Fri May 15 2026 19:45:00 GMT-0700 (Pacific Daylight Time),12
Fri May 15 2026 20:00:00 GMT-0700 (Pacific Daylight Time),12
Fri May 15 2026 20:15:00 GMT-0700 (Pacific Daylight Time),12
Fri May 15 2026 20:30:00 GMT-0700 (Pacific Daylight Time),12
Fri May 15 2026 20:45:00 GMT-0700 (Pacific Daylight Time),13
Fri May 15 2026 21:00:00 GMT-0700 (Pacific Daylight Time),16
Fri May 15 2026 21:15:00 GMT-0700 (Pacific Daylight Time),16
Fri May 15 2026 21:30:00 GMT-0700 (Pacific Daylight Time),16
Fri May 15 2026 21:45:00 GMT-0700 (Pacific Daylight Time),16
Fri May 15 2026 22:00:00 GMT-0700 (Pacific Daylight Time),13
Fri May 15 2026 22:15:00 GMT-0700 (Pacific Daylight Time),15
Fri May 15 2026 22:30:00 GMT-0700 (Pacific Daylight Time),14
Fri May 15 2026 22:45:00 GMT-0700 (Pacific Daylight Time),14
Fri May 15 2026 23:00:00 GMT-0700 (Pacific Daylight Time),13
Fri May 15 2026 23:15:00 GMT-0700 (Pacific Daylight Time),14
Fri May 15 2026 23:30:00 GMT-0700 (Pacific Daylight Time),15
Fri May 15 2026 23:45:00 GMT-0700 (Pacific Daylight Time),14
Sat May 16 2026 00:00:00 GMT-0700 (Pacific Daylight Time),13
Sat May 16 2026 00:15:00 GMT-0700 (Pacific Daylight Time),13
Sat May 16 2026 00:30:00 GMT-0700 (Pacific Daylight Time),13
Sat May 16 2026 00:45:00 GMT-0700 (Pacific Daylight Time),12
Sat May 16 2026 01:00:00 GMT-0700 (Pacific Daylight Time),12
Sat May 16 2026 01:15:00 GMT-0700 (Pacific Daylight Time),12
Sat May 16 2026 01:30:00 GMT-0700 (Pacific Daylight Time),11
Sat May 16 2026 01:45:00 GMT-0700 (Pacific Daylight Time),15
Sat May 16 2026 02:00:00 GMT-0700 (Pacific Daylight Time),14
Sat May 16 2026 02:15:00 GMT-0700 (Pacific Daylight Time),14
Sat May 16 2026 02:30:00 GMT-0700 (Pacific Daylight Time),12
Sat May 16 2026 02:45:00 GMT-0700 (Pacific Daylight Time),11
Sat May 16 2026 03:00:00 GMT-0700 (Pacific Daylight Time),12
Sat May 16 2026 03:15:00 GMT-0700 (Pacific Daylight Time),13
Sat May 16 2026 03:30:00 GMT-0700 (Pacific Daylight Time),12
Sat May 16 2026 03:45:00 GMT-0700 (Pacific Daylight Time),12
Sat May 16 2026 04:00:00 GMT-0700 (Pacific Daylight Time),11
Sat May 16 2026 04:15:00 GMT-0700 (Pacific Daylight Time),10
Sat May 16 2026 04:30:00 GMT-0700 (Pacific Daylight Time),10
Sat May 16 2026 04:45:00 GMT-0700 (Pacific Daylight Time),10
Sat May 16 2026 05:00:00 GMT-0700 (Pacific Daylight Time),10
Sat May 16 2026 05:15:00 GMT-0700 (Pacific Daylight Time),10
Sat May 16 2026 05:30:00 GMT-0700 (Pacific Daylight Time),10
Sat May 16 2026 05:45:00 GMT-0700 (Pacific Daylight Time),12
Sat May 16 2026 06:00:00 GMT-0700 (Pacific Daylight Time),11
Sat May 16 2026 06:15:00 GMT-0700 (Pacific Daylight Time),12
Sat May 16 2026 06:30:00 GMT-0700 (Pacific Daylight Time),10
Sat May 16 2026 06:45:00 GMT-0700 (Pacific Daylight Time),11
Sat May 16 2026 07:00:00 GMT-0700 (Pacific Daylight Time),9
Sat May 16 2026 07:15:00 GMT-0700 (Pacific Daylight Time),11
Sat May 16 2026 07:30:00 GMT-0700 (Pacific Daylight Time),11
Sat May 16 2026 07:45:00 GMT-0700 (Pacific Daylight Time),11
Sat May 16 2026 08:00:00 GMT-0700 (Pacific Daylight Time),14
Sat May 16 2026 08:15:00 GMT-0700 (Pacific Daylight Time),12
Sat May 16 2026 08:30:00 GMT-0700 (Pacific Daylight Time),12
Sat May 16 2026 08:45:00 GMT-0700 (Pacific Daylight Time),14
Sat May 16 2026 09:00:00 GMT-0700 (Pacific Daylight Time),12
Sat May 16 2026 09:15:00 GMT-0700 (Pacific Daylight Time),12
Sat May 16 2026 09:30:00 GMT-0700 (Pacific Daylight Time),12
Sat May 16 2026 09:45:00 GMT-0700 (Pacific Daylight Time),10
Sat May 16 2026 10:00:00 GMT-0700 (Pacific Daylight Time),10
Sat May 16 2026 10:15:00 GMT-0700 (Pacific Daylight Time),9
Sat May 16 2026 10:30:00 GMT-0700 (Pacific Daylight Time),10
Sat May 16 2026 10:45:00 GMT-0700 (Pacific Daylight Time),10
Sat May 16 2026 11:00:00 GMT-0700 (Pacific Daylight Time),13
Sat May 16 2026 11:15:00 GMT-0700 (Pacific Daylight Time),13
Sat May 16 2026 11:30:00 GMT-0700 (Pacific Daylight Time),14
Sat May 16 2026 11:45:00 GMT-0700 (Pacific Daylight Time),13
Sat May 16 2026 12:00:00 GMT-0700 (Pacific Daylight Time),12
Sat May 16 2026 12:15:00 GMT-0700 (Pacific Daylight Time),11
Sat May 16 2026 12:30:00 GMT-0700 (Pacific Daylight Time),11
Sat May 16 2026 12:45:00 GMT-0700 (Pacific Daylight Time),11
Sat May 16 2026 13:00:00 GMT-0700 (Pacific Daylight Time),11
Sat May 16 2026 13:15:00 GMT-0700 (Pacific Daylight Time),11
Sat May 16 2026 13:30:00 GMT-0700 (Pacific Daylight Time),11
Sat May 16 2026 13:45:00 GMT-0700 (Pacific Daylight Time),11
Sat May 16 2026 14:00:00 GMT-0700 (Pacific Daylight Time),13
Sat May 16 2026 14:15:00 GMT-0700 (Pacific Daylight Time),12
Sat May 16 2026 14:30:00 GMT-0700 (Pacific Daylight Time),13
Sat May 16 2026 14:45:00 GMT-0700 (Pacific Daylight Time),12
Sat May 16 2026 15:00:00 GMT-0700 (Pacific Daylight Time),14
Sat May 16 2026 15:15:00 GMT-0700 (Pacific Daylight Time),12
Sat May 16 2026 15:30:00 GMT-0700 (Pacific Daylight Time),13
Sat May 16 2026 15:45:00 GMT-0700 (Pacific Daylight Time),13
Sat May 16 2026 16:00:00 GMT-0700 (Pacific Daylight Time),12
Sat May 16 2026 16:15:00 GMT-0700 (Pacific Daylight Time),13
Sat May 16 2026 16:30:00 GMT-0700 (Pacific Daylight Time),14
Sat May 16 2026 16:45:00 GMT-0700 (Pacific Daylight Time),14
Sat May 16 2026 17:00:00 GMT-0700 (Pacific Daylight Time),14
Sat May 16 2026 17:15:00 GMT-0700 (Pacific Daylight Time),13
Sat May 16 2026 17:30:00 GMT-0700 (Pacific Daylight Time),14
Sat May 16 2026 17:45:00 GMT-0700 (Pacific Daylight Time),14
Sat May 16 2026 18:00:00 GMT-0700 (Pacific Daylight Time),14
Sat May 16 2026 18:15:00 GMT-0700 (Pacific Daylight Time),15
Sat May 16 2026 18:30:00 GMT-0700 (Pacific Daylight Time),14
Sat May 16 2026 18:45:00 GMT-0700 (Pacific Daylight Time),15
Sat May 16 2026 19:00:00 GMT-0700 (Pacific Daylight Time),16
Sat May 16 2026 19:15:00 GMT-0700 (Pacific Daylight Time),16
Sat May 16 2026 19:30:00 GMT-0700 (Pacific Daylight Time),15
Sat May 16 2026 19:45:00 GMT-0700 (Pacific Daylight Time),15
Sat May 16 2026 20:00:00 GMT-0700 (Pacific Daylight Time),16
Sat May 16 2026 20:15:00 GMT-0700 (Pacific Daylight Time),14
Sat May 16 2026 20:30:00 GMT-0700 (Pacific Daylight Time),15
Sat May 16 2026 20:45:00 GMT-0700 (Pacific Daylight Time),16
Sat May 16 2026 21:00:00 GMT-0700 (Pacific Daylight Time),15
Sat May 16 2026 21:15:00 GMT-0700 (Pacific Daylight Time),16
Sat May 16 2026 21:30:00 GMT-0700 (Pacific Daylight Time),14
Sat May 16 2026 21:45:00 GMT-0700 (Pacific Daylight Time),15
Sat May 16 2026 22:00:00 GMT-0700 (Pacific Daylight Time),14
Sat May 16 2026 22:15:00 GMT-0700 (Pacific Daylight Time),14
Sat May 16 2026 22:30:00 GMT-0700 (Pacific Daylight Time),13
Sat May 16 2026 22:45:00 GMT-0700 (Pacific Daylight Time),14
Sat May 16 2026 23:00:00 GMT-0700 (Pacific Daylight Time),14
Sat May 16 2026 23:15:00 GMT-0700 (Pacific Daylight Time),14
Sat May 16 2026 23:30:00 GMT-0700 (Pacific Daylight Time),13
Sat May 16 2026 23:45:00 GMT-0700 (Pacific Daylight Time),14
Sun May 17 2026 00:00:00 GMT-0700 (Pacific Daylight Time),13
Sun May 17 2026 00:15:00 GMT-0700 (Pacific Daylight Time),13
Sun May 17 2026 00:30:00 GMT-0700 (Pacific Daylight Time),11
Sun May 17 2026 00:45:00 GMT-0700 (Pacific Daylight Time),12
Sun May 17 2026 01:00:00 GMT-0700 (Pacific Daylight Time),12
Sun May 17 2026 01:15:00 GMT-0700 (Pacific Daylight Time),12
Sun May 17 2026 01:30:00 GMT-0700 (Pacific Daylight Time),12
Sun May 17 2026 01:45:00 GMT-0700 (Pacific Daylight Time),13
Sun May 17 2026 02:00:00 GMT-0700 (Pacific Daylight Time),13
Sun May 17 2026 02:15:00 GMT-0700 (Pacific Daylight Time),12
Sun May 17 2026 02:30:00 GMT-0700 (Pacific Daylight Time),12
Sun May 17 2026 02:45:00 GMT-0700 (Pacific Daylight Time),10
Sun May 17 2026 03:00:00 GMT-0700 (Pacific Daylight Time),10
Sun May 17 2026 03:15:00 GMT-0700 (Pacific Daylight Time),11
Sun May 17 2026 03:30:00 GMT-0700 (Pacific Daylight Time),10
Sun May 17 2026 03:45:00 GMT-0700 (Pacific Daylight Time),10
Sun May 17 2026 04:00:00 GMT-0700 (Pacific Daylight Time),10
Sun May 17 2026 04:15:00 GMT-0700 (Pacific Daylight Time),9
Sun May 17 2026 04:30:00 GMT-0700 (Pacific Daylight Time),10
Sun May 17 2026 04:45:00 GMT-0700 (Pacific Daylight Time),10
Sun May 17 2026 05:00:00 GMT-0700 (Pacific Daylight Time),10
Sun May 17 2026 05:15:00 GMT-0700 (Pacific Daylight Time),10
Sun May 17 2026 05:30:00 GMT-0700 (Pacific Daylight Time),9
Sun May 17 2026 05:45:00 GMT-0700 (Pacific Daylight Time),10
Sun May 17 2026 06:00:00 GMT-0700 (Pacific Daylight Time),9
Sun May 17 2026 06:15:00 GMT-0700 (Pacific Daylight Time),9
Sun May 17 2026 06:30:00 GMT-0700 (Pacific Daylight Time),10
Sun May 17 2026 06:45:00 GMT-0700 (Pacific Daylight Time),9
Sun May 17 2026 07:00:00 GMT-0700 (Pacific Daylight Time),10
Sun May 17 2026 07:15:00 GMT-0700 (Pacific Daylight Time),9
Sun May 17 2026 07:30:00 GMT-0700 (Pacific Daylight Time),10
Sun May 17 2026 07:45:00 GMT-0700 (Pacific Daylight Time),11
Sun May 17 2026 08:00:00 GMT-0700 (Pacific Daylight Time),11
Sun May 17 2026 08:15:00 GMT-0700 (Pacific Daylight Time),11
Sun May 17 2026 08:30:00 GMT-0700 (Pacific Daylight Time),12
Sun May 17 2026 08:45:00 GMT-0700 (Pacific Daylight Time),11
Sun May 17 2026 09:00:00 GMT-0700 (Pacific Daylight Time),11
Sun May 17 2026 09:15:00 GMT-0700 (Pacific Daylight Time),13
Sun May 17 2026 09:30:00 GMT-0700 (Pacific Daylight Time),14
Sun May 17 2026 09:45:00 GMT-0700 (Pacific Daylight Time),14
Sun May 17 2026 10:00:00 GMT-0700 (Pacific Daylight Time),12
Sun May 17 2026 10:15:00 GMT-0700 (Pacific Daylight Time),11
Sun May 17 2026 10:30:00 GMT-0700 (Pacific Daylight Time),10
Sun May 17 2026 10:45:00 GMT-0700 (Pacific Daylight Time),10
Sun May 17 2026 11:00:00 GMT-0700 (Pacific Daylight Time),11
Sun May 17 2026 11:15:00 GMT-0700 (Pacific Daylight Time),12
Sun May 17 2026 11:30:00 GMT-0700 (Pacific Daylight Time),14
Sun May 17 2026 11:45:00 GMT-0700 (Pacific Daylight Time),12
Sun May 17 2026 12:00:00 GMT-0700 (Pacific Daylight Time),13
Sun May 17 2026 12:15:00 GMT-0700 (Pacific Daylight Time),13
Sun May 17 2026 12:30:00 GMT-0700 (Pacific Daylight Time),14
Sun May 17 2026 12:45:00 GMT-0700 (Pacific Daylight Time),14
Sun May 17 2026 13:00:00 GMT-0700 (Pacific Daylight Time),14
Sun May 17 2026 13:15:00 GMT-0700 (Pacific Daylight Time),15
Sun May 17 2026 13:30:00 GMT-0700 (Pacific Daylight Time),17
Sun May 17 2026 13:45:00 GMT-0700 (Pacific Daylight Time),15
Sun May 17 2026 14:00:00 GMT-0700 (Pacific Daylight Time),14
Sun May 17 2026 14:15:00 GMT-0700 (Pacific Daylight Time),14
Sun May 17 2026 14:30:00 GMT-0700 (Pacific Daylight Time),14
Sun May 17 2026 14:45:00 GMT-0700 (Pacific Daylight Time),15
Sun May 17 2026 15:00:00 GMT-0700 (Pacific Daylight Time),16
Sun May 17 2026 15:15:00 GMT-0700 (Pacific Daylight Time),14
Sun May 17 2026 15:30:00 GMT-0700 (Pacific Daylight Time),15
Sun May 17 2026 15:45:00 GMT-0700 (Pacific Daylight Time),13
Sun May 17 2026 16:00:00 GMT-0700 (Pacific Daylight Time),14
Sun May 17 2026 16:15:00 GMT-0700 (Pacific Daylight Time),13
Sun May 17 2026 16:30:00 GMT-0700 (Pacific Daylight Time),14
Sun May 17 2026 16:45:00 GMT-0700 (Pacific Daylight Time),13
Sun May 17 2026 17:00:00 GMT-0700 (Pacific Daylight Time),15
Sun May 17 2026 17:15:00 GMT-0700 (Pacific Daylight Time),16
Sun May 17 2026 17:30:00 GMT-0700 (Pacific Daylight Time),15
Sun May 17 2026 17:45:00 GMT-0700 (Pacific Daylight Time),14
Sun May 17 2026 18:00:00 GMT-0700 (Pacific Daylight Time),14
Sun May 17 2026 18:15:00 GMT-0700 (Pacific Daylight Time),14
Sun May 17 2026 18:30:00 GMT-0700 (Pacific Daylight Time),13
Sun May 17 2026 18:45:00 GMT-0700 (Pacific Daylight Time),13
Sun May 17 2026 19:00:00 GMT-0700 (Pacific Daylight Time),13
Sun May 17 2026 19:15:00 GMT-0700 (Pacific Daylight Time),13
Sun May 17 2026 19:30:00 GMT-0700 (Pacific Daylight Time),14
Sun May 17 2026 19:45:00 GMT-0700 (Pacific Daylight Time),14
Sun May 17 2026 20:00:00 GMT-0700 (Pacific Daylight Time),13
Sun May 17 2026 20:15:00 GMT-0700 (Pacific Daylight Time),14
Sun May 17 2026 20:30:00 GMT-0700 (Pacific Daylight Time),15
Sun May 17 2026 20:45:00 GMT-0700 (Pacific Daylight Time),15
Sun May 17 2026 21:00:00 GMT-0700 (Pacific Daylight Time),15
Sun May 17 2026 21:15:00 GMT-0700 (Pacific Daylight Time),15
Sun May 17 2026 21:30:00 GMT-0700 (Pacific Daylight Time),14
Sun May 17 2026 21:45:00 GMT-0700 (Pacific Daylight Time),14
Sun May 17 2026 22:00:00 GMT-0700 (Pacific Daylight Time),14
Sun May 17 2026 22:15:00 GMT-0700 (Pacific Daylight Time),14
Sun May 17 2026 22:30:00 GMT-0700 (Pacific Daylight Time),14
Sun May 17 2026 22:45:00 GMT-0700 (Pacific Daylight Time),15
Sun May 17 2026 23:00:00 GMT-0700 (Pacific Daylight Time),13
Sun May 17 2026 23:15:00 GMT-0700 (Pacific Daylight Time),15
Sun May 17 2026 23:30:00 GMT-0700 (Pacific Daylight Time),13
Sun May 17 2026 23:45:00 GMT-0700 (Pacific Daylight Time),14
Mon May 18 2026 00:00:00 GMT-0700 (Pacific Daylight Time),12
Mon May 18 2026 00:15:00 GMT-0700 (Pacific Daylight Time),13
Mon May 18 2026 00:30:00 GMT-0700 (Pacific Daylight Time),12
Mon May 18 2026 00:45:00 GMT-0700 (Pacific Daylight Time),11
Mon May 18 2026 01:00:00 GMT-0700 (Pacific Daylight Time),12
Mon May 18 2026 01:15:00 GMT-0700 (Pacific Daylight Time),11
Mon May 18 2026 01:30:00 GMT-0700 (Pacific Daylight Time),11
Mon May 18 2026 01:45:00 GMT-0700 (Pacific Daylight Time),11
Mon May 18 2026 02:00:00 GMT-0700 (Pacific Daylight Time),11
Mon May 18 2026 02:15:00 GMT-0700 (Pacific Daylight Time),11
Mon May 18 2026 02:30:00 GMT-0700 (Pacific Daylight Time),11
Mon May 18 2026 02:45:00 GMT-0700 (Pacific Daylight Time),11
Mon May 18 2026 03:00:00 GMT-0700 (Pacific Daylight Time),10
Mon May 18 2026 03:15:00 GMT-0700 (Pacific Daylight Time),11
Mon May 18 2026 03:30:00 GMT-0700 (Pacific Daylight Time),10
Mon May 18 2026 03:45:00 GMT-0700 (Pacific Daylight Time),11
Mon May 18 2026 04:00:00 GMT-0700 (Pacific Daylight Time),10
Mon May 18 2026 04:15:00 GMT-0700 (Pacific Daylight Time),10
Mon May 18 2026 04:30:00 GMT-0700 (Pacific Daylight Time),10
Mon May 18 2026 04:45:00 GMT-0700 (Pacific Daylight Time),10
Mon May 18 2026 05:00:00 GMT-0700 (Pacific Daylight Time),10
Mon May 18 2026 05:15:00 GMT-0700 (Pacific Daylight Time),10
Mon May 18 2026 05:30:00 GMT-0700 (Pacific Daylight Time),10
Mon May 18 2026 05:45:00 GMT-0700 (Pacific Daylight Time),10
Mon May 18 2026 06:00:00 GMT-0700 (Pacific Daylight Time),10
Mon May 18 2026 06:15:00 GMT-0700 (Pacific Daylight Time),10
Mon May 18 2026 06:30:00 GMT-0700 (Pacific Daylight Time),10
Mon May 18 2026 06:45:00 GMT-0700 (Pacific Daylight Time),12
Mon May 18 2026 07:00:00 GMT-0700 (Pacific Daylight Time),12
Mon May 18 2026 07:15:00 GMT-0700 (Pacific Daylight Time),12
Mon May 18 2026 07:30:00 GMT-0700 (Pacific Daylight Time),11
Mon May 18 2026 07:45:00 GMT-0700 (Pacific Daylight Time),11
Mon May 18 2026 08:00:00 GMT-0700 (Pacific Daylight Time),10
Mon May 18 2026 08:15:00 GMT-0700 (Pacific Daylight Time),10
Mon May 18 2026 08:30:00 GMT-0700 (Pacific Daylight Time),11
Mon May 18 2026 08:45:00 GMT-0700 (Pacific Daylight Time),12
Mon May 18 2026 09:00:00 GMT-0700 (Pacific Daylight Time),13
Mon May 18 2026 09:15:00 GMT-0700 (Pacific Daylight Time),13
Mon May 18 2026 09:30:00 GMT-0700 (Pacific Daylight Time),13
Mon May 18 2026 09:45:00 GMT-0700 (Pacific Daylight Time),11
Mon May 18 2026 10:00:00 GMT-0700 (Pacific Daylight Time),11
Mon May 18 2026 10:15:00 GMT-0700 (Pacific Daylight Time),12
Mon May 18 2026 10:30:00 GMT-0700 (Pacific Daylight Time),11
Mon May 18 2026 10:45:00 GMT-0700 (Pacific Daylight Time),11
Mon May 18 2026 11:00:00 GMT-0700 (Pacific Daylight Time),12
Mon May 18 2026 11:15:00 GMT-0700 (Pacific Daylight Time),15
Mon May 18 2026 11:30:00 GMT-0700 (Pacific Daylight Time),15
Mon May 18 2026 11:45:00 GMT-0700 (Pacific Daylight Time),15
Mon May 18 2026 12:00:00 GMT-0700 (Pacific Daylight Time),14
Mon May 18 2026 12:15:00 GMT-0700 (Pacific Daylight Time),14
Mon May 18 2026 12:30:00 GMT-0700 (Pacific Daylight Time),13
Mon May 18 2026 12:45:00 GMT-0700 (Pacific Daylight Time),12
Mon May 18 2026 13:00:00 GMT-0700 (Pacific Daylight Time),12
Mon May 18 2026 13:15:00 GMT-0700 (Pacific Daylight Time),12
Mon May 18 2026 13:30:00 GMT-0700 (Pacific Daylight Time),14
Mon May 18 2026 13:45:00 GMT-0700 (Pacific Daylight Time),15
Mon May 18 2026 14:00:00 GMT-0700 (Pacific Daylight Time),16
Mon May 18 2026 14:15:00 GMT-0700 (Pacific Daylight Time),16
Mon May 18 2026 14:30:00 GMT-0700 (Pacific Daylight Time),14
Mon May 18 2026 14:45:00 GMT-0700 (Pacific Daylight Time),13
Mon May 18 2026 15:00:00 GMT-0700 (Pacific Daylight Time),14
Mon May 18 2026 15:15:00 GMT-0700 (Pacific Daylight Time),13
Mon May 18 2026 15:30:00 GMT-0700 (Pacific Daylight Time),13
Mon May 18 2026 15:45:00 GMT-0700 (Pacific Daylight Time),14
Mon May 18 2026 16:00:00 GMT-0700 (Pacific Daylight Time),13
Mon May 18 2026 16:15:00 GMT-0700 (Pacific Daylight Time),14
Mon May 18 2026 16:30:00 GMT-0700 (Pacific Daylight Time),14
Mon May 18 2026 16:45:00 GMT-0700 (Pacific Daylight Time),14
Mon May 18 2026 17:00:00 GMT-0700 (Pacific Daylight Time),14
Mon May 18 2026 17:15:00 GMT-0700 (Pacific Daylight Time),15
Mon May 18 2026 17:30:00 GMT-0700 (Pacific Daylight Time),14
Mon May 18 2026 17:45:00 GMT-0700 (Pacific Daylight Time),14
Mon May 18 2026 18:00:00 GMT-0700 (Pacific Daylight Time),15
Mon May 18 2026 18:15:00 GMT-0700 (Pacific Daylight Time),15
Mon May 18 2026 18:30:00 GMT-0700 (Pacific Daylight Time),15
Mon May 18 2026 18:45:00 GMT-0700 (Pacific Daylight Time),15
Mon May 18 2026 19:00:00 GMT-0700 (Pacific Daylight Time),15
Mon May 18 2026 19:15:00 GMT-0700 (Pacific Daylight Time),15
Mon May 18 2026 19:30:00 GMT-0700 (Pacific Daylight Time),13
Mon May 18 2026 19:45:00 GMT-0700 (Pacific Daylight Time),14
Mon May 18 2026 20:00:00 GMT-0700 (Pacific Daylight Time),12
Mon May 18 2026 20:15:00 GMT-0700 (Pacific Daylight Time),13
Mon May 18 2026 20:30:00 GMT-0700 (Pacific Daylight Time),14
Mon May 18 2026 20:45:00 GMT-0700 (Pacific Daylight Time),16
Mon May 18 2026 21:00:00 GMT-0700 (Pacific Daylight Time),17
Mon May 18 2026 21:15:00 GMT-0700 (Pacific Daylight Time),17
Mon May 18 2026 21:30:00 GMT-0700 (Pacific Daylight Time),16
Mon May 18 2026 21:45:00 GMT-0700 (Pacific Daylight Time),15
Mon May 18 2026 22:00:00 GMT-0700 (Pacific Daylight Time),16
Mon May 18 2026 22:15:00 GMT-0700 (Pacific Daylight Time),15
Mon May 18 2026 22:30:00 GMT-0700 (Pacific Daylight Time),16
Mon May 18 2026 22:45:00 GMT-0700 (Pacific Daylight Time),17
Mon May 18 2026 23:00:00 GMT-0700 (Pacific Daylight Time),15
Mon May 18 2026 23:15:00 GMT-0700 (Pacific Daylight Time),14
Mon May 18 2026 23:30:00 GMT-0700 (Pacific Daylight Time),14
Mon May 18 2026 23:45:00 GMT-0700 (Pacific Daylight Time),14
Tue May 19 2026 00:00:00 GMT-0700 (Pacific Daylight Time),16
Tue May 19 2026 00:15:00 GMT-0700 (Pacific Daylight Time),16
Tue May 19 2026 00:30:00 GMT-0700 (Pacific Daylight Time),15
Tue May 19 2026 00:45:00 GMT-0700 (Pacific Daylight Time),13
Tue May 19 2026 01:00:00 GMT-0700 (Pacific Daylight Time),12
Tue May 19 2026 01:15:00 GMT-0700 (Pacific Daylight Time),12
Tue May 19 2026 01:30:00 GMT-0700 (Pacific Daylight Time),12
Tue May 19 2026 01:45:00 GMT-0700 (Pacific Daylight Time),11
Tue May 19 2026 02:00:00 GMT-0700 (Pacific Daylight Time),12
Tue May 19 2026 02:15:00 GMT-0700 (Pacific Daylight Time),11
Tue May 19 2026 02:30:00 GMT-0700 (Pacific Daylight Time),11
Tue May 19 2026 02:45:00 GMT-0700 (Pacific Daylight Time),11
Tue May 19 2026 03:00:00 GMT-0700 (Pacific Daylight Time),10
Tue May 19 2026 03:15:00 GMT-0700 (Pacific Daylight Time),11
Tue May 19 2026 03:30:00 GMT-0700 (Pacific Daylight Time),10
Tue May 19 2026 03:45:00 GMT-0700 (Pacific Daylight Time),10
Tue May 19 2026 04:00:00 GMT-0700 (Pacific Daylight Time),10
Tue May 19 2026 04:15:00 GMT-0700 (Pacific Daylight Time),10
Tue May 19 2026 04:30:00 GMT-0700 (Pacific Daylight Time),10
Tue May 19 2026 04:45:00 GMT-0700 (Pacific Daylight Time),9
Tue May 19 2026 05:00:00 GMT-0700 (Pacific Daylight Time),10
Tue May 19 2026 05:15:00 GMT-0700 (Pacific Daylight Time),10
Tue May 19 2026 05:30:00 GMT-0700 (Pacific Daylight Time),10
Tue May 19 2026 05:45:00 GMT-0700 (Pacific Daylight Time),10
Tue May 19 2026 06:00:00 GMT-0700 (Pacific Daylight Time),11
Tue May 19 2026 06:15:00 GMT-0700 (Pacific Daylight Time),10
Tue May 19 2026 06:30:00 GMT-0700 (Pacific Daylight Time),12
Tue May 19 2026 06:45:00 GMT-0700 (Pacific Daylight Time),11
Tue May 19 2026 07:00:00 GMT-0700 (Pacific Daylight Time),11
Tue May 19 2026 07:15:00 GMT-0700 (Pacific Daylight Time),11
Tue May 19 2026 07:30:00 GMT-0700 (Pacific Daylight Time),10
Tue May 19 2026 07:45:00 GMT-0700 (Pacific Daylight Time),9
Tue May 19 2026 08:00:00 GMT-0700 (Pacific Daylight Time),11
Tue May 19 2026 08:15:00 GMT-0700 (Pacific Daylight Time),10
Tue May 19 2026 08:30:00 GMT-0700 (Pacific Daylight Time),11
Tue May 19 2026 08:45:00 GMT-0700 (Pacific Daylight Time),10
Tue May 19 2026 09:00:00 GMT-0700 (Pacific Daylight Time),11
Tue May 19 2026 09:15:00 GMT-0700 (Pacific Daylight Time),11
Tue May 19 2026 09:30:00 GMT-0700 (Pacific Daylight Time),11
Tue May 19 2026 09:45:00 GMT-0700 (Pacific Daylight Time),11
Tue May 19 2026 10:00:00 GMT-0700 (Pacific Daylight Time),11
Tue May 19 2026 10:15:00 GMT-0700 (Pacific Daylight Time),11
Tue May 19 2026 10:30:00 GMT-0700 (Pacific Daylight Time),11
Tue May 19 2026 10:45:00 GMT-0700 (Pacific Daylight Time),11
Tue May 19 2026 11:00:00 GMT-0700 (Pacific Daylight Time),11
Tue May 19 2026 11:15:00 GMT-0700 (Pacific Daylight Time),13
Tue May 19 2026 11:30:00 GMT-0700 (Pacific Daylight Time),12
Tue May 19 2026 11:45:00 GMT-0700 (Pacific Daylight Time),13
Tue May 19 2026 12:00:00 GMT-0700 (Pacific Daylight Time),12
Tue May 19 2026 12:15:00 GMT-0700 (Pacific Daylight Time),13
Tue May 19 2026 12:30:00 GMT-0700 (Pacific Daylight Time),11
Tue May 19 2026 12:45:00 GMT-0700 (Pacific Daylight Time),11
Tue May 19 2026 13:00:00 GMT-0700 (Pacific Daylight Time),12
Tue May 19 2026 13:15:00 GMT-0700 (Pacific Daylight Time),11
Tue May 19 2026 13:30:00 GMT-0700 (Pacific Daylight Time),11
Tue May 19 2026 13:45:00 GMT-0700 (Pacific Daylight Time),13
Tue May 19 2026 14:00:00 GMT-0700 (Pacific Daylight Time),15
Tue May 19 2026 14:15:00 GMT-0700 (Pacific Daylight Time),15
Tue May 19 2026 14:30:00 GMT-0700 (Pacific Daylight Time),15
Tue May 19 2026 14:45:00 GMT-0700 (Pacific Daylight Time),13
Tue May 19 2026 15:00:00 GMT-0700 (Pacific Daylight Time),11
Tue May 19 2026 15:15:00 GMT-0700 (Pacific Daylight Time),13
Tue May 19 2026 15:30:00 GMT-0700 (Pacific Daylight Time),11
Tue May 19 2026 15:45:00 GMT-0700 (Pacific Daylight Time),11
Tue May 19 2026 16:00:00 GMT-0700 (Pacific Daylight Time),12
Tue May 19 2026 16:15:00 GMT-0700 (Pacific Daylight Time),12
Tue May 19 2026 16:30:00 GMT-0700 (Pacific Daylight Time),14
Tue May 19 2026 16:45:00 GMT-0700 (Pacific Daylight Time),14
Tue May 19 2026 17:00:00 GMT-0700 (Pacific Daylight Time),13
Tue May 19 2026 17:15:00 GMT-0700 (Pacific Daylight Time),13
Tue May 19 2026 17:30:00 GMT-0700 (Pacific Daylight Time),12
Tue May 19 2026 17:45:00 GMT-0700 (Pacific Daylight Time),13
Tue May 19 2026 18:00:00 GMT-0700 (Pacific Daylight Time),15
Tue May 19 2026 18:15:00 GMT-0700 (Pacific Daylight Time),14
Tue May 19 2026 18:30:00 GMT-0700 (Pacific Daylight Time),17
Tue May 19 2026 18:45:00 GMT-0700 (Pacific Daylight Time),15
Tue May 19 2026 19:00:00 GMT-0700 (Pacific Daylight Time),14
Tue May 19 2026 19:15:00 GMT-0700 (Pacific Daylight Time),14
Tue May 19 2026 19:30:00 GMT-0700 (Pacific Daylight Time),13
Tue May 19 2026 19:45:00 GMT-0700 (Pacific Daylight Time),14
Tue May 19 2026 20:00:00 GMT-0700 (Pacific Daylight Time),14
Tue May 19 2026 20:15:00 GMT-0700 (Pacific Daylight Time),14
Tue May 19 2026 20:30:00 GMT-0700 (Pacific Daylight Time),14
Tue May 19 2026 20:45:00 GMT-0700 (Pacific Daylight Time),14
Tue May 19 2026 21:00:00 GMT-0700 (Pacific Daylight Time),14
Tue May 19 2026 21:15:00 GMT-0700 (Pacific Daylight Time),15
Tue May 19 2026 21:30:00 GMT-0700 (Pacific Daylight Time),15
Tue May 19 2026 21:45:00 GMT-0700 (Pacific Daylight Time),15
Tue May 19 2026 22:00:00 GMT-0700 (Pacific Daylight Time),16
Tue May 19 2026 22:15:00 GMT-0700 (Pacific Daylight Time),16
Tue May 19 2026 22:30:00 GMT-0700 (Pacific Daylight Time),16
Tue May 19 2026 22:45:00 GMT-0700 (Pacific Daylight Time),16
Tue May 19 2026 23:00:00 GMT-0700 (Pacific Daylight Time),15
Tue May 19 2026 23:15:00 GMT-0700 (Pacific Daylight Time),14
Tue May 19 2026 23:30:00 GMT-0700 (Pacific Daylight Time),15
Tue May 19 2026 23:45:00 GMT-0700 (Pacific Daylight Time),13
Wed May 20 2026 00:00:00 GMT-0700 (Pacific Daylight Time),14
Wed May 20 2026 00:15:00 GMT-0700 (Pacific Daylight Time),14
Wed May 20 2026 00:30:00 GMT-0700 (Pacific Daylight Time),14
Wed May 20 2026 00:45:00 GMT-0700 (Pacific Daylight Time),14
Wed May 20 2026 01:00:00 GMT-0700 (Pacific Daylight Time),14
Wed May 20 2026 01:15:00 GMT-0700 (Pacific Daylight Time),14
Wed May 20 2026 01:30:00 GMT-0700 (Pacific Daylight Time),13
Wed May 20 2026 01:45:00 GMT-0700 (Pacific Daylight Time),11
Wed May 20 2026 02:00:00 GMT-0700 (Pacific Daylight Time),12
Wed May 20 2026 02:15:00 GMT-0700 (Pacific Daylight Time),12
Wed May 20 2026 02:30:00 GMT-0700 (Pacific Daylight Time),11
Wed May 20 2026 02:45:00 GMT-0700 (Pacific Daylight Time),11
Wed May 20 2026 03:00:00 GMT-0700 (Pacific Daylight Time),10
Wed May 20 2026 03:15:00 GMT-0700 (Pacific Daylight Time),11
Wed May 20 2026 03:30:00 GMT-0700 (Pacific Daylight Time),10
Wed May 20 2026 03:45:00 GMT-0700 (Pacific Daylight Time),11
Wed May 20 2026 04:00:00 GMT-0700 (Pacific Daylight Time),10
Wed May 20 2026 04:15:00 GMT-0700 (Pacific Daylight Time),10
Wed May 20 2026 04:30:00 GMT-0700 (Pacific Daylight Time),10
Wed May 20 2026 04:45:00 GMT-0700 (Pacific Daylight Time),10
Wed May 20 2026 05:00:00 GMT-0700 (Pacific Daylight Time),10
Wed May 20 2026 05:15:00 GMT-0700 (Pacific Daylight Time),11
Wed May 20 2026 05:30:00 GMT-0700 (Pacific Daylight Time),10
Wed May 20 2026 05:45:00 GMT-0700 (Pacific Daylight Time),10
Wed May 20 2026 06:00:00 GMT-0700 (Pacific Daylight Time),10
Wed May 20 2026 06:15:00 GMT-0700 (Pacific Daylight Time),10
Wed May 20 2026 06:30:00 GMT-0700 (Pacific Daylight Time),9
Wed May 20 2026 06:45:00 GMT-0700 (Pacific Daylight Time),10
Wed May 20 2026 07:00:00 GMT-0700 (Pacific Daylight Time),10
Wed May 20 2026 07:15:00 GMT-0700 (Pacific Daylight Time),9
Wed May 20 2026 07:30:00 GMT-0700 (Pacific Daylight Time),10
Wed May 20 2026 07:45:00 GMT-0700 (Pacific Daylight Time),11
Wed May 20 2026 08:00:00 GMT-0700 (Pacific Daylight Time),11
Wed May 20 2026 08:15:00 GMT-0700 (Pacific Daylight Time),12
Wed May 20 2026 08:30:00 GMT-0700 (Pacific Daylight Time),11
Wed May 20 2026 08:45:00 GMT-0700 (Pacific Daylight Time),13
Wed May 20 2026 09:00:00 GMT-0700 (Pacific Daylight Time),13
Wed May 20 2026 09:15:00 GMT-0700 (Pacific Daylight Time),13
Wed May 20 2026 09:30:00 GMT-0700 (Pacific Daylight Time),14
Wed May 20 2026 09:45:00 GMT-0700 (Pacific Daylight Time),14
Wed May 20 2026 10:00:00 GMT-0700 (Pacific Daylight Time),14
Wed May 20 2026 10:15:00 GMT-0700 (Pacific Daylight Time),15
Wed May 20 2026 10:30:00 GMT-0700 (Pacific Daylight Time),13
Wed May 20 2026 10:45:00 GMT-0700 (Pacific Daylight Time),14
Wed May 20 2026 11:00:00 GMT-0700 (Pacific Daylight Time),14
Wed May 20 2026 11:15:00 GMT-0700 (Pacific Daylight Time),14
Wed May 20 2026 11:30:00 GMT-0700 (Pacific Daylight Time),14
Wed May 20 2026 11:45:00 GMT-0700 (Pacific Daylight Time),13
Wed May 20 2026 12:00:00 GMT-0700 (Pacific Daylight Time),15
Wed May 20 2026 12:15:00 GMT-0700 (Pacific Daylight Time),14
Wed May 20 2026 12:30:00 GMT-0700 (Pacific Daylight Time),13
Wed May 20 2026 12:45:00 GMT-0700 (Pacific Daylight Time),13
Wed May 20 2026 13:00:00 GMT-0700 (Pacific Daylight Time),11
Wed May 20 2026 13:15:00 GMT-0700 (Pacific Daylight Time),12
Wed May 20 2026 13:30:00 GMT-0700 (Pacific Daylight Time),12
Wed May 20 2026 13:45:00 GMT-0700 (Pacific Daylight Time),13
Wed May 20 2026 14:00:00 GMT-0700 (Pacific Daylight Time),12
Wed May 20 2026 14:15:00 GMT-0700 (Pacific Daylight Time),13
Wed May 20 2026 14:30:00 GMT-0700 (Pacific Daylight Time),13
Wed May 20 2026 14:45:00 GMT-0700 (Pacific Daylight Time),12
Wed May 20 2026 15:00:00 GMT-0700 (Pacific Daylight Time),13
Wed May 20 2026 15:15:00 GMT-0700 (Pacific Daylight Time),13
Wed May 20 2026 15:30:00 GMT-0700 (Pacific Daylight Time),12
Wed May 20 2026 15:45:00 GMT-0700 (Pacific Daylight Time),14
Wed May 20 2026 16:00:00 GMT-0700 (Pacific Daylight Time),15
Wed May 20 2026 16:15:00 GMT-0700 (Pacific Daylight Time),15
Wed May 20 2026 16:30:00 GMT-0700 (Pacific Daylight Time),16
Wed May 20 2026 16:45:00 GMT-0700 (Pacific Daylight Time),13
Wed May 20 2026 17:00:00 GMT-0700 (Pacific Daylight Time),14
Wed May 20 2026 17:15:00 GMT-0700 (Pacific Daylight Time),12
Wed May 20 2026 17:30:00 GMT-0700 (Pacific Daylight Time),14
Wed May 20 2026 17:45:00 GMT-0700 (Pacific Daylight Time),13
Wed May 20 2026 18:00:00 GMT-0700 (Pacific Daylight Time),14
Wed May 20 2026 18:15:00 GMT-0700 (Pacific Daylight Time),16
Wed May 20 2026 18:30:00 GMT-0700 (Pacific Daylight Time),16
Wed May 20 2026 18:45:00 GMT-0700 (Pacific Daylight Time),17
Wed May 20 2026 19:00:00 GMT-0700 (Pacific Daylight Time),17
Wed May 20 2026 19:15:00 GMT-0700 (Pacific Daylight Time),17
Wed May 20 2026 19:30:00 GMT-0700 (Pacific Daylight Time),16
Wed May 20 2026 19:45:00 GMT-0700 (Pacific Daylight Time),16
Wed May 20 2026 20:00:00 GMT-0700 (Pacific Daylight Time),14
Wed May 20 2026 20:15:00 GMT-0700 (Pacific Daylight Time),15
Wed May 20 2026 20:30:00 GMT-0700 (Pacific Daylight Time),15
Wed May 20 2026 20:45:00 GMT-0700 (Pacific Daylight Time),17
Wed May 20 2026 21:00:00 GMT-0700 (Pacific Daylight Time),17
Wed May 20 2026 21:15:00 GMT-0700 (Pacific Daylight Time),16
Wed May 20 2026 21:30:00 GMT-0700 (Pacific Daylight Time),15
Wed May 20 2026 21:45:00 GMT-0700 (Pacific Daylight Time),15
Wed May 20 2026 22:00:00 GMT-0700 (Pacific Daylight Time),16
Wed May 20 2026 22:15:00 GMT-0700 (Pacific Daylight Time),15
Wed May 20 2026 22:30:00 GMT-0700 (Pacific Daylight Time),15
Wed May 20 2026 22:45:00 GMT-0700 (Pacific Daylight Time),15
Wed May 20 2026 23:00:00 GMT-0700 (Pacific Daylight Time),14
Wed May 20 2026 23:15:00 GMT-0700 (Pacific Daylight Time),13
Wed May 20 2026 23:30:00 GMT-0700 (Pacific Daylight Time),14
Wed May 20 2026 23:45:00 GMT-0700 (Pacific Daylight Time),13
Thu May 21 2026 00:00:00 GMT-0700 (Pacific Daylight Time),13
Thu May 21 2026 00:15:00 GMT-0700 (Pacific Daylight Time),13
Thu May 21 2026 00:30:00 GMT-0700 (Pacific Daylight Time),12
Thu May 21 2026 00:45:00 GMT-0700 (Pacific Daylight Time),13
Thu May 21 2026 01:00:00 GMT-0700 (Pacific Daylight Time),12
Thu May 21 2026 01:15:00 GMT-0700 (Pacific Daylight Time),12
Thu May 21 2026 01:30:00 GMT-0700 (Pacific Daylight Time),12
Thu May 21 2026 01:45:00 GMT-0700 (Pacific Daylight Time),12
Thu May 21 2026 02:00:00 GMT-0700 (Pacific Daylight Time),11
Thu May 21 2026 02:15:00 GMT-0700 (Pacific Daylight Time),11
Thu May 21 2026 02:30:00 GMT-0700 (Pacific Daylight Time),10
Thu May 21 2026 02:45:00 GMT-0700 (Pacific Daylight Time),11
Thu May 21 2026 03:00:00 GMT-0700 (Pacific Daylight Time),11
Thu May 21 2026 03:15:00 GMT-0700 (Pacific Daylight Time),10
Thu May 21 2026 03:30:00 GMT-0700 (Pacific Daylight Time),11
Thu May 21 2026 03:45:00 GMT-0700 (Pacific Daylight Time),10
Thu May 21 2026 04:00:00 GMT-0700 (Pacific Daylight Time),10
Thu May 21 2026 04:15:00 GMT-0700 (Pacific Daylight Time),10
Thu May 21 2026 04:30:00 GMT-0700 (Pacific Daylight Time),11
Thu May 21 2026 04:45:00 GMT-0700 (Pacific Daylight Time),10
Thu May 21 2026 05:00:00 GMT-0700 (Pacific Daylight Time),10
Thu May 21 2026 05:15:00 GMT-0700 (Pacific Daylight Time),10
Thu May 21 2026 05:30:00 GMT-0700 (Pacific Daylight Time),10
Thu May 21 2026 05:45:00 GMT-0700 (Pacific Daylight Time),10
Thu May 21 2026 06:00:00 GMT-0700 (Pacific Daylight Time),9
Thu May 21 2026 06:15:00 GMT-0700 (Pacific Daylight Time),10
Thu May 21 2026 06:30:00 GMT-0700 (Pacific Daylight Time),10
Thu May 21 2026 06:45:00 GMT-0700 (Pacific Daylight Time),10
Thu May 21 2026 07:00:00 GMT-0700 (Pacific Daylight Time),12
Thu May 21 2026 07:15:00 GMT-0700 (Pacific Daylight Time),13
Thu May 21 2026 07:30:00 GMT-0700 (Pacific Daylight Time),13
Thu May 21 2026 07:45:00 GMT-0700 (Pacific Daylight Time),13
Thu May 21 2026 08:00:00 GMT-0700 (Pacific Daylight Time),11
Thu May 21 2026 08:15:00 GMT-0700 (Pacific Daylight Time),12
Thu May 21 2026 08:30:00 GMT-0700 (Pacific Daylight Time),11
Thu May 21 2026 08:45:00 GMT-0700 (Pacific Daylight Time),11
Thu May 21 2026 09:00:00 GMT-0700 (Pacific Daylight Time),12
Thu May 21 2026 09:15:00 GMT-0700 (Pacific Daylight Time),12
Thu May 21 2026 09:30:00 GMT-0700 (Pacific Daylight Time),10
Thu May 21 2026 09:45:00 GMT-0700 (Pacific Daylight Time),11
Thu May 21 2026 10:00:00 GMT-0700 (Pacific Daylight Time),11
Thu May 21 2026 10:15:00 GMT-0700 (Pacific Daylight Time),12
Thu May 21 2026 10:30:00 GMT-0700 (Pacific Daylight Time),12
Thu May 21 2026 10:45:00 GMT-0700 (Pacific Daylight Time),12
Thu May 21 2026 11:00:00 GMT-0700 (Pacific Daylight Time),13
Thu May 21 2026 11:15:00 GMT-0700 (Pacific Daylight Time),12
Thu May 21 2026 11:30:00 GMT-0700 (Pacific Daylight Time),11
Thu May 21 2026 11:45:00 GMT-0700 (Pacific Daylight Time),13
Thu May 21 2026 12:00:00 GMT-0700 (Pacific Daylight Time),12
Thu May 21 2026 12:15:00 GMT-0700 (Pacific Daylight Time),12
Thu May 21 2026 12:30:00 GMT-0700 (Pacific Daylight Time),13
Thu May 21 2026 12:45:00 GMT-0700 (Pacific Daylight Time),14
Thu May 21 2026 13:00:00 GMT-0700 (Pacific Daylight Time),14
Thu May 21 2026 13:15:00 GMT-0700 (Pacific Daylight Time),16
Thu May 21 2026 13:30:00 GMT-0700 (Pacific Daylight Time),15
Thu May 21 2026 13:45:00 GMT-0700 (Pacific Daylight Time),17
Thu May 21 2026 14:00:00 GMT-0700 (Pacific Daylight Time),17
Thu May 21 2026 14:15:00 GMT-0700 (Pacific Daylight Time),16
Thu May 21 2026 14:30:00 GMT-0700 (Pacific Daylight Time),16
Thu May 21 2026 14:45:00 GMT-0700 (Pacific Daylight Time),13
Thu May 21 2026 15:00:00 GMT-0700 (Pacific Daylight Time),12
Thu May 21 2026 15:15:00 GMT-0700 (Pacific Daylight Time),13
Thu May 21 2026 15:30:00 GMT-0700 (Pacific Daylight Time),13
Thu May 21 2026 15:45:00 GMT-0700 (Pacific Daylight Time),14
Thu May 21 2026 16:00:00 GMT-0700 (Pacific Daylight Time),13
Thu May 21 2026 16:15:00 GMT-0700 (Pacific Daylight Time),14
Thu May 21 2026 16:30:00 GMT-0700 (Pacific Daylight Time),14
Thu May 21 2026 16:45:00 GMT-0700 (Pacific Daylight Time),15
Thu May 21 2026 17:00:00 GMT-0700 (Pacific Daylight Time),18
Thu May 21 2026 17:15:00 GMT-0700 (Pacific Daylight Time),18
Thu May 21 2026 17:30:00 GMT-0700 (Pacific Daylight Time),17
Thu May 21 2026 17:45:00 GMT-0700 (Pacific Daylight Time),15
Thu May 21 2026 18:00:00 GMT-0700 (Pacific Daylight Time),14
Thu May 21 2026 18:15:00 GMT-0700 (Pacific Daylight Time),14
Thu May 21 2026 18:30:00 GMT-0700 (Pacific Daylight Time),15
Thu May 21 2026 18:45:00 GMT-0700 (Pacific Daylight Time),15
Thu May 21 2026 19:00:00 GMT-0700 (Pacific Daylight Time),17
Thu May 21 2026 19:15:00 GMT-0700 (Pacific Daylight Time),16
Thu May 21 2026 19:30:00 GMT-0700 (Pacific Daylight Time),16
Thu May 21 2026 19:45:00 GMT-0700 (Pacific Daylight Time),16
Thu May 21 2026 20:00:00 GMT-0700 (Pacific Daylight Time),16
Thu May 21 2026 20:15:00 GMT-0700 (Pacific Daylight Time),16
Thu May 21 2026 20:30:00 GMT-0700 (Pacific Daylight Time),15
Thu May 21 2026 20:45:00 GMT-0700 (Pacific Daylight Time),15
Thu May 21 2026 21:00:00 GMT-0700 (Pacific Daylight Time),17
Thu May 21 2026 21:15:00 GMT-0700 (Pacific Daylight Time),19
Thu May 21 2026 21:30:00 GMT-0700 (Pacific Daylight Time),19
Thu May 21 2026 21:45:00 GMT-0700 (Pacific Daylight Time),18
Thu May 21 2026 22:00:00 GMT-0700 (Pacific Daylight Time),18
Thu May 21 2026 22:15:00 GMT-0700 (Pacific Daylight Time),20
Thu May 21 2026 22:30:00 GMT-0700 (Pacific Daylight Time),20
Thu May 21 2026 22:45:00 GMT-0700 (Pacific Daylight Time),20
Thu May 21 2026 23:00:00 GMT-0700 (Pacific Daylight Time),18
Thu May 21 2026 23:15:00 GMT-0700 (Pacific Daylight Time),19
Thu May 21 2026 23:30:00 GMT-0700 (Pacific Daylight Time),19
Thu May 21 2026 23:45:00 GMT-0700 (Pacific Daylight Time),18
Fri May 22 2026 00:00:00 GMT-0700 (Pacific Daylight Time),18
Fri May 22 2026 00:15:00 GMT-0700 (Pacific Daylight Time),15
Fri May 22 2026 00:30:00 GMT-0700 (Pacific Daylight Time),13
Fri May 22 2026 00:45:00 GMT-0700 (Pacific Daylight Time),13
Fri May 22 2026 01:00:00 GMT-0700 (Pacific Daylight Time),13
Fri May 22 2026 01:15:00 GMT-0700 (Pacific Daylight Time),13
Fri May 22 2026 01:30:00 GMT-0700 (Pacific Daylight Time),14
Fri May 22 2026 01:45:00 GMT-0700 (Pacific Daylight Time),13
Fri May 22 2026 02:00:00 GMT-0700 (Pacific Daylight Time),12
Fri May 22 2026 02:15:00 GMT-0700 (Pacific Daylight Time),12
Fri May 22 2026 02:30:00 GMT-0700 (Pacific Daylight Time),12
Fri May 22 2026 02:45:00 GMT-0700 (Pacific Daylight Time),15
Fri May 22 2026 03:00:00 GMT-0700 (Pacific Daylight Time),14
Fri May 22 2026 03:15:00 GMT-0700 (Pacific Daylight Time),12
Fri May 22 2026 03:30:00 GMT-0700 (Pacific Daylight Time),12
Fri May 22 2026 03:45:00 GMT-0700 (Pacific Daylight Time),11
Fri May 22 2026 04:00:00 GMT-0700 (Pacific Daylight Time),10
Fri May 22 2026 04:15:00 GMT-0700 (Pacific Daylight Time),11
Fri May 22 2026 04:30:00 GMT-0700 (Pacific Daylight Time),10
Fri May 22 2026 04:45:00 GMT-0700 (Pacific Daylight Time),10
Fri May 22 2026 05:00:00 GMT-0700 (Pacific Daylight Time),10
Fri May 22 2026 05:15:00 GMT-0700 (Pacific Daylight Time),10
Fri May 22 2026 05:30:00 GMT-0700 (Pacific Daylight Time),10
Fri May 22 2026 05:45:00 GMT-0700 (Pacific Daylight Time),11
Fri May 22 2026 06:00:00 GMT-0700 (Pacific Daylight Time),12
Fri May 22 2026 06:15:00 GMT-0700 (Pacific Daylight Time),11
Fri May 22 2026 06:30:00 GMT-0700 (Pacific Daylight Time),11
Fri May 22 2026 06:45:00 GMT-0700 (Pacific Daylight Time),10
Fri May 22 2026 07:00:00 GMT-0700 (Pacific Daylight Time),10
Fri May 22 2026 07:15:00 GMT-0700 (Pacific Daylight Time),10
Fri May 22 2026 07:30:00 GMT-0700 (Pacific Daylight Time),11
Fri May 22 2026 07:45:00 GMT-0700 (Pacific Daylight Time),9
Fri May 22 2026 08:00:00 GMT-0700 (Pacific Daylight Time),10
Fri May 22 2026 08:15:00 GMT-0700 (Pacific Daylight Time),10
Fri May 22 2026 08:30:00 GMT-0700 (Pacific Daylight Time),11
Fri May 22 2026 08:45:00 GMT-0700 (Pacific Daylight Time),12
Fri May 22 2026 09:00:00 GMT-0700 (Pacific Daylight Time),12
Fri May 22 2026 09:15:00 GMT-0700 (Pacific Daylight Time),13
Fri May 22 2026 09:30:00 GMT-0700 (Pacific Daylight Time),13
Fri May 22 2026 09:45:00 GMT-0700 (Pacific Daylight Time),11
Fri May 22 2026 10:00:00 GMT-0700 (Pacific Daylight Time),11
Fri May 22 2026 10:15:00 GMT-0700 (Pacific Daylight Time),11
Fri May 22 2026 10:30:00 GMT-0700 (Pacific Daylight Time),12
Fri May 22 2026 10:45:00 GMT-0700 (Pacific Daylight Time),12
Fri May 22 2026 11:00:00 GMT-0700 (Pacific Daylight Time),14
Fri May 22 2026 11:15:00 GMT-0700 (Pacific Daylight Time),14
Fri May 22 2026 11:30:00 GMT-0700 (Pacific Daylight Time),13
Fri May 22 2026 11:45:00 GMT-0700 (Pacific Daylight Time),14
Fri May 22 2026 12:00:00 GMT-0700 (Pacific Daylight Time),14
Fri May 22 2026 12:15:00 GMT-0700 (Pacific Daylight Time),12
Fri May 22 2026 12:30:00 GMT-0700 (Pacific Daylight Time),13
Fri May 22 2026 12:45:00 GMT-0700 (Pacific Daylight Time),14
Fri May 22 2026 13:00:00 GMT-0700 (Pacific Daylight Time),15
Fri May 22 2026 13:15:00 GMT-0700 (Pacific Daylight Time),16
Fri May 22 2026 13:30:00 GMT-0700 (Pacific Daylight Time),13
Fri May 22 2026 13:45:00 GMT-0700 (Pacific Daylight Time),13
Fri May 22 2026 14:00:00 GMT-0700 (Pacific Daylight Time),11
Fri May 22 2026 14:15:00 GMT-0700 (Pacific Daylight Time),11
Fri May 22 2026 14:30:00 GMT-0700 (Pacific Daylight Time),12
Fri May 22 2026 14:45:00 GMT-0700 (Pacific Daylight Time),11
Fri May 22 2026 15:00:00 GMT-0700 (Pacific Daylight Time),12
Fri May 22 2026 15:15:00 GMT-0700 (Pacific Daylight Time),14
Fri May 22 2026 15:30:00 GMT-0700 (Pacific Daylight Time),13
Fri May 22 2026 15:45:00 GMT-0700 (Pacific Daylight Time),13
Fri May 22 2026 16:00:00 GMT-0700 (Pacific Daylight Time),14
Fri May 22 2026 16:15:00 GMT-0700 (Pacific Daylight Time),14
Fri May 22 2026 16:30:00 GMT-0700 (Pacific Daylight Time),15
Fri May 22 2026 16:45:00 GMT-0700 (Pacific Daylight Time),14
Fri May 22 2026 17:00:00 GMT-0700 (Pacific Daylight Time),13
Fri May 22 2026 17:15:00 GMT-0700 (Pacific Daylight Time),13
Fri May 22 2026 17:30:00 GMT-0700 (Pacific Daylight Time),13
Fri May 22 2026 17:45:00 GMT-0700 (Pacific Daylight Time),13
Fri May 22 2026 18:00:00 GMT-0700 (Pacific Daylight Time),13
Fri May 22 2026 18:15:00 GMT-0700 (Pacific Daylight Time),14
Fri May 22 2026 18:30:00 GMT-0700 (Pacific Daylight Time),13
Fri May 22 2026 18:45:00 GMT-0700 (Pacific Daylight Time),12
Fri May 22 2026 19:00:00 GMT-0700 (Pacific Daylight Time),13
Fri May 22 2026 19:15:00 GMT-0700 (Pacific Daylight Time),13
Fri May 22 2026 19:30:00 GMT-0700 (Pacific Daylight Time),13
Fri May 22 2026 19:45:00 GMT-0700 (Pacific Daylight Time),14
Fri May 22 2026 20:00:00 GMT-0700 (Pacific Daylight Time),12
Fri May 22 2026 20:15:00 GMT-0700 (Pacific Daylight Time),13
Fri May 22 2026 20:30:00 GMT-0700 (Pacific Daylight Time),13
Fri May 22 2026 20:45:00 GMT-0700 (Pacific Daylight Time),12
Fri May 22 2026 21:00:00 GMT-0700 (Pacific Daylight Time),16
Fri May 22 2026 21:15:00 GMT-0700 (Pacific Daylight Time),15
Fri May 22 2026 21:30:00 GMT-0700 (Pacific Daylight Time),16
Fri May 22 2026 21:45:00 GMT-0700 (Pacific Daylight Time),15
Fri May 22 2026 22:00:00 GMT-0700 (Pacific Daylight Time),15
Fri May 22 2026 22:15:00 GMT-0700 (Pacific Daylight Time),14
Fri May 22 2026 22:30:00 GMT-0700 (Pacific Daylight Time),13
Fri May 22 2026 22:45:00 GMT-0700 (Pacific Daylight Time),13
Fri May 22 2026 23:00:00 GMT-0700 (Pacific Daylight Time),15
Fri May 22 2026 23:15:00 GMT-0700 (Pacific Daylight Time),15
Fri May 22 2026 23:30:00 GMT-0700 (Pacific Daylight Time),16
Fri May 22 2026 23:45:00 GMT-0700 (Pacific Daylight Time),15
Sat May 23 2026 00:00:00 GMT-0700 (Pacific Daylight Time),14
Sat May 23 2026 00:15:00 GMT-0700 (Pacific Daylight Time),13
Sat May 23 2026 00:30:00 GMT-0700 (Pacific Daylight Time),15
Sat May 23 2026 00:45:00 GMT-0700 (Pacific Daylight Time),15
Sat May 23 2026 01:00:00 GMT-0700 (Pacific Daylight Time),13
Sat May 23 2026 01:15:00 GMT-0700 (Pacific Daylight Time),13
Sat May 23 2026 01:30:00 GMT-0700 (Pacific Daylight Time),13
Sat May 23 2026 01:45:00 GMT-0700 (Pacific Daylight Time),15
Sat May 23 2026 02:00:00 GMT-0700 (Pacific Daylight Time),14
Sat May 23 2026 02:15:00 GMT-0700 (Pacific Daylight Time),13
Sat May 23 2026 02:30:00 GMT-0700 (Pacific Daylight Time),11
Sat May 23 2026 02:45:00 GMT-0700 (Pacific Daylight Time),12
Sat May 23 2026 03:00:00 GMT-0700 (Pacific Daylight Time),11
Sat May 23 2026 03:15:00 GMT-0700 (Pacific Daylight Time),11
Sat May 23 2026 03:30:00 GMT-0700 (Pacific Daylight Time),11
Sat May 23 2026 03:45:00 GMT-0700 (Pacific Daylight Time),11
Sat May 23 2026 04:00:00 GMT-0700 (Pacific Daylight Time),11
Sat May 23 2026 04:15:00 GMT-0700 (Pacific Daylight Time),10
Sat May 23 2026 04:30:00 GMT-0700 (Pacific Daylight Time),10
Sat May 23 2026 04:45:00 GMT-0700 (Pacific Daylight Time),10
Sat May 23 2026 05:00:00 GMT-0700 (Pacific Daylight Time),10
Sat May 23 2026 05:15:00 GMT-0700 (Pacific Daylight Time),9
Sat May 23 2026 05:30:00 GMT-0700 (Pacific Daylight Time),11
Sat May 23 2026 05:45:00 GMT-0700 (Pacific Daylight Time),9
Sat May 23 2026 06:00:00 GMT-0700 (Pacific Daylight Time),10
Sat May 23 2026 06:15:00 GMT-0700 (Pacific Daylight Time),10
Sat May 23 2026 06:30:00 GMT-0700 (Pacific Daylight Time),10
Sat May 23 2026 06:45:00 GMT-0700 (Pacific Daylight Time),10
Sat May 23 2026 07:00:00 GMT-0700 (Pacific Daylight Time),10
Sat May 23 2026 07:15:00 GMT-0700 (Pacific Daylight Time),10
Sat May 23 2026 07:30:00 GMT-0700 (Pacific Daylight Time),10
Sat May 23 2026 07:45:00 GMT-0700 (Pacific Daylight Time),10
Sat May 23 2026 08:00:00 GMT-0700 (Pacific Daylight Time),11
Sat May 23 2026 08:15:00 GMT-0700 (Pacific Daylight Time),13
Sat May 23 2026 08:30:00 GMT-0700 (Pacific Daylight Time),15
Sat May 23 2026 08:45:00 GMT-0700 (Pacific Daylight Time),14
Sat May 23 2026 09:00:00 GMT-0700 (Pacific Daylight Time),13
Sat May 23 2026 09:15:00 GMT-0700 (Pacific Daylight Time),12
Sat May 23 2026 09:30:00 GMT-0700 (Pacific Daylight Time),11
Sat May 23 2026 09:45:00 GMT-0700 (Pacific Daylight Time),10
Sat May 23 2026 10:00:00 GMT-0700 (Pacific Daylight Time),11
Sat May 23 2026 10:15:00 GMT-0700 (Pacific Daylight Time),10
Sat May 23 2026 10:30:00 GMT-0700 (Pacific Daylight Time),10
Sat May 23 2026 10:45:00 GMT-0700 (Pacific Daylight Time),11
Sat May 23 2026 11:00:00 GMT-0700 (Pacific Daylight Time),10
Sat May 23 2026 11:15:00 GMT-0700 (Pacific Daylight Time),13
Sat May 23 2026 11:30:00 GMT-0700 (Pacific Daylight Time),14
Sat May 23 2026 11:45:00 GMT-0700 (Pacific Daylight Time),14
Sat May 23 2026 12:00:00 GMT-0700 (Pacific Daylight Time),13
Sat May 23 2026 12:15:00 GMT-0700 (Pacific Daylight Time),14
Sat May 23 2026 12:30:00 GMT-0700 (Pacific Daylight Time),16
Sat May 23 2026 12:45:00 GMT-0700 (Pacific Daylight Time),14
Sat May 23 2026 13:00:00 GMT-0700 (Pacific Daylight Time),14
Sat May 23 2026 13:15:00 GMT-0700 (Pacific Daylight Time),12
Sat May 23 2026 13:30:00 GMT-0700 (Pacific Daylight Time),12
Sat May 23 2026 13:45:00 GMT-0700 (Pacific Daylight Time),15
Sat May 23 2026 14:00:00 GMT-0700 (Pacific Daylight Time),15
Sat May 23 2026 14:15:00 GMT-0700 (Pacific Daylight Time),14
Sat May 23 2026 14:30:00 GMT-0700 (Pacific Daylight Time),14
Sat May 23 2026 14:45:00 GMT-0700 (Pacific Daylight Time),12
Sat May 23 2026 15:00:00 GMT-0700 (Pacific Daylight Time),13
Sat May 23 2026 15:15:00 GMT-0700 (Pacific Daylight Time),13
Sat May 23 2026 15:30:00 GMT-0700 (Pacific Daylight Time),15
Sat May 23 2026 15:45:00 GMT-0700 (Pacific Daylight Time),15
Sat May 23 2026 16:00:00 GMT-0700 (Pacific Daylight Time),14
Sat May 23 2026 16:15:00 GMT-0700 (Pacific Daylight Time),14
Sat May 23 2026 16:30:00 GMT-0700 (Pacific Daylight Time),12
Sat May 23 2026 16:45:00 GMT-0700 (Pacific Daylight Time),13
Sat May 23 2026 17:00:00 GMT-0700 (Pacific Daylight Time),12
Sat May 23 2026 17:15:00 GMT-0700 (Pacific Daylight Time),13
Sat May 23 2026 17:30:00 GMT-0700 (Pacific Daylight Time),12
Sat May 23 2026 17:45:00 GMT-0700 (Pacific Daylight Time),12
Sat May 23 2026 18:00:00 GMT-0700 (Pacific Daylight Time),12
Sat May 23 2026 18:15:00 GMT-0700 (Pacific Daylight Time),11
Sat May 23 2026 18:30:00 GMT-0700 (Pacific Daylight Time),12
Sat May 23 2026 18:45:00 GMT-0700 (Pacific Daylight Time),12
Sat May 23 2026 19:00:00 GMT-0700 (Pacific Daylight Time),12
Sat May 23 2026 19:15:00 GMT-0700 (Pacific Daylight Time),12
Sat May 23 2026 19:30:00 GMT-0700 (Pacific Daylight Time),12
Sat May 23 2026 19:45:00 GMT-0700 (Pacific Daylight Time),12
Sat May 23 2026 20:00:00 GMT-0700 (Pacific Daylight Time),13
Sat May 23 2026 20:15:00 GMT-0700 (Pacific Daylight Time),12
Sat May 23 2026 20:30:00 GMT-0700 (Pacific Daylight Time),13
Sat May 23 2026 20:45:00 GMT-0700 (Pacific Daylight Time),12
Sat May 23 2026 21:00:00 GMT-0700 (Pacific Daylight Time),13
Sat May 23 2026 21:15:00 GMT-0700 (Pacific Daylight Time),14
Sat May 23 2026 21:30:00 GMT-0700 (Pacific Daylight Time),14
Sat May 23 2026 21:45:00 GMT-0700 (Pacific Daylight Time),13
Sat May 23 2026 22:00:00 GMT-0700 (Pacific Daylight Time),14
Sat May 23 2026 22:15:00 GMT-0700 (Pacific Daylight Time),15
Sat May 23 2026 22:30:00 GMT-0700 (Pacific Daylight Time),18
Sat May 23 2026 22:45:00 GMT-0700 (Pacific Daylight Time),17
Sat May 23 2026 23:00:00 GMT-0700 (Pacific Daylight Time),15
Sat May 23 2026 23:15:00 GMT-0700 (Pacific Daylight Time),16
Sat May 23 2026 23:30:00 GMT-0700 (Pacific Daylight Time),13
Sat May 23 2026 23:45:00 GMT-0700 (Pacific Daylight Time),15
Sun May 24 2026 00:00:00 GMT-0700 (Pacific Daylight Time),16
Sun May 24 2026 00:15:00 GMT-0700 (Pacific Daylight Time),15
Sun May 24 2026 00:30:00 GMT-0700 (Pacific Daylight Time),14
Sun May 24 2026 00:45:00 GMT-0700 (Pacific Daylight Time),14
Sun May 24 2026 01:00:00 GMT-0700 (Pacific Daylight Time),13
Sun May 24 2026 01:15:00 GMT-0700 (Pacific Daylight Time),13
Sun May 24 2026 01:30:00 GMT-0700 (Pacific Daylight Time),13
Sun May 24 2026 01:45:00 GMT-0700 (Pacific Daylight Time),11
Sun May 24 2026 02:00:00 GMT-0700 (Pacific Daylight Time),11
Sun May 24 2026 02:15:00 GMT-0700 (Pacific Daylight Time),11
Sun May 24 2026 02:30:00 GMT-0700 (Pacific Daylight Time),11
Sun May 24 2026 02:45:00 GMT-0700 (Pacific Daylight Time),10
Sun May 24 2026 03:00:00 GMT-0700 (Pacific Daylight Time),11
Sun May 24 2026 03:15:00 GMT-0700 (Pacific Daylight Time),11
Sun May 24 2026 03:30:00 GMT-0700 (Pacific Daylight Time),10
Sun May 24 2026 03:45:00 GMT-0700 (Pacific Daylight Time),11
Sun May 24 2026 04:00:00 GMT-0700 (Pacific Daylight Time),10
Sun May 24 2026 04:15:00 GMT-0700 (Pacific Daylight Time),11
Sun May 24 2026 04:30:00 GMT-0700 (Pacific Daylight Time),10
Sun May 24 2026 04:45:00 GMT-0700 (Pacific Daylight Time),10
Sun May 24 2026 05:00:00 GMT-0700 (Pacific Daylight Time),10
Sun May 24 2026 05:15:00 GMT-0700 (Pacific Daylight Time),11
Sun May 24 2026 05:30:00 GMT-0700 (Pacific Daylight Time),12
Sun May 24 2026 05:45:00 GMT-0700 (Pacific Daylight Time),12
Sun May 24 2026 06:00:00 GMT-0700 (Pacific Daylight Time),10
Sun May 24 2026 06:15:00 GMT-0700 (Pacific Daylight Time),10
Sun May 24 2026 06:30:00 GMT-0700 (Pacific Daylight Time),9
Sun May 24 2026 06:45:00 GMT-0700 (Pacific Daylight Time),9
Sun May 24 2026 07:00:00 GMT-0700 (Pacific Daylight Time),9
Sun May 24 2026 07:15:00 GMT-0700 (Pacific Daylight Time),9
Sun May 24 2026 07:30:00 GMT-0700 (Pacific Daylight Time),10
Sun May 24 2026 07:45:00 GMT-0700 (Pacific Daylight Time),9
Sun May 24 2026 08:00:00 GMT-0700 (Pacific Daylight Time),9
Sun May 24 2026 08:15:00 GMT-0700 (Pacific Daylight Time),10
Sun May 24 2026 08:30:00 GMT-0700 (Pacific Daylight Time),10
Sun May 24 2026 08:45:00 GMT-0700 (Pacific Daylight Time),10
Sun May 24 2026 09:00:00 GMT-0700 (Pacific Daylight Time),10
Sun May 24 2026 09:15:00 GMT-0700 (Pacific Daylight Time),11
Sun May 24 2026 09:30:00 GMT-0700 (Pacific Daylight Time),12
Sun May 24 2026 09:45:00 GMT-0700 (Pacific Daylight Time),12
Sun May 24 2026 10:00:00 GMT-0700 (Pacific Daylight Time),11
Sun May 24 2026 10:15:00 GMT-0700 (Pacific Daylight Time),10
Sun May 24 2026 10:30:00 GMT-0700 (Pacific Daylight Time),10
Sun May 24 2026 10:45:00 GMT-0700 (Pacific Daylight Time),10
Sun May 24 2026 11:00:00 GMT-0700 (Pacific Daylight Time),11
Sun May 24 2026 11:15:00 GMT-0700 (Pacific Daylight Time),11
Sun May 24 2026 11:30:00 GMT-0700 (Pacific Daylight Time),11
Sun May 24 2026 11:45:00 GMT-0700 (Pacific Daylight Time),13
Sun May 24 2026 12:00:00 GMT-0700 (Pacific Daylight Time),14
Sun May 24 2026 12:15:00 GMT-0700 (Pacific Daylight Time),16
Sun May 24 2026 12:30:00 GMT-0700 (Pacific Daylight Time),18
Sun May 24 2026 12:45:00 GMT-0700 (Pacific Daylight Time),16
Sun May 24 2026 13:00:00 GMT-0700 (Pacific Daylight Time),16
Sun May 24 2026 13:15:00 GMT-0700 (Pacific Daylight Time),13
Sun May 24 2026 13:30:00 GMT-0700 (Pacific Daylight Time),14
Sun May 24 2026 13:45:00 GMT-0700 (Pacific Daylight Time),14
Sun May 24 2026 14:00:00 GMT-0700 (Pacific Daylight Time),13
Sun May 24 2026 14:15:00 GMT-0700 (Pacific Daylight Time),13
Sun May 24 2026 14:30:00 GMT-0700 (Pacific Daylight Time),14
Sun May 24 2026 14:45:00 GMT-0700 (Pacific Daylight Time),14
Sun May 24 2026 15:00:00 GMT-0700 (Pacific Daylight Time),13
Sun May 24 2026 15:15:00 GMT-0700 (Pacific Daylight Time),13
Sun May 24 2026 15:30:00 GMT-0700 (Pacific Daylight Time),11
Sun May 24 2026 15:45:00 GMT-0700 (Pacific Daylight Time),12
Sun May 24 2026 16:00:00 GMT-0700 (Pacific Daylight Time),12
Sun May 24 2026 16:15:00 GMT-0700 (Pacific Daylight Time),12
Sun May 24 2026 16:30:00 GMT-0700 (Pacific Daylight Time),13
Sun May 24 2026 16:45:00 GMT-0700 (Pacific Daylight Time),13
Sun May 24 2026 17:00:00 GMT-0700 (Pacific Daylight Time),13
Sun May 24 2026 17:15:00 GMT-0700 (Pacific Daylight Time),13
Sun May 24 2026 17:30:00 GMT-0700 (Pacific Daylight Time),13
Sun May 24 2026 17:45:00 GMT-0700 (Pacific Daylight Time),12
Sun May 24 2026 18:00:00 GMT-0700 (Pacific Daylight Time),13
Sun May 24 2026 18:15:00 GMT-0700 (Pacific Daylight Time),13
Sun May 24 2026 18:30:00 GMT-0700 (Pacific Daylight Time),14
Sun May 24 2026 18:45:00 GMT-0700 (Pacific Daylight Time),12
Sun May 24 2026 19:00:00 GMT-0700 (Pacific Daylight Time),12
Sun May 24 2026 19:15:00 GMT-0700 (Pacific Daylight Time),14
Sun May 24 2026 19:30:00 GMT-0700 (Pacific Daylight Time),13
Sun May 24 2026 19:45:00 GMT-0700 (Pacific Daylight Time),14
Sun May 24 2026 20:00:00 GMT-0700 (Pacific Daylight Time),14
Sun May 24 2026 20:15:00 GMT-0700 (Pacific Daylight Time),13
Sun May 24 2026 20:30:00 GMT-0700 (Pacific Daylight Time),13
Sun May 24 2026 20:45:00 GMT-0700 (Pacific Daylight Time),13
Sun May 24 2026 21:00:00 GMT-0700 (Pacific Daylight Time),14
Sun May 24 2026 21:15:00 GMT-0700 (Pacific Daylight Time),14
Sun May 24 2026 21:30:00 GMT-0700 (Pacific Daylight Time),14
Sun May 24 2026 21:45:00 GMT-0700 (Pacific Daylight Time),14
Sun May 24 2026 22:00:00 GMT-0700 (Pacific Daylight Time),14
Sun May 24 2026 22:15:00 GMT-0700 (Pacific Daylight Time),14
Sun May 24 2026 22:30:00 GMT-0700 (Pacific Daylight Time),16
Sun May 24 2026 22:45:00 GMT-0700 (Pacific Daylight Time),14
Sun May 24 2026 23:00:00 GMT-0700 (Pacific Daylight Time),13
Sun May 24 2026 23:15:00 GMT-0700 (Pacific Daylight Time),14
Sun May 24 2026 23:30:00 GMT-0700 (Pacific Daylight Time),14
Sun May 24 2026 23:45:00 GMT-0700 (Pacific Daylight Time),13
Mon May 25 2026 00:00:00 GMT-0700 (Pacific Daylight Time),13
Mon May 25 2026 00:15:00 GMT-0700 (Pacific Daylight Time),13
Mon May 25 2026 00:30:00 GMT-0700 (Pacific Daylight Time),12
Mon May 25 2026 00:45:00 GMT-0700 (Pacific Daylight Time),12
Mon May 25 2026 01:00:00 GMT-0700 (Pacific Daylight Time),12
Mon May 25 2026 01:15:00 GMT-0700 (Pacific Daylight Time),12
Mon May 25 2026 01:30:00 GMT-0700 (Pacific Daylight Time),11
Mon May 25 2026 01:45:00 GMT-0700 (Pacific Daylight Time),11
Mon May 25 2026 02:00:00 GMT-0700 (Pacific Daylight Time),11
Mon May 25 2026 02:15:00 GMT-0700 (Pacific Daylight Time),12
Mon May 25 2026 02:30:00 GMT-0700 (Pacific Daylight Time),13
Mon May 25 2026 02:45:00 GMT-0700 (Pacific Daylight Time),12
Mon May 25 2026 03:00:00 GMT-0700 (Pacific Daylight Time),12
Mon May 25 2026 03:15:00 GMT-0700 (Pacific Daylight Time),11
Mon May 25 2026 03:30:00 GMT-0700 (Pacific Daylight Time),11
Mon May 25 2026 03:45:00 GMT-0700 (Pacific Daylight Time),10
Mon May 25 2026 04:00:00 GMT-0700 (Pacific Daylight Time),10
Mon May 25 2026 04:15:00 GMT-0700 (Pacific Daylight Time),10
Mon May 25 2026 04:30:00 GMT-0700 (Pacific Daylight Time),10
Mon May 25 2026 04:45:00 GMT-0700 (Pacific Daylight Time),10
Mon May 25 2026 05:00:00 GMT-0700 (Pacific Daylight Time),10
Mon May 25 2026 05:15:00 GMT-0700 (Pacific Daylight Time),10
Mon May 25 2026 05:30:00 GMT-0700 (Pacific Daylight Time),10
Mon May 25 2026 05:45:00 GMT-0700 (Pacific Daylight Time),9
Mon May 25 2026 06:00:00 GMT-0700 (Pacific Daylight Time),10
Mon May 25 2026 06:15:00 GMT-0700 (Pacific Daylight Time),9
Mon May 25 2026 06:30:00 GMT-0700 (Pacific Daylight Time),9
Mon May 25 2026 06:45:00 GMT-0700 (Pacific Daylight Time),9
Mon May 25 2026 07:00:00 GMT-0700 (Pacific Daylight Time),9
Mon May 25 2026 07:15:00 GMT-0700 (Pacific Daylight Time),10
Mon May 25 2026 07:30:00 GMT-0700 (Pacific Daylight Time),9
Mon May 25 2026 07:45:00 GMT-0700 (Pacific Daylight Time),9
Mon May 25 2026 08:00:00 GMT-0700 (Pacific Daylight Time),9
Mon May 25 2026 08:15:00 GMT-0700 (Pacific Daylight Time),10
Mon May 25 2026 08:30:00 GMT-0700 (Pacific Daylight Time),9
Mon May 25 2026 08:45:00 GMT-0700 (Pacific Daylight Time),11
Mon May 25 2026 09:00:00 GMT-0700 (Pacific Daylight Time),10
Mon May 25 2026 09:15:00 GMT-0700 (Pacific Daylight Time),10
Mon May 25 2026 09:30:00 GMT-0700 (Pacific Daylight Time),10
Mon May 25 2026 09:45:00 GMT-0700 (Pacific Daylight Time),9
Mon May 25 2026 10:00:00 GMT-0700 (Pacific Daylight Time),10
Mon May 25 2026 10:15:00 GMT-0700 (Pacific Daylight Time),10
Mon May 25 2026 10:30:00 GMT-0700 (Pacific Daylight Time),11
Mon May 25 2026 10:45:00 GMT-0700 (Pacific Daylight Time),12
Mon May 25 2026 11:00:00 GMT-0700 (Pacific Daylight Time),12
Mon May 25 2026 11:15:00 GMT-0700 (Pacific Daylight Time),15
Mon May 25 2026 11:30:00 GMT-0700 (Pacific Daylight Time),15
Mon May 25 2026 11:45:00 GMT-0700 (Pacific Daylight Time),15
Mon May 25 2026 12:00:00 GMT-0700 (Pacific Daylight Time),14
Mon May 25 2026 12:15:00 GMT-0700 (Pacific Daylight Time),14
Mon May 25 2026 12:30:00 GMT-0700 (Pacific Daylight Time),16
Mon May 25 2026 12:45:00 GMT-0700 (Pacific Daylight Time),15
Mon May 25 2026 13:00:00 GMT-0700 (Pacific Daylight Time),16
Mon May 25 2026 13:15:00 GMT-0700 (Pacific Daylight Time),14
Mon May 25 2026 13:30:00 GMT-0700 (Pacific Daylight Time),14
Mon May 25 2026 13:45:00 GMT-0700 (Pacific Daylight Time),15
Mon May 25 2026 14:00:00 GMT-0700 (Pacific Daylight Time),16
Mon May 25 2026 14:15:00 GMT-0700 (Pacific Daylight Time),17
Mon May 25 2026 14:30:00 GMT-0700 (Pacific Daylight Time),17
Mon May 25 2026 14:45:00 GMT-0700 (Pacific Daylight Time),16
Mon May 25 2026 15:00:00 GMT-0700 (Pacific Daylight Time),16
Mon May 25 2026 15:15:00 GMT-0700 (Pacific Daylight Time),17
Mon May 25 2026 15:30:00 GMT-0700 (Pacific Daylight Time),18
Mon May 25 2026 15:45:00 GMT-0700 (Pacific Daylight Time),17
Mon May 25 2026 16:00:00 GMT-0700 (Pacific Daylight Time),17
Mon May 25 2026 16:15:00 GMT-0700 (Pacific Daylight Time),18
Mon May 25 2026 16:30:00 GMT-0700 (Pacific Daylight Time),18
Mon May 25 2026 16:45:00 GMT-0700 (Pacific Daylight Time),18
Mon May 25 2026 17:00:00 GMT-0700 (Pacific Daylight Time),17
Mon May 25 2026 17:15:00 GMT-0700 (Pacific Daylight Time),14
Mon May 25 2026 17:30:00 GMT-0700 (Pacific Daylight Time),15
Mon May 25 2026 17:45:00 GMT-0700 (Pacific Daylight Time),16
Mon May 25 2026 18:00:00 GMT-0700 (Pacific Daylight Time),16
Mon May 25 2026 18:15:00 GMT-0700 (Pacific Daylight Time),17
Mon May 25 2026 18:30:00 GMT-0700 (Pacific Daylight Time),16
Mon May 25 2026 18:45:00 GMT-0700 (Pacific Daylight Time),15
Mon May 25 2026 19:00:00 GMT-0700 (Pacific Daylight Time),14
Mon May 25 2026 19:15:00 GMT-0700 (Pacific Daylight Time),14
Mon May 25 2026 19:30:00 GMT-0700 (Pacific Daylight Time),14
Mon May 25 2026 19:45:00 GMT-0700 (Pacific Daylight Time),16
Mon May 25 2026 20:00:00 GMT-0700 (Pacific Daylight Time),16
Mon May 25 2026 20:15:00 GMT-0700 (Pacific Daylight Time),15
Mon May 25 2026 20:30:00 GMT-0700 (Pacific Daylight Time),17
Mon May 25 2026 20:45:00 GMT-0700 (Pacific Daylight Time),17
Mon May 25 2026 21:00:00 GMT-0700 (Pacific Daylight Time),17
Mon May 25 2026 21:15:00 GMT-0700 (Pacific Daylight Time),17
Mon May 25 2026 21:30:00 GMT-0700 (Pacific Daylight Time),18
Mon May 25 2026 21:45:00 GMT-0700 (Pacific Daylight Time),17
Mon May 25 2026 22:00:00 GMT-0700 (Pacific Daylight Time),16
Mon May 25 2026 22:15:00 GMT-0700 (Pacific Daylight Time),15
Mon May 25 2026 22:30:00 GMT-0700 (Pacific Daylight Time),15
Mon May 25 2026 22:45:00 GMT-0700 (Pacific Daylight Time),13
Mon May 25 2026 23:00:00 GMT-0700 (Pacific Daylight Time),14
Mon May 25 2026 23:15:00 GMT-0700 (Pacific Daylight Time),15
Mon May 25 2026 23:30:00 GMT-0700 (Pacific Daylight Time),15
Mon May 25 2026 23:45:00 GMT-0700 (Pacific Daylight Time),18
Tue May 26 2026 00:00:00 GMT-0700 (Pacific Daylight Time),18
Tue May 26 2026 00:15:00 GMT-0700 (Pacific Daylight Time),17
Tue May 26 2026 00:30:00 GMT-0700 (Pacific Daylight Time),16
Tue May 26 2026 00:45:00 GMT-0700 (Pacific Daylight Time),14
Tue May 26 2026 01:00:00 GMT-0700 (Pacific Daylight Time),15
Tue May 26 2026 01:15:00 GMT-0700 (Pacific Daylight Time),16
Tue May 26 2026 01:30:00 GMT-0700 (Pacific Daylight Time),14
Tue May 26 2026 01:45:00 GMT-0700 (Pacific Daylight Time),14
Tue May 26 2026 02:00:00 GMT-0700 (Pacific Daylight Time),12
Tue May 26 2026 02:15:00 GMT-0700 (Pacific Daylight Time),11
Tue May 26 2026 02:30:00 GMT-0700 (Pacific Daylight Time),12
Tue May 26 2026 02:45:00 GMT-0700 (Pacific Daylight Time),11
Tue May 26 2026 03:00:00 GMT-0700 (Pacific Daylight Time),10
Tue May 26 2026 03:15:00 GMT-0700 (Pacific Daylight Time),10
Tue May 26 2026 03:30:00 GMT-0700 (Pacific Daylight Time),10
Tue May 26 2026 03:45:00 GMT-0700 (Pacific Daylight Time),10
Tue May 26 2026 04:00:00 GMT-0700 (Pacific Daylight Time),10
Tue May 26 2026 04:15:00 GMT-0700 (Pacific Daylight Time),10
Tue May 26 2026 04:30:00 GMT-0700 (Pacific Daylight Time),10
Tue May 26 2026 04:45:00 GMT-0700 (Pacific Daylight Time),10
Tue May 26 2026 05:00:00 GMT-0700 (Pacific Daylight Time),11
Tue May 26 2026 05:15:00 GMT-0700 (Pacific Daylight Time),12
Tue May 26 2026 05:30:00 GMT-0700 (Pacific Daylight Time),11
Tue May 26 2026 05:45:00 GMT-0700 (Pacific Daylight Time),11
Tue May 26 2026 06:00:00 GMT-0700 (Pacific Daylight Time),10
Tue May 26 2026 06:15:00 GMT-0700 (Pacific Daylight Time),9
Tue May 26 2026 06:30:00 GMT-0700 (Pacific Daylight Time),9
Tue May 26 2026 06:45:00 GMT-0700 (Pacific Daylight Time),10
Tue May 26 2026 07:00:00 GMT-0700 (Pacific Daylight Time),9
Tue May 26 2026 07:15:00 GMT-0700 (Pacific Daylight Time),11
Tue May 26 2026 07:30:00 GMT-0700 (Pacific Daylight Time),11
Tue May 26 2026 07:45:00 GMT-0700 (Pacific Daylight Time),12
Tue May 26 2026 08:00:00 GMT-0700 (Pacific Daylight Time),13
Tue May 26 2026 08:15:00 GMT-0700 (Pacific Daylight Time),13
Tue May 26 2026 08:30:00 GMT-0700 (Pacific Daylight Time),11
Tue May 26 2026 08:45:00 GMT-0700 (Pacific Daylight Time),10
Tue May 26 2026 09:00:00 GMT-0700 (Pacific Daylight Time),10
Tue May 26 2026 09:15:00 GMT-0700 (Pacific Daylight Time),11
Tue May 26 2026 09:30:00 GMT-0700 (Pacific Daylight Time),11
Tue May 26 2026 09:45:00 GMT-0700 (Pacific Daylight Time),10
Tue May 26 2026 10:00:00 GMT-0700 (Pacific Daylight Time),11
Tue May 26 2026 10:15:00 GMT-0700 (Pacific Daylight Time),10
Tue May 26 2026 10:30:00 GMT-0700 (Pacific Daylight Time),11
Tue May 26 2026 10:45:00 GMT-0700 (Pacific Daylight Time),12
Tue May 26 2026 11:00:00 GMT-0700 (Pacific Daylight Time),13
Tue May 26 2026 11:15:00 GMT-0700 (Pacific Daylight Time),12
Tue May 26 2026 11:30:00 GMT-0700 (Pacific Daylight Time),13
Tue May 26 2026 11:45:00 GMT-0700 (Pacific Daylight Time),14
Tue May 26 2026 12:00:00 GMT-0700 (Pacific Daylight Time),13
Tue May 26 2026 12:15:00 GMT-0700 (Pacific Daylight Time),13
Tue May 26 2026 12:30:00 GMT-0700 (Pacific Daylight Time),12
Tue May 26 2026 12:45:00 GMT-0700 (Pacific Daylight Time),11
Tue May 26 2026 13:00:00 GMT-0700 (Pacific Daylight Time),11
Tue May 26 2026 13:15:00 GMT-0700 (Pacific Daylight Time),11
Tue May 26 2026 13:30:00 GMT-0700 (Pacific Daylight Time),12
Tue May 26 2026 13:45:00 GMT-0700 (Pacific Daylight Time),13
Tue May 26 2026 14:00:00 GMT-0700 (Pacific Daylight Time),15
Tue May 26 2026 14:15:00 GMT-0700 (Pacific Daylight Time),15
Tue May 26 2026 14:30:00 GMT-0700 (Pacific Daylight Time),18
Tue May 26 2026 14:45:00 GMT-0700 (Pacific Daylight Time),18
Tue May 26 2026 15:00:00 GMT-0700 (Pacific Daylight Time),17
Tue May 26 2026 15:15:00 GMT-0700 (Pacific Daylight Time),15
Tue May 26 2026 15:30:00 GMT-0700 (Pacific Daylight Time),14
Tue May 26 2026 15:45:00 GMT-0700 (Pacific Daylight Time),14
Tue May 26 2026 16:00:00 GMT-0700 (Pacific Daylight Time),13
Tue May 26 2026 16:15:00 GMT-0700 (Pacific Daylight Time),15
Tue May 26 2026 16:30:00 GMT-0700 (Pacific Daylight Time),15
Tue May 26 2026 16:45:00 GMT-0700 (Pacific Daylight Time),15
Tue May 26 2026 17:00:00 GMT-0700 (Pacific Daylight Time),15
Tue May 26 2026 17:15:00 GMT-0700 (Pacific Daylight Time),16
Tue May 26 2026 17:30:00 GMT-0700 (Pacific Daylight Time),17
Tue May 26 2026 17:45:00 GMT-0700 (Pacific Daylight Time),17
Tue May 26 2026 18:00:00 GMT-0700 (Pacific Daylight Time),16
Tue May 26 2026 18:15:00 GMT-0700 (Pacific Daylight Time),14
Tue May 26 2026 18:30:00 GMT-0700 (Pacific Daylight Time),13
Tue May 26 2026 18:45:00 GMT-0700 (Pacific Daylight Time),13
Tue May 26 2026 19:00:00 GMT-0700 (Pacific Daylight Time),13
Tue May 26 2026 19:15:00 GMT-0700 (Pacific Daylight Time),12
Tue May 26 2026 19:30:00 GMT-0700 (Pacific Daylight Time),13
Tue May 26 2026 19:45:00 GMT-0700 (Pacific Daylight Time),15
Tue May 26 2026 20:00:00 GMT-0700 (Pacific Daylight Time),19
Tue May 26 2026 20:15:00 GMT-0700 (Pacific Daylight Time),18
Tue May 26 2026 20:30:00 GMT-0700 (Pacific Daylight Time),17
Tue May 26 2026 20:45:00 GMT-0700 (Pacific Daylight Time),15
Tue May 26 2026 21:00:00 GMT-0700 (Pacific Daylight Time),17
Tue May 26 2026 21:15:00 GMT-0700 (Pacific Daylight Time),17
Tue May 26 2026 21:30:00 GMT-0700 (Pacific Daylight Time),17
Tue May 26 2026 21:45:00 GMT-0700 (Pacific Daylight Time),16
Tue May 26 2026 22:00:00 GMT-0700 (Pacific Daylight Time),16
Tue May 26 2026 22:15:00 GMT-0700 (Pacific Daylight Time),15
Tue May 26 2026 22:30:00 GMT-0700 (Pacific Daylight Time),14
Tue May 26 2026 22:45:00 GMT-0700 (Pacific Daylight Time),14
Tue May 26 2026 23:00:00 GMT-0700 (Pacific Daylight Time),14
Tue May 26 2026 23:15:00 GMT-0700 (Pacific Daylight Time),13
Tue May 26 2026 23:30:00 GMT-0700 (Pacific Daylight Time),14
Tue May 26 2026 23:45:00 GMT-0700 (Pacific Daylight Time),12
Wed May 27 2026 00:00:00 GMT-0700 (Pacific Daylight Time),13
Wed May 27 2026 00:15:00 GMT-0700 (Pacific Daylight Time),13
Wed May 27 2026 00:30:00 GMT-0700 (Pacific Daylight Time),13
Wed May 27 2026 00:45:00 GMT-0700 (Pacific Daylight Time),13
Wed May 27 2026 01:00:00 GMT-0700 (Pacific Daylight Time),11
Wed May 27 2026 01:15:00 GMT-0700 (Pacific Daylight Time),12
Wed May 27 2026 01:30:00 GMT-0700 (Pacific Daylight Time),11
Wed May 27 2026 01:45:00 GMT-0700 (Pacific Daylight Time),12
Wed May 27 2026 02:00:00 GMT-0700 (Pacific Daylight Time),11
Wed May 27 2026 02:15:00 GMT-0700 (Pacific Daylight Time),10
Wed May 27 2026 02:30:00 GMT-0700 (Pacific Daylight Time),10
Wed May 27 2026 02:45:00 GMT-0700 (Pacific Daylight Time),10
Wed May 27 2026 03:00:00 GMT-0700 (Pacific Daylight Time),10
Wed May 27 2026 03:15:00 GMT-0700 (Pacific Daylight Time),10
Wed May 27 2026 03:30:00 GMT-0700 (Pacific Daylight Time),10
Wed May 27 2026 03:45:00 GMT-0700 (Pacific Daylight Time),10
Wed May 27 2026 04:00:00 GMT-0700 (Pacific Daylight Time),10
Wed May 27 2026 04:15:00 GMT-0700 (Pacific Daylight Time),10
Wed May 27 2026 04:30:00 GMT-0700 (Pacific Daylight Time),10
Wed May 27 2026 04:45:00 GMT-0700 (Pacific Daylight Time),10
Wed May 27 2026 05:00:00 GMT-0700 (Pacific Daylight Time),10
Wed May 27 2026 05:15:00 GMT-0700 (Pacific Daylight Time),10
Wed May 27 2026 05:30:00 GMT-0700 (Pacific Daylight Time),10
Wed May 27 2026 05:45:00 GMT-0700 (Pacific Daylight Time),10
Wed May 27 2026 06:00:00 GMT-0700 (Pacific Daylight Time),10
Wed May 27 2026 06:15:00 GMT-0700 (Pacific Daylight Time),9
Wed May 27 2026 06:30:00 GMT-0700 (Pacific Daylight Time),10
Wed May 27 2026 06:45:00 GMT-0700 (Pacific Daylight Time),9
Wed May 27 2026 07:00:00 GMT-0700 (Pacific Daylight Time),10
Wed May 27 2026 07:15:00 GMT-0700 (Pacific Daylight Time),10
Wed May 27 2026 07:30:00 GMT-0700 (Pacific Daylight Time),11
Wed May 27 2026 07:45:00 GMT-0700 (Pacific Daylight Time),14
Wed May 27 2026 08:00:00 GMT-0700 (Pacific Daylight Time),15
Wed May 27 2026 08:15:00 GMT-0700 (Pacific Daylight Time),13
Wed May 27 2026 08:30:00 GMT-0700 (Pacific Daylight Time),13
Wed May 27 2026 08:45:00 GMT-0700 (Pacific Daylight Time),12
Wed May 27 2026 09:00:00 GMT-0700 (Pacific Daylight Time),13
Wed May 27 2026 09:15:00 GMT-0700 (Pacific Daylight Time),11
Wed May 27 2026 09:30:00 GMT-0700 (Pacific Daylight Time),11
Wed May 27 2026 09:45:00 GMT-0700 (Pacific Daylight Time),12
Wed May 27 2026 10:00:00 GMT-0700 (Pacific Daylight Time),12
Wed May 27 2026 10:15:00 GMT-0700 (Pacific Daylight Time),11
Wed May 27 2026 10:30:00 GMT-0700 (Pacific Daylight Time),11
Wed May 27 2026 10:45:00 GMT-0700 (Pacific Daylight Time),11
Wed May 27 2026 11:00:00 GMT-0700 (Pacific Daylight Time),11
Wed May 27 2026 11:15:00 GMT-0700 (Pacific Daylight Time),12
Wed May 27 2026 11:30:00 GMT-0700 (Pacific Daylight Time),12
Wed May 27 2026 11:45:00 GMT-0700 (Pacific Daylight Time),13
Wed May 27 2026 12:00:00 GMT-0700 (Pacific Daylight Time),13
Wed May 27 2026 12:15:00 GMT-0700 (Pacific Daylight Time),12
Wed May 27 2026 12:30:00 GMT-0700 (Pacific Daylight Time),12
Wed May 27 2026 12:45:00 GMT-0700 (Pacific Daylight Time),11
Wed May 27 2026 13:00:00 GMT-0700 (Pacific Daylight Time),11
Wed May 27 2026 13:15:00 GMT-0700 (Pacific Daylight Time),12
Wed May 27 2026 13:30:00 GMT-0700 (Pacific Daylight Time),12
Wed May 27 2026 13:45:00 GMT-0700 (Pacific Daylight Time),12
Wed May 27 2026 14:00:00 GMT-0700 (Pacific Daylight Time),12
Wed May 27 2026 14:15:00 GMT-0700 (Pacific Daylight Time),12
Wed May 27 2026 14:30:00 GMT-0700 (Pacific Daylight Time),12
Wed May 27 2026 14:45:00 GMT-0700 (Pacific Daylight Time),12
Wed May 27 2026 15:00:00 GMT-0700 (Pacific Daylight Time),14
Wed May 27 2026 15:15:00 GMT-0700 (Pacific Daylight Time),13
Wed May 27 2026 15:30:00 GMT-0700 (Pacific Daylight Time),13
Wed May 27 2026 15:45:00 GMT-0700 (Pacific Daylight Time),13
Wed May 27 2026 16:00:00 GMT-0700 (Pacific Daylight Time),13
Wed May 27 2026 16:15:00 GMT-0700 (Pacific Daylight Time),13
Wed May 27 2026 16:30:00 GMT-0700 (Pacific Daylight Time),12
Wed May 27 2026 16:45:00 GMT-0700 (Pacific Daylight Time),13
Wed May 27 2026 17:00:00 GMT-0700 (Pacific Daylight Time),13
Wed May 27 2026 17:15:00 GMT-0700 (Pacific Daylight Time),15
Wed May 27 2026 17:30:00 GMT-0700 (Pacific Daylight Time),15
Wed May 27 2026 17:45:00 GMT-0700 (Pacific Daylight Time),16
Wed May 27 2026 18:00:00 GMT-0700 (Pacific Daylight Time),16
Wed May 27 2026 18:15:00 GMT-0700 (Pacific Daylight Time),15
Wed May 27 2026 18:30:00 GMT-0700 (Pacific Daylight Time),16
Wed May 27 2026 18:45:00 GMT-0700 (Pacific Daylight Time),16
Wed May 27 2026 19:00:00 GMT-0700 (Pacific Daylight Time),16
Wed May 27 2026 19:15:00 GMT-0700 (Pacific Daylight Time),16
Wed May 27 2026 19:30:00 GMT-0700 (Pacific Daylight Time),16
Wed May 27 2026 19:45:00 GMT-0700 (Pacific Daylight Time),16
Wed May 27 2026 20:00:00 GMT-0700 (Pacific Daylight Time),16
Wed May 27 2026 20:15:00 GMT-0700 (Pacific Daylight Time),14
Wed May 27 2026 20:30:00 GMT-0700 (Pacific Daylight Time),17
Wed May 27 2026 20:45:00 GMT-0700 (Pacific Daylight Time),16
Wed May 27 2026 21:00:00 GMT-0700 (Pacific Daylight Time),15
Wed May 27 2026 21:15:00 GMT-0700 (Pacific Daylight Time),16
Wed May 27 2026 21:30:00 GMT-0700 (Pacific Daylight Time),18
Wed May 27 2026 21:45:00 GMT-0700 (Pacific Daylight Time),19
Wed May 27 2026 22:00:00 GMT-0700 (Pacific Daylight Time),18
Wed May 27 2026 22:15:00 GMT-0700 (Pacific Daylight Time),16
Wed May 27 2026 22:30:00 GMT-0700 (Pacific Daylight Time),14
Wed May 27 2026 22:45:00 GMT-0700 (Pacific Daylight Time),16
Wed May 27 2026 23:00:00 GMT-0700 (Pacific Daylight Time),15
Wed May 27 2026 23:15:00 GMT-0700 (Pacific Daylight Time),15
Wed May 27 2026 23:30:00 GMT-0700 (Pacific Daylight Time),16
Wed May 27 2026 23:45:00 GMT-0700 (Pacific Daylight Time),14
Thu May 28 2026 00:00:00 GMT-0700 (Pacific Daylight Time),14
Thu May 28 2026 00:15:00 GMT-0700 (Pacific Daylight Time),13
Thu May 28 2026 00:30:00 GMT-0700 (Pacific Daylight Time),12
Thu May 28 2026 00:45:00 GMT-0700 (Pacific Daylight Time),13
Thu May 28 2026 01:00:00 GMT-0700 (Pacific Daylight Time),12
Thu May 28 2026 01:15:00 GMT-0700 (Pacific Daylight Time),11
Thu May 28 2026 01:30:00 GMT-0700 (Pacific Daylight Time),11
Thu May 28 2026 01:45:00 GMT-0700 (Pacific Daylight Time),11
Thu May 28 2026 02:00:00 GMT-0700 (Pacific Daylight Time),12
Thu May 28 2026 02:15:00 GMT-0700 (Pacific Daylight Time),12
Thu May 28 2026 02:30:00 GMT-0700 (Pacific Daylight Time),12
Thu May 28 2026 02:45:00 GMT-0700 (Pacific Daylight Time),11
Thu May 28 2026 03:00:00 GMT-0700 (Pacific Daylight Time),11
Thu May 28 2026 03:15:00 GMT-0700 (Pacific Daylight Time),11
Thu May 28 2026 03:30:00 GMT-0700 (Pacific Daylight Time),10
Thu May 28 2026 03:45:00 GMT-0700 (Pacific Daylight Time),11
Thu May 28 2026 04:00:00 GMT-0700 (Pacific Daylight Time),11
Thu May 28 2026 04:15:00 GMT-0700 (Pacific Daylight Time),11
Thu May 28 2026 04:30:00 GMT-0700 (Pacific Daylight Time),11
Thu May 28 2026 04:45:00 GMT-0700 (Pacific Daylight Time),11
Thu May 28 2026 05:00:00 GMT-0700 (Pacific Daylight Time),10
Thu May 28 2026 05:15:00 GMT-0700 (Pacific Daylight Time),11
Thu May 28 2026 05:30:00 GMT-0700 (Pacific Daylight Time),11
Thu May 28 2026 05:45:00 GMT-0700 (Pacific Daylight Time),10
Thu May 28 2026 06:00:00 GMT-0700 (Pacific Daylight Time),10
Thu May 28 2026 06:15:00 GMT-0700 (Pacific Daylight Time),10
Thu May 28 2026 06:30:00 GMT-0700 (Pacific Daylight Time),9
Thu May 28 2026 06:45:00 GMT-0700 (Pacific Daylight Time),10
Thu May 28 2026 07:00:00 GMT-0700 (Pacific Daylight Time),10
Thu May 28 2026 07:15:00 GMT-0700 (Pacific Daylight Time),9
Thu May 28 2026 07:30:00 GMT-0700 (Pacific Daylight Time),11
Thu May 28 2026 07:45:00 GMT-0700 (Pacific Daylight Time),10
Thu May 28 2026 08:00:00 GMT-0700 (Pacific Daylight Time),10
Thu May 28 2026 08:15:00 GMT-0700 (Pacific Daylight Time),11
Thu May 28 2026 08:30:00 GMT-0700 (Pacific Daylight Time),10
Thu May 28 2026 08:45:00 GMT-0700 (Pacific Daylight Time),11
Thu May 28 2026 09:00:00 GMT-0700 (Pacific Daylight Time),10
Thu May 28 2026 09:15:00 GMT-0700 (Pacific Daylight Time),11
Thu May 28 2026 09:30:00 GMT-0700 (Pacific Daylight Time),12
Thu May 28 2026 09:45:00 GMT-0700 (Pacific Daylight Time),11
Thu May 28 2026 10:00:00 GMT-0700 (Pacific Daylight Time),14
Thu May 28 2026 10:15:00 GMT-0700 (Pacific Daylight Time),14
Thu May 28 2026 10:30:00 GMT-0700 (Pacific Daylight Time),13
Thu May 28 2026 10:45:00 GMT-0700 (Pacific Daylight Time),13
Thu May 28 2026 11:00:00 GMT-0700 (Pacific Daylight Time),14
Thu May 28 2026 11:15:00 GMT-0700 (Pacific Daylight Time),13
Thu May 28 2026 11:30:00 GMT-0700 (Pacific Daylight Time),13
Thu May 28 2026 11:45:00 GMT-0700 (Pacific Daylight Time),13
Thu May 28 2026 12:00:00 GMT-0700 (Pacific Daylight Time),13
Thu May 28 2026 12:15:00 GMT-0700 (Pacific Daylight Time),15
Thu May 28 2026 12:30:00 GMT-0700 (Pacific Daylight Time),13
Thu May 28 2026 12:45:00 GMT-0700 (Pacific Daylight Time),13
Thu May 28 2026 13:00:00 GMT-0700 (Pacific Daylight Time),13
Thu May 28 2026 13:15:00 GMT-0700 (Pacific Daylight Time),15
Thu May 28 2026 13:30:00 GMT-0700 (Pacific Daylight Time),15
Thu May 28 2026 13:45:00 GMT-0700 (Pacific Daylight Time),15
Thu May 28 2026 14:00:00 GMT-0700 (Pacific Daylight Time),14
Thu May 28 2026 14:15:00 GMT-0700 (Pacific Daylight Time),18
Thu May 28 2026 14:30:00 GMT-0700 (Pacific Daylight Time),17
Thu May 28 2026 14:45:00 GMT-0700 (Pacific Daylight Time),14
Thu May 28 2026 15:00:00 GMT-0700 (Pacific Daylight Time),15
Thu May 28 2026 15:15:00 GMT-0700 (Pacific Daylight Time),14
Thu May 28 2026 15:30:00 GMT-0700 (Pacific Daylight Time),15
Thu May 28 2026 15:45:00 GMT-0700 (Pacific Daylight Time),15
Thu May 28 2026 16:00:00 GMT-0700 (Pacific Daylight Time),14
Thu May 28 2026 16:15:00 GMT-0700 (Pacific Daylight Time),14
Thu May 28 2026 16:30:00 GMT-0700 (Pacific Daylight Time),14
Thu May 28 2026 16:45:00 GMT-0700 (Pacific Daylight Time),14
Thu May 28 2026 17:00:00 GMT-0700 (Pacific Daylight Time),14
Thu May 28 2026 17:15:00 GMT-0700 (Pacific Daylight Time),15
Thu May 28 2026 17:30:00 GMT-0700 (Pacific Daylight Time),15
Thu May 28 2026 17:45:00 GMT-0700 (Pacific Daylight Time),14
Thu May 28 2026 18:00:00 GMT-0700 (Pacific Daylight Time),15
Thu May 28 2026 18:15:00 GMT-0700 (Pacific Daylight Time),15
Thu May 28 2026 18:30:00 GMT-0700 (Pacific Daylight Time),14
Thu May 28 2026 18:45:00 GMT-0700 (Pacific Daylight Time),15
Thu May 28 2026 19:00:00 GMT-0700 (Pacific Daylight Time),14
Thu May 28 2026 19:15:00 GMT-0700 (Pacific Daylight Time),13
Thu May 28 2026 19:30:00 GMT-0700 (Pacific Daylight Time),14
Thu May 28 2026 19:45:00 GMT-0700 (Pacific Daylight Time),13
Thu May 28 2026 20:00:00 GMT-0700 (Pacific Daylight Time),14
Thu May 28 2026 20:15:00 GMT-0700 (Pacific Daylight Time),14
Thu May 28 2026 20:30:00 GMT-0700 (Pacific Daylight Time),14
Thu May 28 2026 20:45:00 GMT-0700 (Pacific Daylight Time),14
Thu May 28 2026 21:00:00 GMT-0700 (Pacific Daylight Time),15
Thu May 28 2026 21:15:00 GMT-0700 (Pacific Daylight Time),17
Thu May 28 2026 21:30:00 GMT-0700 (Pacific Daylight Time),18
Thu May 28 2026 21:45:00 GMT-0700 (Pacific Daylight Time),18
Thu May 28 2026 22:00:00 GMT-0700 (Pacific Daylight Time),18
Thu May 28 2026 22:15:00 GMT-0700 (Pacific Daylight Time),17
Thu May 28 2026 22:30:00 GMT-0700 (Pacific Daylight Time),15
Thu May 28 2026 22:45:00 GMT-0700 (Pacific Daylight Time),15
Thu May 28 2026 23:00:00 GMT-0700 (Pacific Daylight Time),15
Thu May 28 2026 23:15:00 GMT-0700 (Pacific Daylight Time),17
Thu May 28 2026 23:30:00 GMT-0700 (Pacific Daylight Time),17
Thu May 28 2026 23:45:00 GMT-0700 (Pacific Daylight Time),16
Fri May 29 2026 00:00:00 GMT-0700 (Pacific Daylight Time),17
Fri May 29 2026 00:15:00 GMT-0700 (Pacific Daylight Time),14
Fri May 29 2026 00:30:00 GMT-0700 (Pacific Daylight Time),14
Fri May 29 2026 00:45:00 GMT-0700 (Pacific Daylight Time),13
Fri May 29 2026 01:00:00 GMT-0700 (Pacific Daylight Time),14
Fri May 29 2026 01:15:00 GMT-0700 (Pacific Daylight Time),13
Fri May 29 2026 01:30:00 GMT-0700 (Pacific Daylight Time),13
Fri May 29 2026 01:45:00 GMT-0700 (Pacific Daylight Time),11
Fri May 29 2026 02:00:00 GMT-0700 (Pacific Daylight Time),13
Fri May 29 2026 02:15:00 GMT-0700 (Pacific Daylight Time),12
Fri May 29 2026 02:30:00 GMT-0700 (Pacific Daylight Time),12
Fri May 29 2026 02:45:00 GMT-0700 (Pacific Daylight Time),13
Fri May 29 2026 03:00:00 GMT-0700 (Pacific Daylight Time),12
Fri May 29 2026 03:15:00 GMT-0700 (Pacific Daylight Time),12
Fri May 29 2026 03:30:00 GMT-0700 (Pacific Daylight Time),11
Fri May 29 2026 03:45:00 GMT-0700 (Pacific Daylight Time),11
Fri May 29 2026 04:00:00 GMT-0700 (Pacific Daylight Time),10
Fri May 29 2026 04:15:00 GMT-0700 (Pacific Daylight Time),11
Fri May 29 2026 04:30:00 GMT-0700 (Pacific Daylight Time),10
Fri May 29 2026 04:45:00 GMT-0700 (Pacific Daylight Time),10
Fri May 29 2026 05:00:00 GMT-0700 (Pacific Daylight Time),11
Fri May 29 2026 05:15:00 GMT-0700 (Pacific Daylight Time),10
Fri May 29 2026 05:30:00 GMT-0700 (Pacific Daylight Time),10
Fri May 29 2026 05:45:00 GMT-0700 (Pacific Daylight Time),10
Fri May 29 2026 06:00:00 GMT-0700 (Pacific Daylight Time),10
Fri May 29 2026 06:15:00 GMT-0700 (Pacific Daylight Time),10
Fri May 29 2026 06:30:00 GMT-0700 (Pacific Daylight Time),9
Fri May 29 2026 06:45:00 GMT-0700 (Pacific Daylight Time),10
Fri May 29 2026 07:00:00 GMT-0700 (Pacific Daylight Time),10
Fri May 29 2026 07:15:00 GMT-0700 (Pacific Daylight Time),10
Fri May 29 2026 07:30:00 GMT-0700 (Pacific Daylight Time),10
Fri May 29 2026 07:45:00 GMT-0700 (Pacific Daylight Time),11
Fri May 29 2026 08:00:00 GMT-0700 (Pacific Daylight Time),10
Fri May 29 2026 08:15:00 GMT-0700 (Pacific Daylight Time),10
Fri May 29 2026 08:30:00 GMT-0700 (Pacific Daylight Time),11
Fri May 29 2026 08:45:00 GMT-0700 (Pacific Daylight Time),10
Fri May 29 2026 09:00:00 GMT-0700 (Pacific Daylight Time),10
Fri May 29 2026 09:15:00 GMT-0700 (Pacific Daylight Time),11
Fri May 29 2026 09:30:00 GMT-0700 (Pacific Daylight Time),11
Fri May 29 2026 09:45:00 GMT-0700 (Pacific Daylight Time),12
Fri May 29 2026 10:00:00 GMT-0700 (Pacific Daylight Time),12
Fri May 29 2026 10:15:00 GMT-0700 (Pacific Daylight Time),13
Fri May 29 2026 10:30:00 GMT-0700 (Pacific Daylight Time),11
Fri May 29 2026 10:45:00 GMT-0700 (Pacific Daylight Time),11
Fri May 29 2026 11:00:00 GMT-0700 (Pacific Daylight Time),11
Fri May 29 2026 11:15:00 GMT-0700 (Pacific Daylight Time),11
Fri May 29 2026 11:30:00 GMT-0700 (Pacific Daylight Time),12
Fri May 29 2026 11:45:00 GMT-0700 (Pacific Daylight Time),13
Fri May 29 2026 12:00:00 GMT-0700 (Pacific Daylight Time),14
Fri May 29 2026 12:15:00 GMT-0700 (Pacific Daylight Time),14
Fri May 29 2026 12:30:00 GMT-0700 (Pacific Daylight Time),13
Fri May 29 2026 12:45:00 GMT-0700 (Pacific Daylight Time),12
Fri May 29 2026 13:00:00 GMT-0700 (Pacific Daylight Time),12
Fri May 29 2026 13:15:00 GMT-0700 (Pacific Daylight Time),13
Fri May 29 2026 13:30:00 GMT-0700 (Pacific Daylight Time),15
Fri May 29 2026 13:45:00 GMT-0700 (Pacific Daylight Time),15
Fri May 29 2026 14:00:00 GMT-0700 (Pacific Daylight Time),13
Fri May 29 2026 14:15:00 GMT-0700 (Pacific Daylight Time),13
Fri May 29 2026 14:30:00 GMT-0700 (Pacific Daylight Time),12
Fri May 29 2026 14:45:00 GMT-0700 (Pacific Daylight Time),14
Fri May 29 2026 15:00:00 GMT-0700 (Pacific Daylight Time),14
Fri May 29 2026 15:15:00 GMT-0700 (Pacific Daylight Time),14
Fri May 29 2026 15:30:00 GMT-0700 (Pacific Daylight Time),13
Fri May 29 2026 15:45:00 GMT-0700 (Pacific Daylight Time),12
Fri May 29 2026 16:00:00 GMT-0700 (Pacific Daylight Time),11
Fri May 29 2026 16:15:00 GMT-0700 (Pacific Daylight Time),13
Fri May 29 2026 16:30:00 GMT-0700 (Pacific Daylight Time),12
Fri May 29 2026 16:45:00 GMT-0700 (Pacific Daylight Time),13
Fri May 29 2026 17:00:00 GMT-0700 (Pacific Daylight Time),12
Fri May 29 2026 17:15:00 GMT-0700 (Pacific Daylight Time),13
Fri May 29 2026 17:30:00 GMT-0700 (Pacific Daylight Time),12
Fri May 29 2026 17:45:00 GMT-0700 (Pacific Daylight Time),12
Fri May 29 2026 18:00:00 GMT-0700 (Pacific Daylight Time),12
Fri May 29 2026 18:15:00 GMT-0700 (Pacific Daylight Time),13
Fri May 29 2026 18:30:00 GMT-0700 (Pacific Daylight Time),12
Fri May 29 2026 18:45:00 GMT-0700 (Pacific Daylight Time),12
Fri May 29 2026 19:00:00 GMT-0700 (Pacific Daylight Time),12
Fri May 29 2026 19:15:00 GMT-0700 (Pacific Daylight Time),12
Fri May 29 2026 19:30:00 GMT-0700 (Pacific Daylight Time),12
Fri May 29 2026 19:45:00 GMT-0700 (Pacific Daylight Time),13
Fri May 29 2026 20:00:00 GMT-0700 (Pacific Daylight Time),13
Fri May 29 2026 20:15:00 GMT-0700 (Pacific Daylight Time),14
Fri May 29 2026 20:30:00 GMT-0700 (Pacific Daylight Time),13
Fri May 29 2026 20:45:00 GMT-0700 (Pacific Daylight Time),14
Fri May 29 2026 21:00:00 GMT-0700 (Pacific Daylight Time),13
Fri May 29 2026 21:15:00 GMT-0700 (Pacific Daylight Time),14
Fri May 29 2026 21:30:00 GMT-0700 (Pacific Daylight Time),15
Fri May 29 2026 21:45:00 GMT-0700 (Pacific Daylight Time),14
Fri May 29 2026 22:00:00 GMT-0700 (Pacific Daylight Time),15
Fri May 29 2026 22:15:00 GMT-0700 (Pacific Daylight Time),14
Fri May 29 2026 22:30:00 GMT-0700 (Pacific Daylight Time),13
Fri May 29 2026 22:45:00 GMT-0700 (Pacific Daylight Time),14
Fri May 29 2026 23:00:00 GMT-0700 (Pacific Daylight Time),15
Fri May 29 2026 23:15:00 GMT-0700 (Pacific Daylight Time),14
Fri May 29 2026 23:30:00 GMT-0700 (Pacific Daylight Time),14
Fri May 29 2026 23:45:00 GMT-0700 (Pacific Daylight Time),14
Sat May 30 2026 00:00:00 GMT-0700 (Pacific Daylight Time),12
Sat May 30 2026 00:15:00 GMT-0700 (Pacific Daylight Time),14
Sat May 30 2026 00:30:00 GMT-0700 (Pacific Daylight Time),13
Sat May 30 2026 00:45:00 GMT-0700 (Pacific Daylight Time),13
Sat May 30 2026 01:00:00 GMT-0700 (Pacific Daylight Time),13
Sat May 30 2026 01:15:00 GMT-0700 (Pacific Daylight Time),13
Sat May 30 2026 01:30:00 GMT-0700 (Pacific Daylight Time),13
Sat May 30 2026 01:45:00 GMT-0700 (Pacific Daylight Time),12
Sat May 30 2026 02:00:00 GMT-0700 (Pacific Daylight Time),12
Sat May 30 2026 02:15:00 GMT-0700 (Pacific Daylight Time),11
Sat May 30 2026 02:30:00 GMT-0700 (Pacific Daylight Time),12
Sat May 30 2026 02:45:00 GMT-0700 (Pacific Daylight Time),10
Sat May 30 2026 03:00:00 GMT-0700 (Pacific Daylight Time),11
Sat May 30 2026 03:15:00 GMT-0700 (Pacific Daylight Time),10
Sat May 30 2026 03:30:00 GMT-0700 (Pacific Daylight Time),11
Sat May 30 2026 03:45:00 GMT-0700 (Pacific Daylight Time),10
Sat May 30 2026 04:00:00 GMT-0700 (Pacific Daylight Time),10
Sat May 30 2026 04:15:00 GMT-0700 (Pacific Daylight Time),10
Sat May 30 2026 04:30:00 GMT-0700 (Pacific Daylight Time),10
Sat May 30 2026 04:45:00 GMT-0700 (Pacific Daylight Time),10
Sat May 30 2026 05:00:00 GMT-0700 (Pacific Daylight Time),10
Sat May 30 2026 05:15:00 GMT-0700 (Pacific Daylight Time),10
Sat May 30 2026 05:30:00 GMT-0700 (Pacific Daylight Time),10
Sat May 30 2026 05:45:00 GMT-0700 (Pacific Daylight Time),10
Sat May 30 2026 06:00:00 GMT-0700 (Pacific Daylight Time),9
Sat May 30 2026 06:15:00 GMT-0700 (Pacific Daylight Time),11
Sat May 30 2026 06:30:00 GMT-0700 (Pacific Daylight Time),10
Sat May 30 2026 06:45:00 GMT-0700 (Pacific Daylight Time),11
Sat May 30 2026 07:00:00 GMT-0700 (Pacific Daylight Time),10
Sat May 30 2026 07:15:00 GMT-0700 (Pacific Daylight Time),10
Sat May 30 2026 07:30:00 GMT-0700 (Pacific Daylight Time),11
Sat May 30 2026 07:45:00 GMT-0700 (Pacific Daylight Time),12
Sat May 30 2026 08:00:00 GMT-0700 (Pacific Daylight Time),12
Sat May 30 2026 08:15:00 GMT-0700 (Pacific Daylight Time),12
Sat May 30 2026 08:30:00 GMT-0700 (Pacific Daylight Time),12
Sat May 30 2026 08:45:00 GMT-0700 (Pacific Daylight Time),11
Sat May 30 2026 09:00:00 GMT-0700 (Pacific Daylight Time),11
Sat May 30 2026 09:15:00 GMT-0700 (Pacific Daylight Time),11
Sat May 30 2026 09:30:00 GMT-0700 (Pacific Daylight Time),10
Sat May 30 2026 09:45:00 GMT-0700 (Pacific Daylight Time),11
Sat May 30 2026 10:00:00 GMT-0700 (Pacific Daylight Time),10
Sat May 30 2026 10:15:00 GMT-0700 (Pacific Daylight Time),10
Sat May 30 2026 10:30:00 GMT-0700 (Pacific Daylight Time),11
Sat May 30 2026 10:45:00 GMT-0700 (Pacific Daylight Time),13
Sat May 30 2026 11:00:00 GMT-0700 (Pacific Daylight Time),14
Sat May 30 2026 11:15:00 GMT-0700 (Pacific Daylight Time),14
Sat May 30 2026 11:30:00 GMT-0700 (Pacific Daylight Time),13
Sat May 30 2026 11:45:00 GMT-0700 (Pacific Daylight Time),13
Sat May 30 2026 12:00:00 GMT-0700 (Pacific Daylight Time),12
Sat May 30 2026 12:15:00 GMT-0700 (Pacific Daylight Time),16
Sat May 30 2026 12:30:00 GMT-0700 (Pacific Daylight Time),16
Sat May 30 2026 12:45:00 GMT-0700 (Pacific Daylight Time),15
Sat May 30 2026 13:00:00 GMT-0700 (Pacific Daylight Time),14
Sat May 30 2026 13:15:00 GMT-0700 (Pacific Daylight Time),13
Sat May 30 2026 13:30:00 GMT-0700 (Pacific Daylight Time),14
Sat May 30 2026 13:45:00 GMT-0700 (Pacific Daylight Time),15
Sat May 30 2026 14:00:00 GMT-0700 (Pacific Daylight Time),16
Sat May 30 2026 14:15:00 GMT-0700 (Pacific Daylight Time),14
Sat May 30 2026 14:30:00 GMT-0700 (Pacific Daylight Time),13
Sat May 30 2026 14:45:00 GMT-0700 (Pacific Daylight Time),12
Sat May 30 2026 15:00:00 GMT-0700 (Pacific Daylight Time),14
Sat May 30 2026 15:15:00 GMT-0700 (Pacific Daylight Time),14
Sat May 30 2026 15:30:00 GMT-0700 (Pacific Daylight Time),15
Sat May 30 2026 15:45:00 GMT-0700 (Pacific Daylight Time),18
Sat May 30 2026 16:00:00 GMT-0700 (Pacific Daylight Time),17
Sat May 30 2026 16:15:00 GMT-0700 (Pacific Daylight Time),15
Sat May 30 2026 16:30:00 GMT-0700 (Pacific Daylight Time),15
Sat May 30 2026 16:45:00 GMT-0700 (Pacific Daylight Time),13
Sat May 30 2026 17:00:00 GMT-0700 (Pacific Daylight Time),13
Sat May 30 2026 17:15:00 GMT-0700 (Pacific Daylight Time),12
Sat May 30 2026 17:30:00 GMT-0700 (Pacific Daylight Time),14
Sat May 30 2026 17:45:00 GMT-0700 (Pacific Daylight Time),16
Sat May 30 2026 18:00:00 GMT-0700 (Pacific Daylight Time),14
Sat May 30 2026 18:15:00 GMT-0700 (Pacific Daylight Time),15
Sat May 30 2026 18:30:00 GMT-0700 (Pacific Daylight Time),13
Sat May 30 2026 18:45:00 GMT-0700 (Pacific Daylight Time),12
Sat May 30 2026 19:00:00 GMT-0700 (Pacific Daylight Time),12
Sat May 30 2026 19:15:00 GMT-0700 (Pacific Daylight Time),13
Sat May 30 2026 19:30:00 GMT-0700 (Pacific Daylight Time),13
Sat May 30 2026 19:45:00 GMT-0700 (Pacific Daylight Time),12
Sat May 30 2026 20:00:00 GMT-0700 (Pacific Daylight Time),14
Sat May 30 2026 20:15:00 GMT-0700 (Pacific Daylight Time),16
Sat May 30 2026 20:30:00 GMT-0700 (Pacific Daylight Time),14
Sat May 30 2026 20:45:00 GMT-0700 (Pacific Daylight Time),14
Sat May 30 2026 21:00:00 GMT-0700 (Pacific Daylight Time),14
Sat May 30 2026 21:15:00 GMT-0700 (Pacific Daylight Time),15
Sat May 30 2026 21:30:00 GMT-0700 (Pacific Daylight Time),15
Sat May 30 2026 21:45:00 GMT-0700 (Pacific Daylight Time),14
Sat May 30 2026 22:00:00 GMT-0700 (Pacific Daylight Time),15
Sat May 30 2026 22:15:00 GMT-0700 (Pacific Daylight Time),15
Sat May 30 2026 22:30:00 GMT-0700 (Pacific Daylight Time),13
Sat May 30 2026 22:45:00 GMT-0700 (Pacific Daylight Time),14
Sat May 30 2026 23:00:00 GMT-0700 (Pacific Daylight Time),13
Sat May 30 2026 23:15:00 GMT-0700 (Pacific Daylight Time),13
Sat May 30 2026 23:30:00 GMT-0700 (Pacific Daylight Time),13
Sat May 30 2026 23:45:00 GMT-0700 (Pacific Daylight Time),14
Sun May 31 2026 00:00:00 GMT-0700 (Pacific Daylight Time),13
Sun May 31 2026 00:15:00 GMT-0700 (Pacific Daylight Time),13
Sun May 31 2026 00:30:00 GMT-0700 (Pacific Daylight Time),13
Sun May 31 2026 00:45:00 GMT-0700 (Pacific Daylight Time),12
Sun May 31 2026 01:00:00 GMT-0700 (Pacific Daylight Time),12
Sun May 31 2026 01:15:00 GMT-0700 (Pacific Daylight Time),14
Sun May 31 2026 01:30:00 GMT-0700 (Pacific Daylight Time),13
Sun May 31 2026 01:45:00 GMT-0700 (Pacific Daylight Time),14
Sun May 31 2026 02:00:00 GMT-0700 (Pacific Daylight Time),12
Sun May 31 2026 02:15:00 GMT-0700 (Pacific Daylight Time),11
Sun May 31 2026 02:30:00 GMT-0700 (Pacific Daylight Time),11
Sun May 31 2026 02:45:00 GMT-0700 (Pacific Daylight Time),10
Sun May 31 2026 03:00:00 GMT-0700 (Pacific Daylight Time),11
Sun May 31 2026 03:15:00 GMT-0700 (Pacific Daylight Time),10
Sun May 31 2026 03:30:00 GMT-0700 (Pacific Daylight Time),11
Sun May 31 2026 03:45:00 GMT-0700 (Pacific Daylight Time),10
Sun May 31 2026 04:00:00 GMT-0700 (Pacific Daylight Time),10
Sun May 31 2026 04:15:00 GMT-0700 (Pacific Daylight Time),9
Sun May 31 2026 04:30:00 GMT-0700 (Pacific Daylight Time),11
Sun May 31 2026 04:45:00 GMT-0700 (Pacific Daylight Time),9
Sun May 31 2026 05:00:00 GMT-0700 (Pacific Daylight Time),10
Sun May 31 2026 05:15:00 GMT-0700 (Pacific Daylight Time),10
Sun May 31 2026 05:30:00 GMT-0700 (Pacific Daylight Time),10
Sun May 31 2026 05:45:00 GMT-0700 (Pacific Daylight Time),10
Sun May 31 2026 06:00:00 GMT-0700 (Pacific Daylight Time),10
Sun May 31 2026 06:15:00 GMT-0700 (Pacific Daylight Time),9
Sun May 31 2026 06:30:00 GMT-0700 (Pacific Daylight Time),10
Sun May 31 2026 06:45:00 GMT-0700 (Pacific Daylight Time),9
Sun May 31 2026 07:00:00 GMT-0700 (Pacific Daylight Time),9
Sun May 31 2026 07:15:00 GMT-0700 (Pacific Daylight Time),9
Sun May 31 2026 07:30:00 GMT-0700 (Pacific Daylight Time),10
Sun May 31 2026 07:45:00 GMT-0700 (Pacific Daylight Time),9
Sun May 31 2026 08:00:00 GMT-0700 (Pacific Daylight Time),10
Sun May 31 2026 08:15:00 GMT-0700 (Pacific Daylight Time),9
Sun May 31 2026 08:30:00 GMT-0700 (Pacific Daylight Time),9
Sun May 31 2026 08:45:00 GMT-0700 (Pacific Daylight Time),10
Sun May 31 2026 09:00:00 GMT-0700 (Pacific Daylight Time),10
Sun May 31 2026 09:15:00 GMT-0700 (Pacific Daylight Time),10
Sun May 31 2026 09:30:00 GMT-0700 (Pacific Daylight Time),10
Sun May 31 2026 09:45:00 GMT-0700 (Pacific Daylight Time),9
Sun May 31 2026 10:00:00 GMT-0700 (Pacific Daylight Time),11
Sun May 31 2026 10:15:00 GMT-0700 (Pacific Daylight Time),11
Sun May 31 2026 10:30:00 GMT-0700 (Pacific Daylight Time),12
Sun May 31 2026 10:45:00 GMT-0700 (Pacific Daylight Time),14
Sun May 31 2026 11:00:00 GMT-0700 (Pacific Daylight Time),15
Sun May 31 2026 11:15:00 GMT-0700 (Pacific Daylight Time),15
Sun May 31 2026 11:30:00 GMT-0700 (Pacific Daylight Time),16
Sun May 31 2026 11:45:00 GMT-0700 (Pacific Daylight Time),13
Sun May 31 2026 12:00:00 GMT-0700 (Pacific Daylight Time),15
Sun May 31 2026 12:15:00 GMT-0700 (Pacific Daylight Time),17
Sun May 31 2026 12:30:00 GMT-0700 (Pacific Daylight Time),16
Sun May 31 2026 12:45:00 GMT-0700 (Pacific Daylight Time),14
Sun May 31 2026 13:00:00 GMT-0700 (Pacific Daylight Time),12
Sun May 31 2026 13:15:00 GMT-0700 (Pacific Daylight Time),14
Sun May 31 2026 13:30:00 GMT-0700 (Pacific Daylight Time),15
Sun May 31 2026 13:45:00 GMT-0700 (Pacific Daylight Time),16
Sun May 31 2026 14:00:00 GMT-0700 (Pacific Daylight Time),14
Sun May 31 2026 14:15:00 GMT-0700 (Pacific Daylight Time),14
Sun May 31 2026 14:30:00 GMT-0700 (Pacific Daylight Time),13
Sun May 31 2026 14:45:00 GMT-0700 (Pacific Daylight Time),13
Sun May 31 2026 15:00:00 GMT-0700 (Pacific Daylight Time),14
Sun May 31 2026 15:15:00 GMT-0700 (Pacific Daylight Time),14
Sun May 31 2026 15:30:00 GMT-0700 (Pacific Daylight Time),15
Sun May 31 2026 15:45:00 GMT-0700 (Pacific Daylight Time),15
Sun May 31 2026 16:00:00 GMT-0700 (Pacific Daylight Time),15
Sun May 31 2026 16:15:00 GMT-0700 (Pacific Daylight Time),14
Sun May 31 2026 16:30:00 GMT-0700 (Pacific Daylight Time),15
Sun May 31 2026 16:45:00 GMT-0700 (Pacific Daylight Time),16
Sun May 31 2026 17:00:00 GMT-0700 (Pacific Daylight Time),15
Sun May 31 2026 17:15:00 GMT-0700 (Pacific Daylight Time),14
Sun May 31 2026 17:30:00 GMT-0700 (Pacific Daylight Time),14
Sun May 31 2026 17:45:00 GMT-0700 (Pacific Daylight Time),13
Sun May 31 2026 18:00:00 GMT-0700 (Pacific Daylight Time),13
Sun May 31 2026 18:15:00 GMT-0700 (Pacific Daylight Time),14
Sun May 31 2026 18:30:00 GMT-0700 (Pacific Daylight Time),13
Sun May 31 2026 18:45:00 GMT-0700 (Pacific Daylight Time),13
Sun May 31 2026 19:00:00 GMT-0700 (Pacific Daylight Time),13
Sun May 31 2026 19:15:00 GMT-0700 (Pacific Daylight Time),14
Sun May 31 2026 19:30:00 GMT-0700 (Pacific Daylight Time),16
Sun May 31 2026 19:45:00 GMT-0700 (Pacific Daylight Time),16
Sun May 31 2026 20:00:00 GMT-0700 (Pacific Daylight Time),16
Sun May 31 2026 20:15:00 GMT-0700 (Pacific Daylight Time),15
Sun May 31 2026 20:30:00 GMT-0700 (Pacific Daylight Time),15
Sun May 31 2026 20:45:00 GMT-0700 (Pacific Daylight Time),16
Sun May 31 2026 21:00:00 GMT-0700 (Pacific Daylight Time),18
Sun May 31 2026 21:15:00 GMT-0700 (Pacific Daylight Time),16
Sun May 31 2026 21:30:00 GMT-0700 (Pacific Daylight Time),16
Sun May 31 2026 21:45:00 GMT-0700 (Pacific Daylight Time),17
Sun May 31 2026 22:00:00 GMT-0700 (Pacific Daylight Time),15
Sun May 31 2026 22:15:00 GMT-0700 (Pacific Daylight Time),15
Sun May 31 2026 22:30:00 GMT-0700 (Pacific Daylight Time),17
Sun May 31 2026 22:45:00 GMT-0700 (Pacific Daylight Time),16
Sun May 31 2026 23:00:00 GMT-0700 (Pacific Daylight Time),16
Sun May 31 2026 23:15:00 GMT-0700 (Pacific Daylight Time),16
Sun May 31 2026 23:30:00 GMT-0700 (Pacific Daylight Time),15
Sun May 31 2026 23:45:00 GMT-0700 (Pacific Daylight Time),16
Mon Jun 01 2026 00:00:00 GMT-0700 (Pacific Daylight Time),15
Mon Jun 01 2026 00:15:00 GMT-0700 (Pacific Daylight Time),14
Mon Jun 01 2026 00:30:00 GMT-0700 (Pacific Daylight Time),14
Mon Jun 01 2026 00:45:00 GMT-0700 (Pacific Daylight Time),13
Mon Jun 01 2026 01:00:00 GMT-0700 (Pacific Daylight Time),13
Mon Jun 01 2026 01:15:00 GMT-0700 (Pacific Daylight Time),12
Mon Jun 01 2026 01:30:00 GMT-0700 (Pacific Daylight Time),13
Mon Jun 01 2026 01:45:00 GMT-0700 (Pacific Daylight Time),12
Mon Jun 01 2026 02:00:00 GMT-0700 (Pacific Daylight Time),13
Mon Jun 01 2026 02:15:00 GMT-0700 (Pacific Daylight Time),12
Mon Jun 01 2026 02:30:00 GMT-0700 (Pacific Daylight Time),12
Mon Jun 01 2026 02:45:00 GMT-0700 (Pacific Daylight Time),13
Mon Jun 01 2026 03:00:00 GMT-0700 (Pacific Daylight Time),12
Mon Jun 01 2026 03:15:00 GMT-0700 (Pacific Daylight Time),12
Mon Jun 01 2026 03:30:00 GMT-0700 (Pacific Daylight Time),11
Mon Jun 01 2026 03:45:00 GMT-0700 (Pacific Daylight Time),11
Mon Jun 01 2026 04:00:00 GMT-0700 (Pacific Daylight Time),10
Mon Jun 01 2026 04:15:00 GMT-0700 (Pacific Daylight Time),11
Mon Jun 01 2026 04:30:00 GMT-0700 (Pacific Daylight Time),10
Mon Jun 01 2026 04:45:00 GMT-0700 (Pacific Daylight Time),11
Mon Jun 01 2026 05:00:00 GMT-0700 (Pacific Daylight Time),10
Mon Jun 01 2026 05:15:00 GMT-0700 (Pacific Daylight Time),11
Mon Jun 01 2026 05:30:00 GMT-0700 (Pacific Daylight Time),11
Mon Jun 01 2026 05:45:00 GMT-0700 (Pacific Daylight Time),11
Mon Jun 01 2026 06:00:00 GMT-0700 (Pacific Daylight Time),11
Mon Jun 01 2026 06:15:00 GMT-0700 (Pacific Daylight Time),11
Mon Jun 01 2026 06:30:00 GMT-0700 (Pacific Daylight Time),11
Mon Jun 01 2026 06:45:00 GMT-0700 (Pacific Daylight Time),11
Mon Jun 01 2026 07:00:00 GMT-0700 (Pacific Daylight Time),11
Mon Jun 01 2026 07:15:00 GMT-0700 (Pacific Daylight Time),10
Mon Jun 01 2026 07:30:00 GMT-0700 (Pacific Daylight Time),10
Mon Jun 01 2026 07:45:00 GMT-0700 (Pacific Daylight Time),10
Mon Jun 01 2026 08:00:00 GMT-0700 (Pacific Daylight Time),10
Mon Jun 01 2026 08:15:00 GMT-0700 (Pacific Daylight Time),11
Mon Jun 01 2026 08:30:00 GMT-0700 (Pacific Daylight Time),10
Mon Jun 01 2026 08:45:00 GMT-0700 (Pacific Daylight Time),10
Mon Jun 01 2026 09:00:00 GMT-0700 (Pacific Daylight Time),10
Mon Jun 01 2026 09:15:00 GMT-0700 (Pacific Daylight Time),12
Mon Jun 01 2026 09:30:00 GMT-0700 (Pacific Daylight Time),13
Mon Jun 01 2026 09:45:00 GMT-0700 (Pacific Daylight Time),14
Mon Jun 01 2026 10:00:00 GMT-0700 (Pacific Daylight Time),14
Mon Jun 01 2026 10:15:00 GMT-0700 (Pacific Daylight Time),14
Mon Jun 01 2026 10:30:00 GMT-0700 (Pacific Daylight Time),12
Mon Jun 01 2026 10:45:00 GMT-0700 (Pacific Daylight Time),12
Mon Jun 01 2026 11:00:00 GMT-0700 (Pacific Daylight Time),12
Mon Jun 01 2026 11:15:00 GMT-0700 (Pacific Daylight Time),12
Mon Jun 01 2026 11:30:00 GMT-0700 (Pacific Daylight Time),12
Mon Jun 01 2026 11:45:00 GMT-0700 (Pacific Daylight Time),12
Mon Jun 01 2026 12:00:00 GMT-0700 (Pacific Daylight Time),12
Mon Jun 01 2026 12:15:00 GMT-0700 (Pacific Daylight Time),13
Mon Jun 01 2026 12:30:00 GMT-0700 (Pacific Daylight Time),15
Mon Jun 01 2026 12:45:00 GMT-0700 (Pacific Daylight Time),14
Mon Jun 01 2026 13:00:00 GMT-0700 (Pacific Daylight Time),14
Mon Jun 01 2026 13:15:00 GMT-0700 (Pacific Daylight Time),13
Mon Jun 01 2026 13:30:00 GMT-0700 (Pacific Daylight Time),14
Mon Jun 01 2026 13:45:00 GMT-0700 (Pacific Daylight Time),13
Mon Jun 01 2026 14:00:00 GMT-0700 (Pacific Daylight Time),13
Mon Jun 01 2026 14:15:00 GMT-0700 (Pacific Daylight Time),13
Mon Jun 01 2026 14:30:00 GMT-0700 (Pacific Daylight Time),13
Mon Jun 01 2026 14:45:00 GMT-0700 (Pacific Daylight Time),13
Mon Jun 01 2026 15:00:00 GMT-0700 (Pacific Daylight Time),14
Mon Jun 01 2026 15:15:00 GMT-0700 (Pacific Daylight Time),14
Mon Jun 01 2026 15:30:00 GMT-0700 (Pacific Daylight Time),14
Mon Jun 01 2026 15:45:00 GMT-0700 (Pacific Daylight Time),14
Mon Jun 01 2026 16:00:00 GMT-0700 (Pacific Daylight Time),15
Mon Jun 01 2026 16:15:00 GMT-0700 (Pacific Daylight Time),14
Mon Jun 01 2026 16:30:00 GMT-0700 (Pacific Daylight Time),13
Mon Jun 01 2026 16:45:00 GMT-0700 (Pacific Daylight Time),13
Mon Jun 01 2026 17:00:00 GMT-0700 (Pacific Daylight Time),13
Mon Jun 01 2026 17:15:00 GMT-0700 (Pacific Daylight Time),12
Mon Jun 01 2026 17:30:00 GMT-0700 (Pacific Daylight Time),15
Mon Jun 01 2026 17:45:00 GMT-0700 (Pacific Daylight Time),14
Mon Jun 01 2026 18:00:00 GMT-0700 (Pacific Daylight Time),14
Mon Jun 01 2026 18:15:00 GMT-0700 (Pacific Daylight Time),14
Mon Jun 01 2026 18:30:00 GMT-0700 (Pacific Daylight Time),13
Mon Jun 01 2026 18:45:00 GMT-0700 (Pacific Daylight Time),14
Mon Jun 01 2026 19:00:00 GMT-0700 (Pacific Daylight Time),14
Mon Jun 01 2026 19:15:00 GMT-0700 (Pacific Daylight Time),15
Mon Jun 01 2026 19:30:00 GMT-0700 (Pacific Daylight Time),15
Mon Jun 01 2026 19:45:00 GMT-0700 (Pacific Daylight Time),15
Mon Jun 01 2026 20:00:00 GMT-0700 (Pacific Daylight Time),16
Mon Jun 01 2026 20:15:00 GMT-0700 (Pacific Daylight Time),17
Mon Jun 01 2026 20:30:00 GMT-0700 (Pacific Daylight Time),16
Mon Jun 01 2026 20:45:00 GMT-0700 (Pacific Daylight Time),15
Mon Jun 01 2026 21:00:00 GMT-0700 (Pacific Daylight Time),15
Mon Jun 01 2026 21:15:00 GMT-0700 (Pacific Daylight Time),17
Mon Jun 01 2026 21:30:00 GMT-0700 (Pacific Daylight Time),16
Mon Jun 01 2026 21:45:00 GMT-0700 (Pacific Daylight Time),17
Mon Jun 01 2026 22:00:00 GMT-0700 (Pacific Daylight Time),18
Mon Jun 01 2026 22:15:00 GMT-0700 (Pacific Daylight Time),18
Mon Jun 01 2026 22:30:00 GMT-0700 (Pacific Daylight Time),16
Mon Jun 01 2026 22:45:00 GMT-0700 (Pacific Daylight Time),16
Mon Jun 01 2026 23:00:00 GMT-0700 (Pacific Daylight Time),16
Mon Jun 01 2026 23:15:00 GMT-0700 (Pacific Daylight Time),15
Mon Jun 01 2026 23:30:00 GMT-0700 (Pacific Daylight Time),17
Mon Jun 01 2026 23:45:00 GMT-0700 (Pacific Daylight Time),18
Tue Jun 02 2026 00:00:00 GMT-0700 (Pacific Daylight Time),16
Tue Jun 02 2026 00:15:00 GMT-0700 (Pacific Daylight Time),16
Tue Jun 02 2026 00:30:00 GMT-0700 (Pacific Daylight Time),15
Tue Jun 02 2026 00:45:00 GMT-0700 (Pacific Daylight Time),14
Tue Jun 02 2026 01:00:00 GMT-0700 (Pacific Daylight Time),13
Tue Jun 02 2026 01:15:00 GMT-0700 (Pacific Daylight Time),14
Tue Jun 02 2026 01:30:00 GMT-0700 (Pacific Daylight Time),14
Tue Jun 02 2026 01:45:00 GMT-0700 (Pacific Daylight Time),13
Tue Jun 02 2026 02:00:00 GMT-0700 (Pacific Daylight Time),12
Tue Jun 02 2026 02:15:00 GMT-0700 (Pacific Daylight Time),11
Tue Jun 02 2026 02:30:00 GMT-0700 (Pacific Daylight Time),11
Tue Jun 02 2026 02:45:00 GMT-0700 (Pacific Daylight Time),11
Tue Jun 02 2026 03:00:00 GMT-0700 (Pacific Daylight Time),12
Tue Jun 02 2026 03:15:00 GMT-0700 (Pacific Daylight Time),12
Tue Jun 02 2026 03:30:00 GMT-0700 (Pacific Daylight Time),12
Tue Jun 02 2026 03:45:00 GMT-0700 (Pacific Daylight Time),11
Tue Jun 02 2026 04:00:00 GMT-0700 (Pacific Daylight Time),11
Tue Jun 02 2026 04:15:00 GMT-0700 (Pacific Daylight Time),10
Tue Jun 02 2026 04:30:00 GMT-0700 (Pacific Daylight Time),11
Tue Jun 02 2026 04:45:00 GMT-0700 (Pacific Daylight Time),10
Tue Jun 02 2026 05:00:00 GMT-0700 (Pacific Daylight Time),11
Tue Jun 02 2026 05:15:00 GMT-0700 (Pacific Daylight Time),10
Tue Jun 02 2026 05:30:00 GMT-0700 (Pacific Daylight Time),11
Tue Jun 02 2026 05:45:00 GMT-0700 (Pacific Daylight Time),9
Tue Jun 02 2026 06:00:00 GMT-0700 (Pacific Daylight Time),10
Tue Jun 02 2026 06:15:00 GMT-0700 (Pacific Daylight Time),10
Tue Jun 02 2026 06:30:00 GMT-0700 (Pacific Daylight Time),9
Tue Jun 02 2026 06:45:00 GMT-0700 (Pacific Daylight Time),10
Tue Jun 02 2026 07:00:00 GMT-0700 (Pacific Daylight Time),12
Tue Jun 02 2026 07:15:00 GMT-0700 (Pacific Daylight Time),11
Tue Jun 02 2026 07:30:00 GMT-0700 (Pacific Daylight Time),13
Tue Jun 02 2026 07:45:00 GMT-0700 (Pacific Daylight Time),12
Tue Jun 02 2026 08:00:00 GMT-0700 (Pacific Daylight Time),12
Tue Jun 02 2026 08:15:00 GMT-0700 (Pacific Daylight Time),12
Tue Jun 02 2026 08:30:00 GMT-0700 (Pacific Daylight Time),11
Tue Jun 02 2026 08:45:00 GMT-0700 (Pacific Daylight Time),11
Tue Jun 02 2026 09:00:00 GMT-0700 (Pacific Daylight Time),13
Tue Jun 02 2026 09:15:00 GMT-0700 (Pacific Daylight Time),12
Tue Jun 02 2026 09:30:00 GMT-0700 (Pacific Daylight Time),12
Tue Jun 02 2026 09:45:00 GMT-0700 (Pacific Daylight Time),12
Tue Jun 02 2026 10:00:00 GMT-0700 (Pacific Daylight Time),13
Tue Jun 02 2026 10:15:00 GMT-0700 (Pacific Daylight Time),11
Tue Jun 02 2026 10:30:00 GMT-0700 (Pacific Daylight Time),12
Tue Jun 02 2026 10:45:00 GMT-0700 (Pacific Daylight Time),11
Tue Jun 02 2026 11:00:00 GMT-0700 (Pacific Daylight Time),12
Tue Jun 02 2026 11:15:00 GMT-0700 (Pacific Daylight Time),12
Tue Jun 02 2026 11:30:00 GMT-0700 (Pacific Daylight Time),13
Tue Jun 02 2026 11:45:00 GMT-0700 (Pacific Daylight Time),11
Tue Jun 02 2026 12:00:00 GMT-0700 (Pacific Daylight Time),12
Tue Jun 02 2026 12:15:00 GMT-0700 (Pacific Daylight Time),11
Tue Jun 02 2026 12:30:00 GMT-0700 (Pacific Daylight Time),12
Tue Jun 02 2026 12:45:00 GMT-0700 (Pacific Daylight Time),13
Tue Jun 02 2026 13:00:00 GMT-0700 (Pacific Daylight Time),12
Tue Jun 02 2026 13:15:00 GMT-0700 (Pacific Daylight Time),14
Tue Jun 02 2026 13:30:00 GMT-0700 (Pacific Daylight Time),14
Tue Jun 02 2026 13:45:00 GMT-0700 (Pacific Daylight Time),14
Tue Jun 02 2026 14:00:00 GMT-0700 (Pacific Daylight Time),14
Tue Jun 02 2026 14:15:00 GMT-0700 (Pacific Daylight Time),14
Tue Jun 02 2026 14:30:00 GMT-0700 (Pacific Daylight Time),13
Tue Jun 02 2026 14:45:00 GMT-0700 (Pacific Daylight Time),14
Tue Jun 02 2026 15:00:00 GMT-0700 (Pacific Daylight Time),15
Tue Jun 02 2026 15:15:00 GMT-0700 (Pacific Daylight Time),14
Tue Jun 02 2026 15:30:00 GMT-0700 (Pacific Daylight Time),13
Tue Jun 02 2026 15:45:00 GMT-0700 (Pacific Daylight Time),15
Tue Jun 02 2026 16:00:00 GMT-0700 (Pacific Daylight Time),15
Tue Jun 02 2026 16:15:00 GMT-0700 (Pacific Daylight Time),15
Tue Jun 02 2026 16:30:00 GMT-0700 (Pacific Daylight Time),14
Tue Jun 02 2026 16:45:00 GMT-0700 (Pacific Daylight Time),14
Tue Jun 02 2026 17:00:00 GMT-0700 (Pacific Daylight Time),13
Tue Jun 02 2026 17:15:00 GMT-0700 (Pacific Daylight Time),13
Tue Jun 02 2026 17:30:00 GMT-0700 (Pacific Daylight Time),16
Tue Jun 02 2026 17:45:00 GMT-0700 (Pacific Daylight Time),16
Tue Jun 02 2026 18:00:00 GMT-0700 (Pacific Daylight Time),15
Tue Jun 02 2026 18:15:00 GMT-0700 (Pacific Daylight Time),15
Tue Jun 02 2026 18:30:00 GMT-0700 (Pacific Daylight Time),14
Tue Jun 02 2026 18:45:00 GMT-0700 (Pacific Daylight Time),15
Tue Jun 02 2026 19:00:00 GMT-0700 (Pacific Daylight Time),13
Tue Jun 02 2026 19:15:00 GMT-0700 (Pacific Daylight Time),14
Tue Jun 02 2026 19:30:00 GMT-0700 (Pacific Daylight Time),15
Tue Jun 02 2026 19:45:00 GMT-0700 (Pacific Daylight Time),15
Tue Jun 02 2026 20:00:00 GMT-0700 (Pacific Daylight Time),14
Tue Jun 02 2026 20:15:00 GMT-0700 (Pacific Daylight Time),14
Tue Jun 02 2026 20:30:00 GMT-0700 (Pacific Daylight Time),14
Tue Jun 02 2026 20:45:00 GMT-0700 (Pacific Daylight Time),14
Tue Jun 02 2026 21:00:00 GMT-0700 (Pacific Daylight Time),14
Tue Jun 02 2026 21:15:00 GMT-0700 (Pacific Daylight Time),16
Tue Jun 02 2026 21:30:00 GMT-0700 (Pacific Daylight Time),16
Tue Jun 02 2026 21:45:00 GMT-0700 (Pacific Daylight Time),17
Tue Jun 02 2026 22:00:00 GMT-0700 (Pacific Daylight Time),19
Tue Jun 02 2026 22:15:00 GMT-0700 (Pacific Daylight Time),18
Tue Jun 02 2026 22:30:00 GMT-0700 (Pacific Daylight Time),19
Tue Jun 02 2026 22:45:00 GMT-0700 (Pacific Daylight Time),17
Tue Jun 02 2026 23:00:00 GMT-0700 (Pacific Daylight Time),15
Tue Jun 02 2026 23:15:00 GMT-0700 (Pacific Daylight Time),15
Tue Jun 02 2026 23:30:00 GMT-0700 (Pacific Daylight Time),15
Tue Jun 02 2026 23:45:00 GMT-0700 (Pacific Daylight Time),14
Wed Jun 03 2026 00:00:00 GMT-0700 (Pacific Daylight Time),15
Wed Jun 03 2026 00:15:00 GMT-0700 (Pacific Daylight Time),15
Wed Jun 03 2026 00:30:00 GMT-0700 (Pacific Daylight Time),15
Wed Jun 03 2026 00:45:00 GMT-0700 (Pacific Daylight Time),14
Wed Jun 03 2026 01:00:00 GMT-0700 (Pacific Daylight Time),12
Wed Jun 03 2026 01:15:00 GMT-0700 (Pacific Daylight Time),12
Wed Jun 03 2026 01:30:00 GMT-0700 (Pacific Daylight Time),12
Wed Jun 03 2026 01:45:00 GMT-0700 (Pacific Daylight Time),12
Wed Jun 03 2026 02:00:00 GMT-0700 (Pacific Daylight Time),12
Wed Jun 03 2026 02:15:00 GMT-0700 (Pacific Daylight Time),11
Wed Jun 03 2026 02:30:00 GMT-0700 (Pacific Daylight Time),11
Wed Jun 03 2026 02:45:00 GMT-0700 (Pacific Daylight Time),11
Wed Jun 03 2026 03:00:00 GMT-0700 (Pacific Daylight Time),10
Wed Jun 03 2026 03:15:00 GMT-0700 (Pacific Daylight Time),11
Wed Jun 03 2026 03:30:00 GMT-0700 (Pacific Daylight Time),10
Wed Jun 03 2026 03:45:00 GMT-0700 (Pacific Daylight Time),10
Wed Jun 03 2026 04:00:00 GMT-0700 (Pacific Daylight Time),10
Wed Jun 03 2026 04:15:00 GMT-0700 (Pacific Daylight Time),11
Wed Jun 03 2026 04:30:00 GMT-0700 (Pacific Daylight Time),10
Wed Jun 03 2026 04:45:00 GMT-0700 (Pacific Daylight Time),10
Wed Jun 03 2026 05:00:00 GMT-0700 (Pacific Daylight Time),11
Wed Jun 03 2026 05:15:00 GMT-0700 (Pacific Daylight Time),10
Wed Jun 03 2026 05:30:00 GMT-0700 (Pacific Daylight Time),10
Wed Jun 03 2026 05:45:00 GMT-0700 (Pacific Daylight Time),10
Wed Jun 03 2026 06:00:00 GMT-0700 (Pacific Daylight Time),9
Wed Jun 03 2026 06:15:00 GMT-0700 (Pacific Daylight Time),10
Wed Jun 03 2026 06:30:00 GMT-0700 (Pacific Daylight Time),9
Wed Jun 03 2026 06:45:00 GMT-0700 (Pacific Daylight Time),9
Wed Jun 03 2026 07:00:00 GMT-0700 (Pacific Daylight Time),10
Wed Jun 03 2026 07:15:00 GMT-0700 (Pacific Daylight Time),10
Wed Jun 03 2026 07:30:00 GMT-0700 (Pacific Daylight Time),10
Wed Jun 03 2026 07:45:00 GMT-0700 (Pacific Daylight Time),9
Wed Jun 03 2026 08:00:00 GMT-0700 (Pacific Daylight Time),10
Wed Jun 03 2026 08:15:00 GMT-0700 (Pacific Daylight Time),10
Wed Jun 03 2026 08:30:00 GMT-0700 (Pacific Daylight Time),10
Wed Jun 03 2026 08:45:00 GMT-0700 (Pacific Daylight Time),10
Wed Jun 03 2026 09:00:00 GMT-0700 (Pacific Daylight Time),10
Wed Jun 03 2026 09:15:00 GMT-0700 (Pacific Daylight Time),11
Wed Jun 03 2026 09:30:00 GMT-0700 (Pacific Daylight Time),11
Wed Jun 03 2026 09:45:00 GMT-0700 (Pacific Daylight Time),11
Wed Jun 03 2026 10:00:00 GMT-0700 (Pacific Daylight Time),13
Wed Jun 03 2026 10:15:00 GMT-0700 (Pacific Daylight Time),13
Wed Jun 03 2026 10:30:00 GMT-0700 (Pacific Daylight Time),14
Wed Jun 03 2026 10:45:00 GMT-0700 (Pacific Daylight Time),13
Wed Jun 03 2026 11:00:00 GMT-0700 (Pacific Daylight Time),11
Wed Jun 03 2026 11:15:00 GMT-0700 (Pacific Daylight Time),12
Wed Jun 03 2026 11:30:00 GMT-0700 (Pacific Daylight Time),11
Wed Jun 03 2026 11:45:00 GMT-0700 (Pacific Daylight Time),11
Wed Jun 03 2026 12:00:00 GMT-0700 (Pacific Daylight Time),12
Wed Jun 03 2026 12:15:00 GMT-0700 (Pacific Daylight Time),12
Wed Jun 03 2026 12:30:00 GMT-0700 (Pacific Daylight Time),13
Wed Jun 03 2026 12:45:00 GMT-0700 (Pacific Daylight Time),14
Wed Jun 03 2026 13:00:00 GMT-0700 (Pacific Daylight Time),12
Wed Jun 03 2026 13:15:00 GMT-0700 (Pacific Daylight Time),12
Wed Jun 03 2026 13:30:00 GMT-0700 (Pacific Daylight Time),11
Wed Jun 03 2026 13:45:00 GMT-0700 (Pacific Daylight Time),11
Wed Jun 03 2026 14:00:00 GMT-0700 (Pacific Daylight Time),12
Wed Jun 03 2026 14:15:00 GMT-0700 (Pacific Daylight Time),12
Wed Jun 03 2026 14:30:00 GMT-0700 (Pacific Daylight Time),13
Wed Jun 03 2026 14:45:00 GMT-0700 (Pacific Daylight Time),12
Wed Jun 03 2026 15:00:00 GMT-0700 (Pacific Daylight Time),11
Wed Jun 03 2026 15:15:00 GMT-0700 (Pacific Daylight Time),12
Wed Jun 03 2026 15:30:00 GMT-0700 (Pacific Daylight Time),14
Wed Jun 03 2026 15:45:00 GMT-0700 (Pacific Daylight Time),13
Wed Jun 03 2026 16:00:00 GMT-0700 (Pacific Daylight Time),13
Wed Jun 03 2026 16:15:00 GMT-0700 (Pacific Daylight Time),12
Wed Jun 03 2026 16:30:00 GMT-0700 (Pacific Daylight Time),13
Wed Jun 03 2026 16:45:00 GMT-0700 (Pacific Daylight Time),13
Wed Jun 03 2026 17:00:00 GMT-0700 (Pacific Daylight Time),15
Wed Jun 03 2026 17:15:00 GMT-0700 (Pacific Daylight Time),14
Wed Jun 03 2026 17:30:00 GMT-0700 (Pacific Daylight Time),14
Wed Jun 03 2026 17:45:00 GMT-0700 (Pacific Daylight Time),15
Wed Jun 03 2026 18:00:00 GMT-0700 (Pacific Daylight Time),13
Wed Jun 03 2026 18:15:00 GMT-0700 (Pacific Daylight Time),14
Wed Jun 03 2026 18:30:00 GMT-0700 (Pacific Daylight Time),13
Wed Jun 03 2026 18:45:00 GMT-0700 (Pacific Daylight Time),14
Wed Jun 03 2026 19:00:00 GMT-0700 (Pacific Daylight Time),14
Wed Jun 03 2026 19:15:00 GMT-0700 (Pacific Daylight Time),14
Wed Jun 03 2026 19:30:00 GMT-0700 (Pacific Daylight Time),13
Wed Jun 03 2026 19:45:00 GMT-0700 (Pacific Daylight Time),14
Wed Jun 03 2026 20:00:00 GMT-0700 (Pacific Daylight Time),13
Wed Jun 03 2026 20:15:00 GMT-0700 (Pacific Daylight Time),14
Wed Jun 03 2026 20:30:00 GMT-0700 (Pacific Daylight Time),14
