Time,Net Energy Usage (kWh)
Thu Apr 16 2026 10:15:00 GMT-0700 (Pacific Daylight Time),55
Thu Apr 16 2026 10:30:00 GMT-0700 (Pacific Daylight Time),55
Thu Apr 16 2026 10:45:00 GMT-0700 (Pacific Daylight Time),58
Thu Apr 16 2026 11:00:00 GMT-0700 (Pacific Daylight Time),53
Thu Apr 16 2026 11:15:00 GMT-0700 (Pacific Daylight Time),48
Thu Apr 16 2026 11:30:00 GMT-0700 (Pacific Daylight Time),48
Thu Apr 16 2026 11:45:00 GMT-0700 (Pacific Daylight Time),57
Thu Apr 16 2026 12:00:00 GMT-0700 (Pacific Daylight Time),56
Thu Apr 16 2026 12:15:00 GMT-0700 (Pacific Daylight Time),54
Thu Apr 16 2026 12:30:00 GMT-0700 (Pacific Daylight Time),49
Thu Apr 16 2026 12:45:00 GMT-0700 (Pacific Daylight Time),53
Thu Apr 16 2026 13:00:00 GMT-0700 (Pacific Daylight Time),51
Thu Apr 16 2026 13:15:00 GMT-0700 (Pacific Daylight Time),51
Thu Apr 16 2026 13:30:00 GMT-0700 (Pacific Daylight Time),50
Thu Apr 16 2026 13:45:00 GMT-0700 (Pacific Daylight Time),49
Thu Apr 16 2026 14:00:00 GMT-0700 (Pacific Daylight Time),49
Thu Apr 16 2026 14:15:00 GMT-0700 (Pacific Daylight Time),49
Thu Apr 16 2026 14:30:00 GMT-0700 (Pacific Daylight Time),50
Thu Apr 16 2026 14:45:00 GMT-0700 (Pacific Daylight Time),46
Thu Apr 16 2026 15:00:00 GMT-0700 (Pacific Daylight Time),42
Thu Apr 16 2026 15:15:00 GMT-0700 (Pacific Daylight Time),54
Thu Apr 16 2026 15:30:00 GMT-0700 (Pacific Daylight Time),58
Thu Apr 16 2026 15:45:00 GMT-0700 (Pacific Daylight Time),54
Thu Apr 16 2026 16:00:00 GMT-0700 (Pacific Daylight Time),45
Thu Apr 16 2026 16:15:00 GMT-0700 (Pacific Daylight Time),51
Thu Apr 16 2026 16:30:00 GMT-0700 (Pacific Daylight Time),54
Thu Apr 16 2026 16:45:00 GMT-0700 (Pacific Daylight Time),56
Thu Apr 16 2026 17:00:00 GMT-0700 (Pacific Daylight Time),56
Thu Apr 16 2026 17:15:00 GMT-0700 (Pacific Daylight Time),48
Thu Apr 16 2026 17:30:00 GMT-0700 (Pacific Daylight Time),43
Thu Apr 16 2026 17:45:00 GMT-0700 (Pacific Daylight Time),49
Thu Apr 16 2026 18:00:00 GMT-0700 (Pacific Daylight Time),55
Thu Apr 16 2026 18:15:00 GMT-0700 (Pacific Daylight Time),54
Thu Apr 16 2026 18:30:00 GMT-0700 (Pacific Daylight Time),55
Thu Apr 16 2026 18:45:00 GMT-0700 (Pacific Daylight Time),59
Thu Apr 16 2026 19:00:00 GMT-0700 (Pacific Daylight Time),57
Thu Apr 16 2026 19:15:00 GMT-0700 (Pacific Daylight Time),50
Thu Apr 16 2026 19:30:00 GMT-0700 (Pacific Daylight Time),39
Thu Apr 16 2026 19:45:00 GMT-0700 (Pacific Daylight Time),43
Thu Apr 16 2026 20:00:00 GMT-0700 (Pacific Daylight Time),53
Thu Apr 16 2026 20:15:00 GMT-0700 (Pacific Daylight Time),52
Thu Apr 16 2026 20:30:00 GMT-0700 (Pacific Daylight Time),59
Thu Apr 16 2026 20:45:00 GMT-0700 (Pacific Daylight Time),62
Thu Apr 16 2026 21:00:00 GMT-0700 (Pacific Daylight Time),64
Thu Apr 16 2026 21:15:00 GMT-0700 (Pacific Daylight Time),63
Thu Apr 16 2026 21:30:00 GMT-0700 (Pacific Daylight Time),53
Thu Apr 16 2026 21:45:00 GMT-0700 (Pacific Daylight Time),62
Thu Apr 16 2026 22:00:00 GMT-0700 (Pacific Daylight Time),68
Thu Apr 16 2026 22:15:00 GMT-0700 (Pacific Daylight Time),59
Thu Apr 16 2026 22:30:00 GMT-0700 (Pacific Daylight Time),40
Thu Apr 16 2026 22:45:00 GMT-0700 (Pacific Daylight Time),40
Thu Apr 16 2026 23:00:00 GMT-0700 (Pacific Daylight Time),57
Thu Apr 16 2026 23:15:00 GMT-0700 (Pacific Daylight Time),51
Thu Apr 16 2026 23:30:00 GMT-0700 (Pacific Daylight Time),41
Thu Apr 16 2026 23:45:00 GMT-0700 (Pacific Daylight Time),45
Fri Apr 17 2026 00:00:00 GMT-0700 (Pacific Daylight Time),44
Fri Apr 17 2026 00:15:00 GMT-0700 (Pacific Daylight Time),51
Fri Apr 17 2026 00:30:00 GMT-0700 (Pacific Daylight Time),41
Fri Apr 17 2026 00:45:00 GMT-0700 (Pacific Daylight Time),45
Fri Apr 17 2026 01:00:00 GMT-0700 (Pacific Daylight Time),43
Fri Apr 17 2026 01:15:00 GMT-0700 (Pacific Daylight Time),37
Fri Apr 17 2026 01:30:00 GMT-0700 (Pacific Daylight Time),29
Fri Apr 17 2026 01:45:00 GMT-0700 (Pacific Daylight Time),35
Fri Apr 17 2026 02:00:00 GMT-0700 (Pacific Daylight Time),38
Fri Apr 17 2026 02:15:00 GMT-0700 (Pacific Daylight Time),37
Fri Apr 17 2026 02:30:00 GMT-0700 (Pacific Daylight Time),28
Fri Apr 17 2026 02:45:00 GMT-0700 (Pacific Daylight Time),38
Fri Apr 17 2026 03:00:00 GMT-0700 (Pacific Daylight Time),36
Fri Apr 17 2026 03:15:00 GMT-0700 (Pacific Daylight Time),29
Fri Apr 17 2026 03:30:00 GMT-0700 (Pacific Daylight Time),31
Fri Apr 17 2026 03:45:00 GMT-0700 (Pacific Daylight Time),35
Fri Apr 17 2026 04:00:00 GMT-0700 (Pacific Daylight Time),30
Fri Apr 17 2026 04:15:00 GMT-0700 (Pacific Daylight Time),23
Fri Apr 17 2026 04:30:00 GMT-0700 (Pacific Daylight Time),30
Fri Apr 17 2026 04:45:00 GMT-0700 (Pacific Daylight Time),34
Fri Apr 17 2026 05:00:00 GMT-0700 (Pacific Daylight Time),26
Fri Apr 17 2026 05:15:00 GMT-0700 (Pacific Daylight Time),25
Fri Apr 17 2026 05:30:00 GMT-0700 (Pacific Daylight Time),35
Fri Apr 17 2026 05:45:00 GMT-0700 (Pacific Daylight Time),36
Fri Apr 17 2026 06:00:00 GMT-0700 (Pacific Daylight Time),35
Fri Apr 17 2026 06:15:00 GMT-0700 (Pacific Daylight Time),37
Fri Apr 17 2026 06:30:00 GMT-0700 (Pacific Daylight Time),39
Fri Apr 17 2026 06:45:00 GMT-0700 (Pacific Daylight Time),42
Fri Apr 17 2026 07:00:00 GMT-0700 (Pacific Daylight Time),46
Fri Apr 17 2026 07:15:00 GMT-0700 (Pacific Daylight Time),46
Fri Apr 17 2026 07:30:00 GMT-0700 (Pacific Daylight Time),48
Fri Apr 17 2026 07:45:00 GMT-0700 (Pacific Daylight Time),43
Fri Apr 17 2026 08:00:00 GMT-0700 (Pacific Daylight Time),44
Fri Apr 17 2026 08:15:00 GMT-0700 (Pacific Daylight Time),47
Fri Apr 17 2026 08:30:00 GMT-0700 (Pacific Daylight Time),52
Fri Apr 17 2026 08:45:00 GMT-0700 (Pacific Daylight Time),58
Fri Apr 17 2026 09:00:00 GMT-0700 (Pacific Daylight Time),59
Fri Apr 17 2026 09:15:00 GMT-0700 (Pacific Daylight Time),65
Fri Apr 17 2026 09:30:00 GMT-0700 (Pacific Daylight Time),57
Fri Apr 17 2026 09:45:00 GMT-0700 (Pacific Daylight Time),60
Fri Apr 17 2026 10:00:00 GMT-0700 (Pacific Daylight Time),61
Fri Apr 17 2026 10:15:00 GMT-0700 (Pacific Daylight Time),59
Fri Apr 17 2026 10:30:00 GMT-0700 (Pacific Daylight Time),55
Fri Apr 17 2026 10:45:00 GMT-0700 (Pacific Daylight Time),58
Fri Apr 17 2026 11:00:00 GMT-0700 (Pacific Daylight Time),56
Fri Apr 17 2026 11:15:00 GMT-0700 (Pacific Daylight Time),55
Fri Apr 17 2026 11:30:00 GMT-0700 (Pacific Daylight Time),56
Fri Apr 17 2026 11:45:00 GMT-0700 (Pacific Daylight Time),51
Fri Apr 17 2026 12:00:00 GMT-0700 (Pacific Daylight Time),49
Fri Apr 17 2026 12:15:00 GMT-0700 (Pacific Daylight Time),55
Fri Apr 17 2026 12:30:00 GMT-0700 (Pacific Daylight Time),54
Fri Apr 17 2026 12:45:00 GMT-0700 (Pacific Daylight Time),51
Fri Apr 17 2026 13:00:00 GMT-0700 (Pacific Daylight Time),50
Fri Apr 17 2026 13:15:00 GMT-0700 (Pacific Daylight Time),49
Fri Apr 17 2026 13:30:00 GMT-0700 (Pacific Daylight Time),43
Fri Apr 17 2026 13:45:00 GMT-0700 (Pacific Daylight Time),38
Fri Apr 17 2026 14:00:00 GMT-0700 (Pacific Daylight Time),49
Fri Apr 17 2026 14:15:00 GMT-0700 (Pacific Daylight Time),54
Fri Apr 17 2026 14:30:00 GMT-0700 (Pacific Daylight Time),54
Fri Apr 17 2026 14:45:00 GMT-0700 (Pacific Daylight Time),57
Fri Apr 17 2026 15:00:00 GMT-0700 (Pacific Daylight Time),53
Fri Apr 17 2026 15:15:00 GMT-0700 (Pacific Daylight Time),53
Fri Apr 17 2026 15:30:00 GMT-0700 (Pacific Daylight Time),51
Fri Apr 17 2026 15:45:00 GMT-0700 (Pacific Daylight Time),53
Fri Apr 17 2026 16:00:00 GMT-0700 (Pacific Daylight Time),52
Fri Apr 17 2026 16:15:00 GMT-0700 (Pacific Daylight Time),39
Fri Apr 17 2026 16:30:00 GMT-0700 (Pacific Daylight Time),42
Fri Apr 17 2026 16:45:00 GMT-0700 (Pacific Daylight Time),55
Fri Apr 17 2026 17:00:00 GMT-0700 (Pacific Daylight Time),54
Fri Apr 17 2026 17:15:00 GMT-0700 (Pacific Daylight Time),53
Fri Apr 17 2026 17:30:00 GMT-0700 (Pacific Daylight Time),42
Fri Apr 17 2026 17:45:00 GMT-0700 (Pacific Daylight Time),40
Fri Apr 17 2026 18:00:00 GMT-0700 (Pacific Daylight Time),58
Fri Apr 17 2026 18:15:00 GMT-0700 (Pacific Daylight Time),50
Fri Apr 17 2026 18:30:00 GMT-0700 (Pacific Daylight Time),58
Fri Apr 17 2026 18:45:00 GMT-0700 (Pacific Daylight Time),52
Fri Apr 17 2026 19:00:00 GMT-0700 (Pacific Daylight Time),50
Fri Apr 17 2026 19:15:00 GMT-0700 (Pacific Daylight Time),56
Fri Apr 17 2026 19:30:00 GMT-0700 (Pacific Daylight Time),55
Fri Apr 17 2026 19:45:00 GMT-0700 (Pacific Daylight Time),51
Fri Apr 17 2026 20:00:00 GMT-0700 (Pacific Daylight Time),58
Fri Apr 17 2026 20:15:00 GMT-0700 (Pacific Daylight Time),51
Fri Apr 17 2026 20:30:00 GMT-0700 (Pacific Daylight Time),50
Fri Apr 17 2026 20:45:00 GMT-0700 (Pacific Daylight Time),50
Fri Apr 17 2026 21:00:00 GMT-0700 (Pacific Daylight Time),50
Fri Apr 17 2026 21:15:00 GMT-0700 (Pacific Daylight Time),51
Fri Apr 17 2026 21:30:00 GMT-0700 (Pacific Daylight Time),39
Fri Apr 17 2026 21:45:00 GMT-0700 (Pacific Daylight Time),37
Fri Apr 17 2026 22:00:00 GMT-0700 (Pacific Daylight Time),49
Fri Apr 17 2026 22:15:00 GMT-0700 (Pacific Daylight Time),42
Fri Apr 17 2026 22:30:00 GMT-0700 (Pacific Daylight Time),36
Fri Apr 17 2026 22:45:00 GMT-0700 (Pacific Daylight Time),36
Fri Apr 17 2026 23:00:00 GMT-0700 (Pacific Daylight Time),38
Fri Apr 17 2026 23:15:00 GMT-0700 (Pacific Daylight Time),38
Fri Apr 17 2026 23:30:00 GMT-0700 (Pacific Daylight Time),38
Fri Apr 17 2026 23:45:00 GMT-0700 (Pacific Daylight Time),34
Sat Apr 18 2026 00:00:00 GMT-0700 (Pacific Daylight Time),36
Sat Apr 18 2026 00:15:00 GMT-0700 (Pacific Daylight Time),47
Sat Apr 18 2026 00:30:00 GMT-0700 (Pacific Daylight Time),42
Sat Apr 18 2026 00:45:00 GMT-0700 (Pacific Daylight Time),36
Sat Apr 18 2026 01:00:00 GMT-0700 (Pacific Daylight Time),38
Sat Apr 18 2026 01:15:00 GMT-0700 (Pacific Daylight Time),42
Sat Apr 18 2026 01:30:00 GMT-0700 (Pacific Daylight Time),38
Sat Apr 18 2026 01:45:00 GMT-0700 (Pacific Daylight Time),33
Sat Apr 18 2026 02:00:00 GMT-0700 (Pacific Daylight Time),41
Sat Apr 18 2026 02:15:00 GMT-0700 (Pacific Daylight Time),38
Sat Apr 18 2026 02:30:00 GMT-0700 (Pacific Daylight Time),30
Sat Apr 18 2026 02:45:00 GMT-0700 (Pacific Daylight Time),28
Sat Apr 18 2026 03:00:00 GMT-0700 (Pacific Daylight Time),38
Sat Apr 18 2026 03:15:00 GMT-0700 (Pacific Daylight Time),38
Sat Apr 18 2026 03:30:00 GMT-0700 (Pacific Daylight Time),28
Sat Apr 18 2026 03:45:00 GMT-0700 (Pacific Daylight Time),30
Sat Apr 18 2026 04:00:00 GMT-0700 (Pacific Daylight Time),34
Sat Apr 18 2026 04:15:00 GMT-0700 (Pacific Daylight Time),29
Sat Apr 18 2026 04:30:00 GMT-0700 (Pacific Daylight Time),23
Sat Apr 18 2026 04:45:00 GMT-0700 (Pacific Daylight Time),32
Sat Apr 18 2026 05:00:00 GMT-0700 (Pacific Daylight Time),34
Sat Apr 18 2026 05:15:00 GMT-0700 (Pacific Daylight Time),24
Sat Apr 18 2026 05:30:00 GMT-0700 (Pacific Daylight Time),24
Sat Apr 18 2026 05:45:00 GMT-0700 (Pacific Daylight Time),36
Sat Apr 18 2026 06:00:00 GMT-0700 (Pacific Daylight Time),35
Sat Apr 18 2026 06:15:00 GMT-0700 (Pacific Daylight Time),34
Sat Apr 18 2026 06:30:00 GMT-0700 (Pacific Daylight Time),35
Sat Apr 18 2026 06:45:00 GMT-0700 (Pacific Daylight Time),39
Sat Apr 18 2026 07:00:00 GMT-0700 (Pacific Daylight Time),31
Sat Apr 18 2026 07:15:00 GMT-0700 (Pacific Daylight Time),30
Sat Apr 18 2026 07:30:00 GMT-0700 (Pacific Daylight Time),40
Sat Apr 18 2026 07:45:00 GMT-0700 (Pacific Daylight Time),43
Sat Apr 18 2026 08:00:00 GMT-0700 (Pacific Daylight Time),42
Sat Apr 18 2026 08:15:00 GMT-0700 (Pacific Daylight Time),44
Sat Apr 18 2026 08:30:00 GMT-0700 (Pacific Daylight Time),44
Sat Apr 18 2026 08:45:00 GMT-0700 (Pacific Daylight Time),45
Sat Apr 18 2026 09:00:00 GMT-0700 (Pacific Daylight Time),47
Sat Apr 18 2026 09:15:00 GMT-0700 (Pacific Daylight Time),51
Sat Apr 18 2026 09:30:00 GMT-0700 (Pacific Daylight Time),49
Sat Apr 18 2026 09:45:00 GMT-0700 (Pacific Daylight Time),51
Sat Apr 18 2026 10:00:00 GMT-0700 (Pacific Daylight Time),48
Sat Apr 18 2026 10:15:00 GMT-0700 (Pacific Daylight Time),47
Sat Apr 18 2026 10:30:00 GMT-0700 (Pacific Daylight Time),54
Sat Apr 18 2026 10:45:00 GMT-0700 (Pacific Daylight Time),52
Sat Apr 18 2026 11:00:00 GMT-0700 (Pacific Daylight Time),51
Sat Apr 18 2026 11:15:00 GMT-0700 (Pacific Daylight Time),60
Sat Apr 18 2026 11:30:00 GMT-0700 (Pacific Daylight Time),51
Sat Apr 18 2026 11:45:00 GMT-0700 (Pacific Daylight Time),52
Sat Apr 18 2026 12:00:00 GMT-0700 (Pacific Daylight Time),53
Sat Apr 18 2026 12:15:00 GMT-0700 (Pacific Daylight Time),53
Sat Apr 18 2026 12:30:00 GMT-0700 (Pacific Daylight Time),52
Sat Apr 18 2026 12:45:00 GMT-0700 (Pacific Daylight Time),54
Sat Apr 18 2026 13:00:00 GMT-0700 (Pacific Daylight Time),51
Sat Apr 18 2026 13:15:00 GMT-0700 (Pacific Daylight Time),51
Sat Apr 18 2026 13:30:00 GMT-0700 (Pacific Daylight Time),52
Sat Apr 18 2026 13:45:00 GMT-0700 (Pacific Daylight Time),52
Sat Apr 18 2026 14:00:00 GMT-0700 (Pacific Daylight Time),53
Sat Apr 18 2026 14:15:00 GMT-0700 (Pacific Daylight Time),48
Sat Apr 18 2026 14:30:00 GMT-0700 (Pacific Daylight Time),50
Sat Apr 18 2026 14:45:00 GMT-0700 (Pacific Daylight Time),50
Sat Apr 18 2026 15:00:00 GMT-0700 (Pacific Daylight Time),52
Sat Apr 18 2026 15:15:00 GMT-0700 (Pacific Daylight Time),49
Sat Apr 18 2026 15:30:00 GMT-0700 (Pacific Daylight Time),48
Sat Apr 18 2026 15:45:00 GMT-0700 (Pacific Daylight Time),60
Sat Apr 18 2026 16:00:00 GMT-0700 (Pacific Daylight Time),57
Sat Apr 18 2026 16:15:00 GMT-0700 (Pacific Daylight Time),53
Sat Apr 18 2026 16:30:00 GMT-0700 (Pacific Daylight Time),52
Sat Apr 18 2026 16:45:00 GMT-0700 (Pacific Daylight Time),53
Sat Apr 18 2026 17:00:00 GMT-0700 (Pacific Daylight Time),53
Sat Apr 18 2026 17:15:00 GMT-0700 (Pacific Daylight Time),50
Sat Apr 18 2026 17:30:00 GMT-0700 (Pacific Daylight Time),48
Sat Apr 18 2026 17:45:00 GMT-0700 (Pacific Daylight Time),57
Sat Apr 18 2026 18:00:00 GMT-0700 (Pacific Daylight Time),55
Sat Apr 18 2026 18:15:00 GMT-0700 (Pacific Daylight Time),52
Sat Apr 18 2026 18:30:00 GMT-0700 (Pacific Daylight Time),51
Sat Apr 18 2026 18:45:00 GMT-0700 (Pacific Daylight Time),49
Sat Apr 18 2026 19:00:00 GMT-0700 (Pacific Daylight Time),48
Sat Apr 18 2026 19:15:00 GMT-0700 (Pacific Daylight Time),53
Sat Apr 18 2026 19:30:00 GMT-0700 (Pacific Daylight Time),41
Sat Apr 18 2026 19:45:00 GMT-0700 (Pacific Daylight Time),36
Sat Apr 18 2026 20:00:00 GMT-0700 (Pacific Daylight Time),37
Sat Apr 18 2026 20:15:00 GMT-0700 (Pacific Daylight Time),42
Sat Apr 18 2026 20:30:00 GMT-0700 (Pacific Daylight Time),38
Sat Apr 18 2026 20:45:00 GMT-0700 (Pacific Daylight Time),37
Sat Apr 18 2026 21:00:00 GMT-0700 (Pacific Daylight Time),38
Sat Apr 18 2026 21:15:00 GMT-0700 (Pacific Daylight Time),55
Sat Apr 18 2026 21:30:00 GMT-0700 (Pacific Daylight Time),56
Sat Apr 18 2026 21:45:00 GMT-0700 (Pacific Daylight Time),49
Sat Apr 18 2026 22:00:00 GMT-0700 (Pacific Daylight Time),45
Sat Apr 18 2026 22:15:00 GMT-0700 (Pacific Daylight Time),33
Sat Apr 18 2026 22:30:00 GMT-0700 (Pacific Daylight Time),35
Sat Apr 18 2026 22:45:00 GMT-0700 (Pacific Daylight Time),40
Sat Apr 18 2026 23:00:00 GMT-0700 (Pacific Daylight Time),38
Sat Apr 18 2026 23:15:00 GMT-0700 (Pacific Daylight Time),34
Sat Apr 18 2026 23:30:00 GMT-0700 (Pacific Daylight Time),31
Sat Apr 18 2026 23:45:00 GMT-0700 (Pacific Daylight Time),41
Sun Apr 19 2026 00:00:00 GMT-0700 (Pacific Daylight Time),39
Sun Apr 19 2026 00:15:00 GMT-0700 (Pacific Daylight Time),32
Sun Apr 19 2026 00:30:00 GMT-0700 (Pacific Daylight Time),36
Sun Apr 19 2026 00:45:00 GMT-0700 (Pacific Daylight Time),45
Sun Apr 19 2026 01:00:00 GMT-0700 (Pacific Daylight Time),39
Sun Apr 19 2026 01:15:00 GMT-0700 (Pacific Daylight Time),41
Sun Apr 19 2026 01:30:00 GMT-0700 (Pacific Daylight Time),35
Sun Apr 19 2026 01:45:00 GMT-0700 (Pacific Daylight Time),30
Sun Apr 19 2026 02:00:00 GMT-0700 (Pacific Daylight Time),37
Sun Apr 19 2026 02:15:00 GMT-0700 (Pacific Daylight Time),39
Sun Apr 19 2026 02:30:00 GMT-0700 (Pacific Daylight Time),40
Sun Apr 19 2026 02:45:00 GMT-0700 (Pacific Daylight Time),33
Sun Apr 19 2026 03:00:00 GMT-0700 (Pacific Daylight Time),29
Sun Apr 19 2026 03:15:00 GMT-0700 (Pacific Daylight Time),41
Sun Apr 19 2026 03:30:00 GMT-0700 (Pacific Daylight Time),39
Sun Apr 19 2026 03:45:00 GMT-0700 (Pacific Daylight Time),38
Sun Apr 19 2026 04:00:00 GMT-0700 (Pacific Daylight Time),34
Sun Apr 19 2026 04:15:00 GMT-0700 (Pacific Daylight Time),27
Sun Apr 19 2026 04:30:00 GMT-0700 (Pacific Daylight Time),31
Sun Apr 19 2026 04:45:00 GMT-0700 (Pacific Daylight Time),33
Sun Apr 19 2026 05:00:00 GMT-0700 (Pacific Daylight Time),34
Sun Apr 19 2026 05:15:00 GMT-0700 (Pacific Daylight Time),27
Sun Apr 19 2026 05:30:00 GMT-0700 (Pacific Daylight Time),22
Sun Apr 19 2026 05:45:00 GMT-0700 (Pacific Daylight Time),32
Sun Apr 19 2026 06:00:00 GMT-0700 (Pacific Daylight Time),33
Sun Apr 19 2026 06:15:00 GMT-0700 (Pacific Daylight Time),35
Sun Apr 19 2026 06:30:00 GMT-0700 (Pacific Daylight Time),35
Sun Apr 19 2026 06:45:00 GMT-0700 (Pacific Daylight Time),38
Sun Apr 19 2026 07:00:00 GMT-0700 (Pacific Daylight Time),38
Sun Apr 19 2026 07:15:00 GMT-0700 (Pacific Daylight Time),40
Sun Apr 19 2026 07:30:00 GMT-0700 (Pacific Daylight Time),40
Sun Apr 19 2026 07:45:00 GMT-0700 (Pacific Daylight Time),38
Sun Apr 19 2026 08:00:00 GMT-0700 (Pacific Daylight Time),39
Sun Apr 19 2026 08:15:00 GMT-0700 (Pacific Daylight Time),39
Sun Apr 19 2026 08:30:00 GMT-0700 (Pacific Daylight Time),42
Sun Apr 19 2026 08:45:00 GMT-0700 (Pacific Daylight Time),48
Sun Apr 19 2026 09:00:00 GMT-0700 (Pacific Daylight Time),54
Sun Apr 19 2026 09:15:00 GMT-0700 (Pacific Daylight Time),51
Sun Apr 19 2026 09:30:00 GMT-0700 (Pacific Daylight Time),47
Sun Apr 19 2026 09:45:00 GMT-0700 (Pacific Daylight Time),47
Sun Apr 19 2026 10:00:00 GMT-0700 (Pacific Daylight Time),50
Sun Apr 19 2026 10:15:00 GMT-0700 (Pacific Daylight Time),48
Sun Apr 19 2026 10:30:00 GMT-0700 (Pacific Daylight Time),48
Sun Apr 19 2026 10:45:00 GMT-0700 (Pacific Daylight Time),49
Sun Apr 19 2026 11:00:00 GMT-0700 (Pacific Daylight Time),57
Sun Apr 19 2026 11:15:00 GMT-0700 (Pacific Daylight Time),52
Sun Apr 19 2026 11:30:00 GMT-0700 (Pacific Daylight Time),52
Sun Apr 19 2026 11:45:00 GMT-0700 (Pacific Daylight Time),61
Sun Apr 19 2026 12:00:00 GMT-0700 (Pacific Daylight Time),56
Sun Apr 19 2026 12:15:00 GMT-0700 (Pacific Daylight Time),59
Sun Apr 19 2026 12:30:00 GMT-0700 (Pacific Daylight Time),57
Sun Apr 19 2026 12:45:00 GMT-0700 (Pacific Daylight Time),56
Sun Apr 19 2026 13:00:00 GMT-0700 (Pacific Daylight Time),54
Sun Apr 19 2026 13:15:00 GMT-0700 (Pacific Daylight Time),59
Sun Apr 19 2026 13:30:00 GMT-0700 (Pacific Daylight Time),61
Sun Apr 19 2026 13:45:00 GMT-0700 (Pacific Daylight Time),56
Sun Apr 19 2026 14:00:00 GMT-0700 (Pacific Daylight Time),54
Sun Apr 19 2026 14:15:00 GMT-0700 (Pacific Daylight Time),50
Sun Apr 19 2026 14:30:00 GMT-0700 (Pacific Daylight Time),57
Sun Apr 19 2026 14:45:00 GMT-0700 (Pacific Daylight Time),57
Sun Apr 19 2026 15:00:00 GMT-0700 (Pacific Daylight Time),56
Sun Apr 19 2026 15:15:00 GMT-0700 (Pacific Daylight Time),60
Sun Apr 19 2026 15:30:00 GMT-0700 (Pacific Daylight Time),54
Sun Apr 19 2026 15:45:00 GMT-0700 (Pacific Daylight Time),53
Sun Apr 19 2026 16:00:00 GMT-0700 (Pacific Daylight Time),54
Sun Apr 19 2026 16:15:00 GMT-0700 (Pacific Daylight Time),53
Sun Apr 19 2026 16:30:00 GMT-0700 (Pacific Daylight Time),51
Sun Apr 19 2026 16:45:00 GMT-0700 (Pacific Daylight Time),51
Sun Apr 19 2026 17:00:00 GMT-0700 (Pacific Daylight Time),50
Sun Apr 19 2026 17:15:00 GMT-0700 (Pacific Daylight Time),47
Sun Apr 19 2026 17:30:00 GMT-0700 (Pacific Daylight Time),43
Sun Apr 19 2026 17:45:00 GMT-0700 (Pacific Daylight Time),39
Sun Apr 19 2026 18:00:00 GMT-0700 (Pacific Daylight Time),41
Sun Apr 19 2026 18:15:00 GMT-0700 (Pacific Daylight Time),53
Sun Apr 19 2026 18:30:00 GMT-0700 (Pacific Daylight Time),55
Sun Apr 19 2026 18:45:00 GMT-0700 (Pacific Daylight Time),47
Sun Apr 19 2026 19:00:00 GMT-0700 (Pacific Daylight Time),43
Sun Apr 19 2026 19:15:00 GMT-0700 (Pacific Daylight Time),39
Sun Apr 19 2026 19:30:00 GMT-0700 (Pacific Daylight Time),40
Sun Apr 19 2026 19:45:00 GMT-0700 (Pacific Daylight Time),44
Sun Apr 19 2026 20:00:00 GMT-0700 (Pacific Daylight Time),40
Sun Apr 19 2026 20:15:00 GMT-0700 (Pacific Daylight Time),48
Sun Apr 19 2026 20:30:00 GMT-0700 (Pacific Daylight Time),60
Sun Apr 19 2026 20:45:00 GMT-0700 (Pacific Daylight Time),57
Sun Apr 19 2026 21:00:00 GMT-0700 (Pacific Daylight Time),60
Sun Apr 19 2026 21:15:00 GMT-0700 (Pacific Daylight Time),62
Sun Apr 19 2026 21:30:00 GMT-0700 (Pacific Daylight Time),67
Sun Apr 19 2026 21:45:00 GMT-0700 (Pacific Daylight Time),65
Sun Apr 19 2026 22:00:00 GMT-0700 (Pacific Daylight Time),45
Sun Apr 19 2026 22:15:00 GMT-0700 (Pacific Daylight Time),44
Sun Apr 19 2026 22:30:00 GMT-0700 (Pacific Daylight Time),44
Sun Apr 19 2026 22:45:00 GMT-0700 (Pacific Daylight Time),55
Sun Apr 19 2026 23:00:00 GMT-0700 (Pacific Daylight Time),55
Sun Apr 19 2026 23:15:00 GMT-0700 (Pacific Daylight Time),37
Sun Apr 19 2026 23:30:00 GMT-0700 (Pacific Daylight Time),48
Sun Apr 19 2026 23:45:00 GMT-0700 (Pacific Daylight Time),49
Mon Apr 20 2026 00:00:00 GMT-0700 (Pacific Daylight Time),42
Mon Apr 20 2026 00:15:00 GMT-0700 (Pacific Daylight Time),33
Mon Apr 20 2026 00:30:00 GMT-0700 (Pacific Daylight Time),50
Mon Apr 20 2026 00:45:00 GMT-0700 (Pacific Daylight Time),45
Mon Apr 20 2026 01:00:00 GMT-0700 (Pacific Daylight Time),37
Mon Apr 20 2026 01:15:00 GMT-0700 (Pacific Daylight Time),32
Mon Apr 20 2026 01:30:00 GMT-0700 (Pacific Daylight Time),39
Mon Apr 20 2026 01:45:00 GMT-0700 (Pacific Daylight Time),39
Mon Apr 20 2026 02:00:00 GMT-0700 (Pacific Daylight Time),32
Mon Apr 20 2026 02:15:00 GMT-0700 (Pacific Daylight Time),31
Mon Apr 20 2026 02:30:00 GMT-0700 (Pacific Daylight Time),39
Mon Apr 20 2026 02:45:00 GMT-0700 (Pacific Daylight Time),39
Mon Apr 20 2026 03:00:00 GMT-0700 (Pacific Daylight Time),29
Mon Apr 20 2026 03:15:00 GMT-0700 (Pacific Daylight Time),26
Mon Apr 20 2026 03:30:00 GMT-0700 (Pacific Daylight Time),33
Mon Apr 20 2026 03:45:00 GMT-0700 (Pacific Daylight Time),32
Mon Apr 20 2026 04:00:00 GMT-0700 (Pacific Daylight Time),23
Mon Apr 20 2026 04:15:00 GMT-0700 (Pacific Daylight Time),26
Mon Apr 20 2026 04:30:00 GMT-0700 (Pacific Daylight Time),32
Mon Apr 20 2026 04:45:00 GMT-0700 (Pacific Daylight Time),32
Mon Apr 20 2026 05:00:00 GMT-0700 (Pacific Daylight Time),22
Mon Apr 20 2026 05:15:00 GMT-0700 (Pacific Daylight Time),27
Mon Apr 20 2026 05:30:00 GMT-0700 (Pacific Daylight Time),32
Mon Apr 20 2026 05:45:00 GMT-0700 (Pacific Daylight Time),34
Mon Apr 20 2026 06:00:00 GMT-0700 (Pacific Daylight Time),34
Mon Apr 20 2026 06:15:00 GMT-0700 (Pacific Daylight Time),36
Mon Apr 20 2026 06:30:00 GMT-0700 (Pacific Daylight Time),38
Mon Apr 20 2026 06:45:00 GMT-0700 (Pacific Daylight Time),40
Mon Apr 20 2026 07:00:00 GMT-0700 (Pacific Daylight Time),40
Mon Apr 20 2026 07:15:00 GMT-0700 (Pacific Daylight Time),44
Mon Apr 20 2026 07:30:00 GMT-0700 (Pacific Daylight Time),42
Mon Apr 20 2026 07:45:00 GMT-0700 (Pacific Daylight Time),47
Mon Apr 20 2026 08:00:00 GMT-0700 (Pacific Daylight Time),44
Mon Apr 20 2026 08:15:00 GMT-0700 (Pacific Daylight Time),51
Mon Apr 20 2026 08:30:00 GMT-0700 (Pacific Daylight Time),50
Mon Apr 20 2026 08:45:00 GMT-0700 (Pacific Daylight Time),49
Mon Apr 20 2026 09:00:00 GMT-0700 (Pacific Daylight Time),52
Mon Apr 20 2026 09:15:00 GMT-0700 (Pacific Daylight Time),58
Mon Apr 20 2026 09:30:00 GMT-0700 (Pacific Daylight Time),56
Mon Apr 20 2026 09:45:00 GMT-0700 (Pacific Daylight Time),51
Mon Apr 20 2026 10:00:00 GMT-0700 (Pacific Daylight Time),54
Mon Apr 20 2026 10:15:00 GMT-0700 (Pacific Daylight Time),54
Mon Apr 20 2026 10:30:00 GMT-0700 (Pacific Daylight Time),50
Mon Apr 20 2026 10:45:00 GMT-0700 (Pacific Daylight Time),51
Mon Apr 20 2026 11:00:00 GMT-0700 (Pacific Daylight Time),48
Mon Apr 20 2026 11:15:00 GMT-0700 (Pacific Daylight Time),51
Mon Apr 20 2026 11:30:00 GMT-0700 (Pacific Daylight Time),56
Mon Apr 20 2026 11:45:00 GMT-0700 (Pacific Daylight Time),54
Mon Apr 20 2026 12:00:00 GMT-0700 (Pacific Daylight Time),52
Mon Apr 20 2026 12:15:00 GMT-0700 (Pacific Daylight Time),52
Mon Apr 20 2026 12:30:00 GMT-0700 (Pacific Daylight Time),49
Mon Apr 20 2026 12:45:00 GMT-0700 (Pacific Daylight Time),55
Mon Apr 20 2026 13:00:00 GMT-0700 (Pacific Daylight Time),59
Mon Apr 20 2026 13:15:00 GMT-0700 (Pacific Daylight Time),56
Mon Apr 20 2026 13:30:00 GMT-0700 (Pacific Daylight Time),53
Mon Apr 20 2026 13:45:00 GMT-0700 (Pacific Daylight Time),52
Mon Apr 20 2026 14:00:00 GMT-0700 (Pacific Daylight Time),51
Mon Apr 20 2026 14:15:00 GMT-0700 (Pacific Daylight Time),53
Mon Apr 20 2026 14:30:00 GMT-0700 (Pacific Daylight Time),54
Mon Apr 20 2026 14:45:00 GMT-0700 (Pacific Daylight Time),38
Mon Apr 20 2026 15:00:00 GMT-0700 (Pacific Daylight Time),37
Mon Apr 20 2026 15:15:00 GMT-0700 (Pacific Daylight Time),42
Mon Apr 20 2026 15:30:00 GMT-0700 (Pacific Daylight Time),51
Mon Apr 20 2026 15:45:00 GMT-0700 (Pacific Daylight Time),53
Mon Apr 20 2026 16:00:00 GMT-0700 (Pacific Daylight Time),50
Mon Apr 20 2026 16:15:00 GMT-0700 (Pacific Daylight Time),49
Mon Apr 20 2026 16:30:00 GMT-0700 (Pacific Daylight Time),50
Mon Apr 20 2026 16:45:00 GMT-0700 (Pacific Daylight Time),43
Mon Apr 20 2026 17:00:00 GMT-0700 (Pacific Daylight Time),37
Mon Apr 20 2026 17:15:00 GMT-0700 (Pacific Daylight Time),46
Mon Apr 20 2026 17:30:00 GMT-0700 (Pacific Daylight Time),45
Mon Apr 20 2026 17:45:00 GMT-0700 (Pacific Daylight Time),38
Mon Apr 20 2026 18:00:00 GMT-0700 (Pacific Daylight Time),36
Mon Apr 20 2026 18:15:00 GMT-0700 (Pacific Daylight Time),39
Mon Apr 20 2026 18:30:00 GMT-0700 (Pacific Daylight Time),39
Mon Apr 20 2026 18:45:00 GMT-0700 (Pacific Daylight Time),39
Mon Apr 20 2026 19:00:00 GMT-0700 (Pacific Daylight Time),53
Mon Apr 20 2026 19:15:00 GMT-0700 (Pacific Daylight Time),54
Mon Apr 20 2026 19:30:00 GMT-0700 (Pacific Daylight Time),38
Mon Apr 20 2026 19:45:00 GMT-0700 (Pacific Daylight Time),45
Mon Apr 20 2026 20:00:00 GMT-0700 (Pacific Daylight Time),43
Mon Apr 20 2026 20:15:00 GMT-0700 (Pacific Daylight Time),41
Mon Apr 20 2026 20:30:00 GMT-0700 (Pacific Daylight Time),40
Mon Apr 20 2026 20:45:00 GMT-0700 (Pacific Daylight Time),49
Mon Apr 20 2026 21:00:00 GMT-0700 (Pacific Daylight Time),43
Mon Apr 20 2026 21:15:00 GMT-0700 (Pacific Daylight Time),44
Mon Apr 20 2026 21:30:00 GMT-0700 (Pacific Daylight Time),57
Mon Apr 20 2026 21:45:00 GMT-0700 (Pacific Daylight Time),55
Mon Apr 20 2026 22:00:00 GMT-0700 (Pacific Daylight Time),54
Mon Apr 20 2026 22:15:00 GMT-0700 (Pacific Daylight Time),41
Mon Apr 20 2026 22:30:00 GMT-0700 (Pacific Daylight Time),40
Mon Apr 20 2026 22:45:00 GMT-0700 (Pacific Daylight Time),36
Mon Apr 20 2026 23:00:00 GMT-0700 (Pacific Daylight Time),41
Mon Apr 20 2026 23:15:00 GMT-0700 (Pacific Daylight Time),38
Mon Apr 20 2026 23:30:00 GMT-0700 (Pacific Daylight Time),38
Mon Apr 20 2026 23:45:00 GMT-0700 (Pacific Daylight Time),42
Tue Apr 21 2026 00:00:00 GMT-0700 (Pacific Daylight Time),36
Tue Apr 21 2026 00:15:00 GMT-0700 (Pacific Daylight Time),32
Tue Apr 21 2026 00:30:00 GMT-0700 (Pacific Daylight Time),54
Tue Apr 21 2026 00:45:00 GMT-0700 (Pacific Daylight Time),38
Tue Apr 21 2026 01:00:00 GMT-0700 (Pacific Daylight Time),30
Tue Apr 21 2026 01:15:00 GMT-0700 (Pacific Daylight Time),29
Tue Apr 21 2026 01:30:00 GMT-0700 (Pacific Daylight Time),27
Tue Apr 21 2026 01:45:00 GMT-0700 (Pacific Daylight Time),27
Tue Apr 21 2026 02:00:00 GMT-0700 (Pacific Daylight Time),28
Tue Apr 21 2026 02:15:00 GMT-0700 (Pacific Daylight Time),27
Tue Apr 21 2026 02:30:00 GMT-0700 (Pacific Daylight Time),36
Tue Apr 21 2026 02:45:00 GMT-0700 (Pacific Daylight Time),29
Tue Apr 21 2026 03:00:00 GMT-0700 (Pacific Daylight Time),26
Tue Apr 21 2026 03:15:00 GMT-0700 (Pacific Daylight Time),23
Tue Apr 21 2026 03:30:00 GMT-0700 (Pacific Daylight Time),22
Tue Apr 21 2026 03:45:00 GMT-0700 (Pacific Daylight Time),22
Tue Apr 21 2026 04:00:00 GMT-0700 (Pacific Daylight Time),21
Tue Apr 21 2026 04:15:00 GMT-0700 (Pacific Daylight Time),21
Tue Apr 21 2026 04:30:00 GMT-0700 (Pacific Daylight Time),21
Tue Apr 21 2026 04:45:00 GMT-0700 (Pacific Daylight Time),18
Tue Apr 21 2026 05:00:00 GMT-0700 (Pacific Daylight Time),18
Tue Apr 21 2026 05:15:00 GMT-0700 (Pacific Daylight Time),18
Tue Apr 21 2026 05:30:00 GMT-0700 (Pacific Daylight Time),18
Tue Apr 21 2026 05:45:00 GMT-0700 (Pacific Daylight Time),25
Tue Apr 21 2026 06:00:00 GMT-0700 (Pacific Daylight Time),34
Tue Apr 21 2026 06:15:00 GMT-0700 (Pacific Daylight Time),35
Tue Apr 21 2026 06:30:00 GMT-0700 (Pacific Daylight Time),34
Tue Apr 21 2026 06:45:00 GMT-0700 (Pacific Daylight Time),32
Tue Apr 21 2026 07:00:00 GMT-0700 (Pacific Daylight Time),31
Tue Apr 21 2026 07:15:00 GMT-0700 (Pacific Daylight Time),34
Tue Apr 21 2026 07:30:00 GMT-0700 (Pacific Daylight Time),30
Tue Apr 21 2026 07:45:00 GMT-0700 (Pacific Daylight Time),30
Tue Apr 21 2026 08:00:00 GMT-0700 (Pacific Daylight Time),32
Tue Apr 21 2026 08:15:00 GMT-0700 (Pacific Daylight Time),35
Tue Apr 21 2026 08:30:00 GMT-0700 (Pacific Daylight Time),51
Tue Apr 21 2026 08:45:00 GMT-0700 (Pacific Daylight Time),49
Tue Apr 21 2026 09:00:00 GMT-0700 (Pacific Daylight Time),36
Tue Apr 21 2026 09:15:00 GMT-0700 (Pacific Daylight Time),40
Tue Apr 21 2026 09:30:00 GMT-0700 (Pacific Daylight Time),43
Tue Apr 21 2026 09:45:00 GMT-0700 (Pacific Daylight Time),54
Tue Apr 21 2026 10:00:00 GMT-0700 (Pacific Daylight Time),57
Tue Apr 21 2026 10:15:00 GMT-0700 (Pacific Daylight Time),53
Tue Apr 21 2026 10:30:00 GMT-0700 (Pacific Daylight Time),52
Tue Apr 21 2026 10:45:00 GMT-0700 (Pacific Daylight Time),50
Tue Apr 21 2026 11:00:00 GMT-0700 (Pacific Daylight Time),48
Tue Apr 21 2026 11:15:00 GMT-0700 (Pacific Daylight Time),55
Tue Apr 21 2026 11:30:00 GMT-0700 (Pacific Daylight Time),54
Tue Apr 21 2026 11:45:00 GMT-0700 (Pacific Daylight Time),51
Tue Apr 21 2026 12:00:00 GMT-0700 (Pacific Daylight Time),56
Tue Apr 21 2026 12:15:00 GMT-0700 (Pacific Daylight Time),55
Tue Apr 21 2026 12:30:00 GMT-0700 (Pacific Daylight Time),56
Tue Apr 21 2026 12:45:00 GMT-0700 (Pacific Daylight Time),55
Tue Apr 21 2026 13:00:00 GMT-0700 (Pacific Daylight Time),52
Tue Apr 21 2026 13:15:00 GMT-0700 (Pacific Daylight Time),53
Tue Apr 21 2026 13:30:00 GMT-0700 (Pacific Daylight Time),56
Tue Apr 21 2026 13:45:00 GMT-0700 (Pacific Daylight Time),59
Tue Apr 21 2026 14:00:00 GMT-0700 (Pacific Daylight Time),52
Tue Apr 21 2026 14:15:00 GMT-0700 (Pacific Daylight Time),52
Tue Apr 21 2026 14:30:00 GMT-0700 (Pacific Daylight Time),53
Tue Apr 21 2026 14:45:00 GMT-0700 (Pacific Daylight Time),54
Tue Apr 21 2026 15:00:00 GMT-0700 (Pacific Daylight Time),51
Tue Apr 21 2026 15:15:00 GMT-0700 (Pacific Daylight Time),50
Tue Apr 21 2026 15:30:00 GMT-0700 (Pacific Daylight Time),52
Tue Apr 21 2026 15:45:00 GMT-0700 (Pacific Daylight Time),53
Tue Apr 21 2026 16:00:00 GMT-0700 (Pacific Daylight Time),48
Tue Apr 21 2026 16:15:00 GMT-0700 (Pacific Daylight Time),48
Tue Apr 21 2026 16:30:00 GMT-0700 (Pacific Daylight Time),48
Tue Apr 21 2026 16:45:00 GMT-0700 (Pacific Daylight Time),48
Tue Apr 21 2026 17:00:00 GMT-0700 (Pacific Daylight Time),47
Tue Apr 21 2026 17:15:00 GMT-0700 (Pacific Daylight Time),33
Tue Apr 21 2026 17:30:00 GMT-0700 (Pacific Daylight Time),36
Tue Apr 21 2026 17:45:00 GMT-0700 (Pacific Daylight Time),46
Tue Apr 21 2026 18:00:00 GMT-0700 (Pacific Daylight Time),47
Tue Apr 21 2026 18:15:00 GMT-0700 (Pacific Daylight Time),51
Tue Apr 21 2026 18:30:00 GMT-0700 (Pacific Daylight Time),51
Tue Apr 21 2026 18:45:00 GMT-0700 (Pacific Daylight Time),49
Tue Apr 21 2026 19:00:00 GMT-0700 (Pacific Daylight Time),51
Tue Apr 21 2026 19:15:00 GMT-0700 (Pacific Daylight Time),49
Tue Apr 21 2026 19:30:00 GMT-0700 (Pacific Daylight Time),51
Tue Apr 21 2026 19:45:00 GMT-0700 (Pacific Daylight Time),49
Tue Apr 21 2026 20:00:00 GMT-0700 (Pacific Daylight Time),51
Tue Apr 21 2026 20:15:00 GMT-0700 (Pacific Daylight Time),56
Tue Apr 21 2026 20:30:00 GMT-0700 (Pacific Daylight Time),58
Tue Apr 21 2026 20:45:00 GMT-0700 (Pacific Daylight Time),55
Tue Apr 21 2026 21:00:00 GMT-0700 (Pacific Daylight Time),51
Tue Apr 21 2026 21:15:00 GMT-0700 (Pacific Daylight Time),68
Tue Apr 21 2026 21:30:00 GMT-0700 (Pacific Daylight Time),66
Tue Apr 21 2026 21:45:00 GMT-0700 (Pacific Daylight Time),62
Tue Apr 21 2026 22:00:00 GMT-0700 (Pacific Daylight Time),69
Tue Apr 21 2026 22:15:00 GMT-0700 (Pacific Daylight Time),60
Tue Apr 21 2026 22:30:00 GMT-0700 (Pacific Daylight Time),54
Tue Apr 21 2026 22:45:00 GMT-0700 (Pacific Daylight Time),52
Tue Apr 21 2026 23:00:00 GMT-0700 (Pacific Daylight Time),53
Tue Apr 21 2026 23:15:00 GMT-0700 (Pacific Daylight Time),49
Tue Apr 21 2026 23:30:00 GMT-0700 (Pacific Daylight Time),45
Tue Apr 21 2026 23:45:00 GMT-0700 (Pacific Daylight Time),37
Wed Apr 22 2026 00:00:00 GMT-0700 (Pacific Daylight Time),46
Wed Apr 22 2026 00:15:00 GMT-0700 (Pacific Daylight Time),47
Wed Apr 22 2026 00:30:00 GMT-0700 (Pacific Daylight Time),44
Wed Apr 22 2026 00:45:00 GMT-0700 (Pacific Daylight Time),34
Wed Apr 22 2026 01:00:00 GMT-0700 (Pacific Daylight Time),43
Wed Apr 22 2026 01:15:00 GMT-0700 (Pacific Daylight Time),43
Wed Apr 22 2026 01:30:00 GMT-0700 (Pacific Daylight Time),46
Wed Apr 22 2026 01:45:00 GMT-0700 (Pacific Daylight Time),44
Wed Apr 22 2026 02:00:00 GMT-0700 (Pacific Daylight Time),40
Wed Apr 22 2026 02:15:00 GMT-0700 (Pacific Daylight Time),40
Wed Apr 22 2026 02:30:00 GMT-0700 (Pacific Daylight Time),44
Wed Apr 22 2026 02:45:00 GMT-0700 (Pacific Daylight Time),38
Wed Apr 22 2026 03:00:00 GMT-0700 (Pacific Daylight Time),40
Wed Apr 22 2026 03:15:00 GMT-0700 (Pacific Daylight Time),37
Wed Apr 22 2026 03:30:00 GMT-0700 (Pacific Daylight Time),38
Wed Apr 22 2026 03:45:00 GMT-0700 (Pacific Daylight Time),36
Wed Apr 22 2026 04:00:00 GMT-0700 (Pacific Daylight Time),38
Wed Apr 22 2026 04:15:00 GMT-0700 (Pacific Daylight Time),36
Wed Apr 22 2026 04:30:00 GMT-0700 (Pacific Daylight Time),33
Wed Apr 22 2026 04:45:00 GMT-0700 (Pacific Daylight Time),33
Wed Apr 22 2026 05:00:00 GMT-0700 (Pacific Daylight Time),32
Wed Apr 22 2026 05:15:00 GMT-0700 (Pacific Daylight Time),32
Wed Apr 22 2026 05:30:00 GMT-0700 (Pacific Daylight Time),32
Wed Apr 22 2026 05:45:00 GMT-0700 (Pacific Daylight Time),33
Wed Apr 22 2026 06:00:00 GMT-0700 (Pacific Daylight Time),35
Wed Apr 22 2026 06:15:00 GMT-0700 (Pacific Daylight Time),38
Wed Apr 22 2026 06:30:00 GMT-0700 (Pacific Daylight Time),37
Wed Apr 22 2026 06:45:00 GMT-0700 (Pacific Daylight Time),41
Wed Apr 22 2026 07:00:00 GMT-0700 (Pacific Daylight Time),41
Wed Apr 22 2026 07:15:00 GMT-0700 (Pacific Daylight Time),47
Wed Apr 22 2026 07:30:00 GMT-0700 (Pacific Daylight Time),47
Wed Apr 22 2026 07:45:00 GMT-0700 (Pacific Daylight Time),45
Wed Apr 22 2026 08:00:00 GMT-0700 (Pacific Daylight Time),48
Wed Apr 22 2026 08:15:00 GMT-0700 (Pacific Daylight Time),61
Wed Apr 22 2026 08:30:00 GMT-0700 (Pacific Daylight Time),52
Wed Apr 22 2026 08:45:00 GMT-0700 (Pacific Daylight Time),54
Wed Apr 22 2026 09:00:00 GMT-0700 (Pacific Daylight Time),59
Wed Apr 22 2026 09:15:00 GMT-0700 (Pacific Daylight Time),54
Wed Apr 22 2026 09:30:00 GMT-0700 (Pacific Daylight Time),60
Wed Apr 22 2026 09:45:00 GMT-0700 (Pacific Daylight Time),64
Wed Apr 22 2026 10:00:00 GMT-0700 (Pacific Daylight Time),56
Wed Apr 22 2026 10:15:00 GMT-0700 (Pacific Daylight Time),54
Wed Apr 22 2026 10:30:00 GMT-0700 (Pacific Daylight Time),56
Wed Apr 22 2026 10:45:00 GMT-0700 (Pacific Daylight Time),52
Wed Apr 22 2026 11:00:00 GMT-0700 (Pacific Daylight Time),52
Wed Apr 22 2026 11:15:00 GMT-0700 (Pacific Daylight Time),57
Wed Apr 22 2026 11:30:00 GMT-0700 (Pacific Daylight Time),51
Wed Apr 22 2026 11:45:00 GMT-0700 (Pacific Daylight Time),52
Wed Apr 22 2026 12:00:00 GMT-0700 (Pacific Daylight Time),51
Wed Apr 22 2026 12:15:00 GMT-0700 (Pacific Daylight Time),55
Wed Apr 22 2026 12:30:00 GMT-0700 (Pacific Daylight Time),52
Wed Apr 22 2026 12:45:00 GMT-0700 (Pacific Daylight Time),54
Wed Apr 22 2026 13:00:00 GMT-0700 (Pacific Daylight Time),50
Wed Apr 22 2026 13:15:00 GMT-0700 (Pacific Daylight Time),51
Wed Apr 22 2026 13:30:00 GMT-0700 (Pacific Daylight Time),51
Wed Apr 22 2026 13:45:00 GMT-0700 (Pacific Daylight Time),53
Wed Apr 22 2026 14:00:00 GMT-0700 (Pacific Daylight Time),49
Wed Apr 22 2026 14:15:00 GMT-0700 (Pacific Daylight Time),49
Wed Apr 22 2026 14:30:00 GMT-0700 (Pacific Daylight Time),50
Wed Apr 22 2026 14:45:00 GMT-0700 (Pacific Daylight Time),49
Wed Apr 22 2026 15:00:00 GMT-0700 (Pacific Daylight Time),51
Wed Apr 22 2026 15:15:00 GMT-0700 (Pacific Daylight Time),51
Wed Apr 22 2026 15:30:00 GMT-0700 (Pacific Daylight Time),53
Wed Apr 22 2026 15:45:00 GMT-0700 (Pacific Daylight Time),49
Wed Apr 22 2026 16:00:00 GMT-0700 (Pacific Daylight Time),55
Wed Apr 22 2026 16:15:00 GMT-0700 (Pacific Daylight Time),52
Wed Apr 22 2026 16:30:00 GMT-0700 (Pacific Daylight Time),54
Wed Apr 22 2026 16:45:00 GMT-0700 (Pacific Daylight Time),50
Wed Apr 22 2026 17:00:00 GMT-0700 (Pacific Daylight Time),49
Wed Apr 22 2026 17:15:00 GMT-0700 (Pacific Daylight Time),48
Wed Apr 22 2026 17:30:00 GMT-0700 (Pacific Daylight Time),49
Wed Apr 22 2026 17:45:00 GMT-0700 (Pacific Daylight Time),47
Wed Apr 22 2026 18:00:00 GMT-0700 (Pacific Daylight Time),54
Wed Apr 22 2026 18:15:00 GMT-0700 (Pacific Daylight Time),52
Wed Apr 22 2026 18:30:00 GMT-0700 (Pacific Daylight Time),55
Wed Apr 22 2026 18:45:00 GMT-0700 (Pacific Daylight Time),57
Wed Apr 22 2026 19:00:00 GMT-0700 (Pacific Daylight Time),56
Wed Apr 22 2026 19:15:00 GMT-0700 (Pacific Daylight Time),54
Wed Apr 22 2026 19:30:00 GMT-0700 (Pacific Daylight Time),52
Wed Apr 22 2026 19:45:00 GMT-0700 (Pacific Daylight Time),55
Wed Apr 22 2026 20:00:00 GMT-0700 (Pacific Daylight Time),60
Wed Apr 22 2026 20:15:00 GMT-0700 (Pacific Daylight Time),58
Wed Apr 22 2026 20:30:00 GMT-0700 (Pacific Daylight Time),65
Wed Apr 22 2026 20:45:00 GMT-0700 (Pacific Daylight Time),57
Wed Apr 22 2026 21:00:00 GMT-0700 (Pacific Daylight Time),61
Wed Apr 22 2026 21:15:00 GMT-0700 (Pacific Daylight Time),61
Wed Apr 22 2026 21:30:00 GMT-0700 (Pacific Daylight Time),58
Wed Apr 22 2026 21:45:00 GMT-0700 (Pacific Daylight Time),65
Wed Apr 22 2026 22:00:00 GMT-0700 (Pacific Daylight Time),69
Wed Apr 22 2026 22:15:00 GMT-0700 (Pacific Daylight Time),55
Wed Apr 22 2026 22:30:00 GMT-0700 (Pacific Daylight Time),51
Wed Apr 22 2026 22:45:00 GMT-0700 (Pacific Daylight Time),58
Wed Apr 22 2026 23:00:00 GMT-0700 (Pacific Daylight Time),46
Wed Apr 22 2026 23:15:00 GMT-0700 (Pacific Daylight Time),43
Wed Apr 22 2026 23:30:00 GMT-0700 (Pacific Daylight Time),45
Wed Apr 22 2026 23:45:00 GMT-0700 (Pacific Daylight Time),53
Thu Apr 23 2026 00:00:00 GMT-0700 (Pacific Daylight Time),47
Thu Apr 23 2026 00:15:00 GMT-0700 (Pacific Daylight Time),49
Thu Apr 23 2026 00:30:00 GMT-0700 (Pacific Daylight Time),47
Thu Apr 23 2026 00:45:00 GMT-0700 (Pacific Daylight Time),45
Thu Apr 23 2026 01:00:00 GMT-0700 (Pacific Daylight Time),46
Thu Apr 23 2026 01:15:00 GMT-0700 (Pacific Daylight Time),47
Thu Apr 23 2026 01:30:00 GMT-0700 (Pacific Daylight Time),44
Thu Apr 23 2026 01:45:00 GMT-0700 (Pacific Daylight Time),45
Thu Apr 23 2026 02:00:00 GMT-0700 (Pacific Daylight Time),40
Thu Apr 23 2026 02:15:00 GMT-0700 (Pacific Daylight Time),43
Thu Apr 23 2026 02:30:00 GMT-0700 (Pacific Daylight Time),39
Thu Apr 23 2026 02:45:00 GMT-0700 (Pacific Daylight Time),38
Thu Apr 23 2026 03:00:00 GMT-0700 (Pacific Daylight Time),37
Thu Apr 23 2026 03:15:00 GMT-0700 (Pacific Daylight Time),38
Thu Apr 23 2026 03:30:00 GMT-0700 (Pacific Daylight Time),35
Thu Apr 23 2026 03:45:00 GMT-0700 (Pacific Daylight Time),33
Thu Apr 23 2026 04:00:00 GMT-0700 (Pacific Daylight Time),33
Thu Apr 23 2026 04:15:00 GMT-0700 (Pacific Daylight Time),33
Thu Apr 23 2026 04:30:00 GMT-0700 (Pacific Daylight Time),33
Thu Apr 23 2026 04:45:00 GMT-0700 (Pacific Daylight Time),34
Thu Apr 23 2026 05:00:00 GMT-0700 (Pacific Daylight Time),33
Thu Apr 23 2026 05:15:00 GMT-0700 (Pacific Daylight Time),33
Thu Apr 23 2026 05:30:00 GMT-0700 (Pacific Daylight Time),33
Thu Apr 23 2026 05:45:00 GMT-0700 (Pacific Daylight Time),36
Thu Apr 23 2026 06:00:00 GMT-0700 (Pacific Daylight Time),35
Thu Apr 23 2026 06:15:00 GMT-0700 (Pacific Daylight Time),36
Thu Apr 23 2026 06:30:00 GMT-0700 (Pacific Daylight Time),37
Thu Apr 23 2026 06:45:00 GMT-0700 (Pacific Daylight Time),41
Thu Apr 23 2026 07:00:00 GMT-0700 (Pacific Daylight Time),40
Thu Apr 23 2026 07:15:00 GMT-0700 (Pacific Daylight Time),43
Thu Apr 23 2026 07:30:00 GMT-0700 (Pacific Daylight Time),46
Thu Apr 23 2026 07:45:00 GMT-0700 (Pacific Daylight Time),48
Thu Apr 23 2026 08:00:00 GMT-0700 (Pacific Daylight Time),46
Thu Apr 23 2026 08:15:00 GMT-0700 (Pacific Daylight Time),51
Thu Apr 23 2026 08:30:00 GMT-0700 (Pacific Daylight Time),52
Thu Apr 23 2026 08:45:00 GMT-0700 (Pacific Daylight Time),49
Thu Apr 23 2026 09:00:00 GMT-0700 (Pacific Daylight Time),52
Thu Apr 23 2026 09:15:00 GMT-0700 (Pacific Daylight Time),54
Thu Apr 23 2026 09:30:00 GMT-0700 (Pacific Daylight Time),67
Thu Apr 23 2026 09:45:00 GMT-0700 (Pacific Daylight Time),57
Thu Apr 23 2026 10:00:00 GMT-0700 (Pacific Daylight Time),53
Thu Apr 23 2026 10:15:00 GMT-0700 (Pacific Daylight Time),54
Thu Apr 23 2026 10:30:00 GMT-0700 (Pacific Daylight Time),50
Thu Apr 23 2026 10:45:00 GMT-0700 (Pacific Daylight Time),55
Thu Apr 23 2026 11:00:00 GMT-0700 (Pacific Daylight Time),51
Thu Apr 23 2026 11:15:00 GMT-0700 (Pacific Daylight Time),52
Thu Apr 23 2026 11:30:00 GMT-0700 (Pacific Daylight Time),50
Thu Apr 23 2026 11:45:00 GMT-0700 (Pacific Daylight Time),50
Thu Apr 23 2026 12:00:00 GMT-0700 (Pacific Daylight Time),55
Thu Apr 23 2026 12:15:00 GMT-0700 (Pacific Daylight Time),53
Thu Apr 23 2026 12:30:00 GMT-0700 (Pacific Daylight Time),56
Thu Apr 23 2026 12:45:00 GMT-0700 (Pacific Daylight Time),52
Thu Apr 23 2026 13:00:00 GMT-0700 (Pacific Daylight Time),51
Thu Apr 23 2026 13:15:00 GMT-0700 (Pacific Daylight Time),51
Thu Apr 23 2026 13:30:00 GMT-0700 (Pacific Daylight Time),50
Thu Apr 23 2026 13:45:00 GMT-0700 (Pacific Daylight Time),51
Thu Apr 23 2026 14:00:00 GMT-0700 (Pacific Daylight Time),59
Thu Apr 23 2026 14:15:00 GMT-0700 (Pacific Daylight Time),56
Thu Apr 23 2026 14:30:00 GMT-0700 (Pacific Daylight Time),53
Thu Apr 23 2026 14:45:00 GMT-0700 (Pacific Daylight Time),54
Thu Apr 23 2026 15:00:00 GMT-0700 (Pacific Daylight Time),57
Thu Apr 23 2026 15:15:00 GMT-0700 (Pacific Daylight Time),50
Thu Apr 23 2026 15:30:00 GMT-0700 (Pacific Daylight Time),50
Thu Apr 23 2026 15:45:00 GMT-0700 (Pacific Daylight Time),49
Thu Apr 23 2026 16:00:00 GMT-0700 (Pacific Daylight Time),52
Thu Apr 23 2026 16:15:00 GMT-0700 (Pacific Daylight Time),43
Thu Apr 23 2026 16:30:00 GMT-0700 (Pacific Daylight Time),42
Thu Apr 23 2026 16:45:00 GMT-0700 (Pacific Daylight Time),41
Thu Apr 23 2026 17:00:00 GMT-0700 (Pacific Daylight Time),44
Thu Apr 23 2026 17:15:00 GMT-0700 (Pacific Daylight Time),38
Thu Apr 23 2026 17:30:00 GMT-0700 (Pacific Daylight Time),40
Thu Apr 23 2026 17:45:00 GMT-0700 (Pacific Daylight Time),43
Thu Apr 23 2026 18:00:00 GMT-0700 (Pacific Daylight Time),40
Thu Apr 23 2026 18:15:00 GMT-0700 (Pacific Daylight Time),40
Thu Apr 23 2026 18:30:00 GMT-0700 (Pacific Daylight Time),36
Thu Apr 23 2026 18:45:00 GMT-0700 (Pacific Daylight Time),39
Thu Apr 23 2026 19:00:00 GMT-0700 (Pacific Daylight Time),38
Thu Apr 23 2026 19:15:00 GMT-0700 (Pacific Daylight Time),39
Thu Apr 23 2026 19:30:00 GMT-0700 (Pacific Daylight Time),41
Thu Apr 23 2026 19:45:00 GMT-0700 (Pacific Daylight Time),40
Thu Apr 23 2026 20:00:00 GMT-0700 (Pacific Daylight Time),43
Thu Apr 23 2026 20:15:00 GMT-0700 (Pacific Daylight Time),39
Thu Apr 23 2026 20:30:00 GMT-0700 (Pacific Daylight Time),46
Thu Apr 23 2026 20:45:00 GMT-0700 (Pacific Daylight Time),42
Thu Apr 23 2026 21:00:00 GMT-0700 (Pacific Daylight Time),52
Thu Apr 23 2026 21:15:00 GMT-0700 (Pacific Daylight Time),46
Thu Apr 23 2026 21:30:00 GMT-0700 (Pacific Daylight Time),50
Thu Apr 23 2026 21:45:00 GMT-0700 (Pacific Daylight Time),48
Thu Apr 23 2026 22:00:00 GMT-0700 (Pacific Daylight Time),51
Thu Apr 23 2026 22:15:00 GMT-0700 (Pacific Daylight Time),44
Thu Apr 23 2026 22:30:00 GMT-0700 (Pacific Daylight Time),41
Thu Apr 23 2026 22:45:00 GMT-0700 (Pacific Daylight Time),45
Thu Apr 23 2026 23:00:00 GMT-0700 (Pacific Daylight Time),40
Thu Apr 23 2026 23:15:00 GMT-0700 (Pacific Daylight Time),35
Thu Apr 23 2026 23:30:00 GMT-0700 (Pacific Daylight Time),35
Thu Apr 23 2026 23:45:00 GMT-0700 (Pacific Daylight Time),36
Fri Apr 24 2026 00:00:00 GMT-0700 (Pacific Daylight Time),37
Fri Apr 24 2026 00:15:00 GMT-0700 (Pacific Daylight Time),34
Fri Apr 24 2026 00:30:00 GMT-0700 (Pacific Daylight Time),32
Fri Apr 24 2026 00:45:00 GMT-0700 (Pacific Daylight Time),32
Fri Apr 24 2026 01:00:00 GMT-0700 (Pacific Daylight Time),33
Fri Apr 24 2026 01:15:00 GMT-0700 (Pacific Daylight Time),32
Fri Apr 24 2026 01:30:00 GMT-0700 (Pacific Daylight Time),32
Fri Apr 24 2026 01:45:00 GMT-0700 (Pacific Daylight Time),27
Fri Apr 24 2026 02:00:00 GMT-0700 (Pacific Daylight Time),26
Fri Apr 24 2026 02:15:00 GMT-0700 (Pacific Daylight Time),26
Fri Apr 24 2026 02:30:00 GMT-0700 (Pacific Daylight Time),27
Fri Apr 24 2026 02:45:00 GMT-0700 (Pacific Daylight Time),26
Fri Apr 24 2026 03:00:00 GMT-0700 (Pacific Daylight Time),25
Fri Apr 24 2026 03:15:00 GMT-0700 (Pacific Daylight Time),23
Fri Apr 24 2026 03:30:00 GMT-0700 (Pacific Daylight Time),22
Fri Apr 24 2026 03:45:00 GMT-0700 (Pacific Daylight Time),23
Fri Apr 24 2026 04:00:00 GMT-0700 (Pacific Daylight Time),22
Fri Apr 24 2026 04:15:00 GMT-0700 (Pacific Daylight Time),22
Fri Apr 24 2026 04:30:00 GMT-0700 (Pacific Daylight Time),22
Fri Apr 24 2026 04:45:00 GMT-0700 (Pacific Daylight Time),23
Fri Apr 24 2026 05:00:00 GMT-0700 (Pacific Daylight Time),23
Fri Apr 24 2026 05:15:00 GMT-0700 (Pacific Daylight Time),23
Fri Apr 24 2026 05:30:00 GMT-0700 (Pacific Daylight Time),22
Fri Apr 24 2026 05:45:00 GMT-0700 (Pacific Daylight Time),26
Fri Apr 24 2026 06:00:00 GMT-0700 (Pacific Daylight Time),24
Fri Apr 24 2026 06:15:00 GMT-0700 (Pacific Daylight Time),24
Fri Apr 24 2026 06:30:00 GMT-0700 (Pacific Daylight Time),27
Fri Apr 24 2026 06:45:00 GMT-0700 (Pacific Daylight Time),29
Fri Apr 24 2026 07:00:00 GMT-0700 (Pacific Daylight Time),30
Fri Apr 24 2026 07:15:00 GMT-0700 (Pacific Daylight Time),31
Fri Apr 24 2026 07:30:00 GMT-0700 (Pacific Daylight Time),31
Fri Apr 24 2026 07:45:00 GMT-0700 (Pacific Daylight Time),30
Fri Apr 24 2026 08:00:00 GMT-0700 (Pacific Daylight Time),36
Fri Apr 24 2026 08:15:00 GMT-0700 (Pacific Daylight Time),43
Fri Apr 24 2026 08:30:00 GMT-0700 (Pacific Daylight Time),35
Fri Apr 24 2026 08:45:00 GMT-0700 (Pacific Daylight Time),36
Fri Apr 24 2026 09:00:00 GMT-0700 (Pacific Daylight Time),38
Fri Apr 24 2026 09:15:00 GMT-0700 (Pacific Daylight Time),59
Fri Apr 24 2026 09:30:00 GMT-0700 (Pacific Daylight Time),45
Fri Apr 24 2026 09:45:00 GMT-0700 (Pacific Daylight Time),39
Fri Apr 24 2026 10:00:00 GMT-0700 (Pacific Daylight Time),44
Fri Apr 24 2026 10:15:00 GMT-0700 (Pacific Daylight Time),49
Fri Apr 24 2026 10:30:00 GMT-0700 (Pacific Daylight Time),47
Fri Apr 24 2026 10:45:00 GMT-0700 (Pacific Daylight Time),45
Fri Apr 24 2026 11:00:00 GMT-0700 (Pacific Daylight Time),40
Fri Apr 24 2026 11:15:00 GMT-0700 (Pacific Daylight Time),42
Fri Apr 24 2026 11:30:00 GMT-0700 (Pacific Daylight Time),41
Fri Apr 24 2026 11:45:00 GMT-0700 (Pacific Daylight Time),42
Fri Apr 24 2026 12:00:00 GMT-0700 (Pacific Daylight Time),49
Fri Apr 24 2026 12:15:00 GMT-0700 (Pacific Daylight Time),43
Fri Apr 24 2026 12:30:00 GMT-0700 (Pacific Daylight Time),43
Fri Apr 24 2026 12:45:00 GMT-0700 (Pacific Daylight Time),45
Fri Apr 24 2026 13:00:00 GMT-0700 (Pacific Daylight Time),46
Fri Apr 24 2026 13:15:00 GMT-0700 (Pacific Daylight Time),41
Fri Apr 24 2026 13:30:00 GMT-0700 (Pacific Daylight Time),41
Fri Apr 24 2026 13:45:00 GMT-0700 (Pacific Daylight Time),45
Fri Apr 24 2026 14:00:00 GMT-0700 (Pacific Daylight Time),39
Fri Apr 24 2026 14:15:00 GMT-0700 (Pacific Daylight Time),41
Fri Apr 24 2026 14:30:00 GMT-0700 (Pacific Daylight Time),37
Fri Apr 24 2026 14:45:00 GMT-0700 (Pacific Daylight Time),40
Fri Apr 24 2026 15:00:00 GMT-0700 (Pacific Daylight Time),39
Fri Apr 24 2026 15:15:00 GMT-0700 (Pacific Daylight Time),43
Fri Apr 24 2026 15:30:00 GMT-0700 (Pacific Daylight Time),38
Fri Apr 24 2026 15:45:00 GMT-0700 (Pacific Daylight Time),38
Fri Apr 24 2026 16:00:00 GMT-0700 (Pacific Daylight Time),38
Fri Apr 24 2026 16:15:00 GMT-0700 (Pacific Daylight Time),37
Fri Apr 24 2026 16:30:00 GMT-0700 (Pacific Daylight Time),43
Fri Apr 24 2026 16:45:00 GMT-0700 (Pacific Daylight Time),41
Fri Apr 24 2026 17:00:00 GMT-0700 (Pacific Daylight Time),42
Fri Apr 24 2026 17:15:00 GMT-0700 (Pacific Daylight Time),39
Fri Apr 24 2026 17:30:00 GMT-0700 (Pacific Daylight Time),41
Fri Apr 24 2026 17:45:00 GMT-0700 (Pacific Daylight Time),41
Fri Apr 24 2026 18:00:00 GMT-0700 (Pacific Daylight Time),41
Fri Apr 24 2026 18:15:00 GMT-0700 (Pacific Daylight Time),38
Fri Apr 24 2026 18:30:00 GMT-0700 (Pacific Daylight Time),44
Fri Apr 24 2026 18:45:00 GMT-0700 (Pacific Daylight Time),40
Fri Apr 24 2026 19:00:00 GMT-0700 (Pacific Daylight Time),39
Fri Apr 24 2026 19:15:00 GMT-0700 (Pacific Daylight Time),41
Fri Apr 24 2026 19:30:00 GMT-0700 (Pacific Daylight Time),40
Fri Apr 24 2026 19:45:00 GMT-0700 (Pacific Daylight Time),38
Fri Apr 24 2026 20:00:00 GMT-0700 (Pacific Daylight Time),41
Fri Apr 24 2026 20:15:00 GMT-0700 (Pacific Daylight Time),46
Fri Apr 24 2026 20:30:00 GMT-0700 (Pacific Daylight Time),41
Fri Apr 24 2026 20:45:00 GMT-0700 (Pacific Daylight Time),40
Fri Apr 24 2026 21:00:00 GMT-0700 (Pacific Daylight Time),37
Fri Apr 24 2026 21:15:00 GMT-0700 (Pacific Daylight Time),41
Fri Apr 24 2026 21:30:00 GMT-0700 (Pacific Daylight Time),42
Fri Apr 24 2026 21:45:00 GMT-0700 (Pacific Daylight Time),38
Fri Apr 24 2026 22:00:00 GMT-0700 (Pacific Daylight Time),38
Fri Apr 24 2026 22:15:00 GMT-0700 (Pacific Daylight Time),38
Fri Apr 24 2026 22:30:00 GMT-0700 (Pacific Daylight Time),36
Fri Apr 24 2026 22:45:00 GMT-0700 (Pacific Daylight Time),42
Fri Apr 24 2026 23:00:00 GMT-0700 (Pacific Daylight Time),36
Fri Apr 24 2026 23:15:00 GMT-0700 (Pacific Daylight Time),39
Fri Apr 24 2026 23:30:00 GMT-0700 (Pacific Daylight Time),34
Fri Apr 24 2026 23:45:00 GMT-0700 (Pacific Daylight Time),33
Sat Apr 25 2026 00:00:00 GMT-0700 (Pacific Daylight Time),32
Sat Apr 25 2026 00:15:00 GMT-0700 (Pacific Daylight Time),35
Sat Apr 25 2026 00:30:00 GMT-0700 (Pacific Daylight Time),37
Sat Apr 25 2026 00:45:00 GMT-0700 (Pacific Daylight Time),35
Sat Apr 25 2026 01:00:00 GMT-0700 (Pacific Daylight Time),42
Sat Apr 25 2026 01:15:00 GMT-0700 (Pacific Daylight Time),37
Sat Apr 25 2026 01:30:00 GMT-0700 (Pacific Daylight Time),35
Sat Apr 25 2026 01:45:00 GMT-0700 (Pacific Daylight Time),29
Sat Apr 25 2026 02:00:00 GMT-0700 (Pacific Daylight Time),28
Sat Apr 25 2026 02:15:00 GMT-0700 (Pacific Daylight Time),27
Sat Apr 25 2026 02:30:00 GMT-0700 (Pacific Daylight Time),27
Sat Apr 25 2026 02:45:00 GMT-0700 (Pacific Daylight Time),26
Sat Apr 25 2026 03:00:00 GMT-0700 (Pacific Daylight Time),26
Sat Apr 25 2026 03:15:00 GMT-0700 (Pacific Daylight Time),27
Sat Apr 25 2026 03:30:00 GMT-0700 (Pacific Daylight Time),25
Sat Apr 25 2026 03:45:00 GMT-0700 (Pacific Daylight Time),22
Sat Apr 25 2026 04:00:00 GMT-0700 (Pacific Daylight Time),22
Sat Apr 25 2026 04:15:00 GMT-0700 (Pacific Daylight Time),22
Sat Apr 25 2026 04:30:00 GMT-0700 (Pacific Daylight Time),22
Sat Apr 25 2026 04:45:00 GMT-0700 (Pacific Daylight Time),21
Sat Apr 25 2026 05:00:00 GMT-0700 (Pacific Daylight Time),22
Sat Apr 25 2026 05:15:00 GMT-0700 (Pacific Daylight Time),21
Sat Apr 25 2026 05:30:00 GMT-0700 (Pacific Daylight Time),21
Sat Apr 25 2026 05:45:00 GMT-0700 (Pacific Daylight Time),22
Sat Apr 25 2026 06:00:00 GMT-0700 (Pacific Daylight Time),22
Sat Apr 25 2026 06:15:00 GMT-0700 (Pacific Daylight Time),24
Sat Apr 25 2026 06:30:00 GMT-0700 (Pacific Daylight Time),23
Sat Apr 25 2026 06:45:00 GMT-0700 (Pacific Daylight Time),26
Sat Apr 25 2026 07:00:00 GMT-0700 (Pacific Daylight Time),26
Sat Apr 25 2026 07:15:00 GMT-0700 (Pacific Daylight Time),27
Sat Apr 25 2026 07:30:00 GMT-0700 (Pacific Daylight Time),28
Sat Apr 25 2026 07:45:00 GMT-0700 (Pacific Daylight Time),29
Sat Apr 25 2026 08:00:00 GMT-0700 (Pacific Daylight Time),29
Sat Apr 25 2026 08:15:00 GMT-0700 (Pacific Daylight Time),30
Sat Apr 25 2026 08:30:00 GMT-0700 (Pacific Daylight Time),33
Sat Apr 25 2026 08:45:00 GMT-0700 (Pacific Daylight Time),32
Sat Apr 25 2026 09:00:00 GMT-0700 (Pacific Daylight Time),36
Sat Apr 25 2026 09:15:00 GMT-0700 (Pacific Daylight Time),36
Sat Apr 25 2026 09:30:00 GMT-0700 (Pacific Daylight Time),35
Sat Apr 25 2026 09:45:00 GMT-0700 (Pacific Daylight Time),40
Sat Apr 25 2026 10:00:00 GMT-0700 (Pacific Daylight Time),44
Sat Apr 25 2026 10:15:00 GMT-0700 (Pacific Daylight Time),42
Sat Apr 25 2026 10:30:00 GMT-0700 (Pacific Daylight Time),37
Sat Apr 25 2026 10:45:00 GMT-0700 (Pacific Daylight Time),36
Sat Apr 25 2026 11:00:00 GMT-0700 (Pacific Daylight Time),44
Sat Apr 25 2026 11:15:00 GMT-0700 (Pacific Daylight Time),42
Sat Apr 25 2026 11:30:00 GMT-0700 (Pacific Daylight Time),40
Sat Apr 25 2026 11:45:00 GMT-0700 (Pacific Daylight Time),40
Sat Apr 25 2026 12:00:00 GMT-0700 (Pacific Daylight Time),38
Sat Apr 25 2026 12:15:00 GMT-0700 (Pacific Daylight Time),41
Sat Apr 25 2026 12:30:00 GMT-0700 (Pacific Daylight Time),41
Sat Apr 25 2026 12:45:00 GMT-0700 (Pacific Daylight Time),41
Sat Apr 25 2026 13:00:00 GMT-0700 (Pacific Daylight Time),40
Sat Apr 25 2026 13:15:00 GMT-0700 (Pacific Daylight Time),37
Sat Apr 25 2026 13:30:00 GMT-0700 (Pacific Daylight Time),38
Sat Apr 25 2026 13:45:00 GMT-0700 (Pacific Daylight Time),44
Sat Apr 25 2026 14:00:00 GMT-0700 (Pacific Daylight Time),43
Sat Apr 25 2026 14:15:00 GMT-0700 (Pacific Daylight Time),40
Sat Apr 25 2026 14:30:00 GMT-0700 (Pacific Daylight Time),37
Sat Apr 25 2026 14:45:00 GMT-0700 (Pacific Daylight Time),36
Sat Apr 25 2026 15:00:00 GMT-0700 (Pacific Daylight Time),38
Sat Apr 25 2026 15:15:00 GMT-0700 (Pacific Daylight Time),39
Sat Apr 25 2026 15:30:00 GMT-0700 (Pacific Daylight Time),45
Sat Apr 25 2026 15:45:00 GMT-0700 (Pacific Daylight Time),40
Sat Apr 25 2026 16:00:00 GMT-0700 (Pacific Daylight Time),37
Sat Apr 25 2026 16:15:00 GMT-0700 (Pacific Daylight Time),41
Sat Apr 25 2026 16:30:00 GMT-0700 (Pacific Daylight Time),36
Sat Apr 25 2026 16:45:00 GMT-0700 (Pacific Daylight Time),36
Sat Apr 25 2026 17:00:00 GMT-0700 (Pacific Daylight Time),34
Sat Apr 25 2026 17:15:00 GMT-0700 (Pacific Daylight Time),31
Sat Apr 25 2026 17:30:00 GMT-0700 (Pacific Daylight Time),30
Sat Apr 25 2026 17:45:00 GMT-0700 (Pacific Daylight Time),32
Sat Apr 25 2026 18:00:00 GMT-0700 (Pacific Daylight Time),41
Sat Apr 25 2026 18:15:00 GMT-0700 (Pacific Daylight Time),36
Sat Apr 25 2026 18:30:00 GMT-0700 (Pacific Daylight Time),34
Sat Apr 25 2026 18:45:00 GMT-0700 (Pacific Daylight Time),37
Sat Apr 25 2026 19:00:00 GMT-0700 (Pacific Daylight Time),43
Sat Apr 25 2026 19:15:00 GMT-0700 (Pacific Daylight Time),37
Sat Apr 25 2026 19:30:00 GMT-0700 (Pacific Daylight Time),34
Sat Apr 25 2026 19:45:00 GMT-0700 (Pacific Daylight Time),35
Sat Apr 25 2026 20:00:00 GMT-0700 (Pacific Daylight Time),33
Sat Apr 25 2026 20:15:00 GMT-0700 (Pacific Daylight Time),35
Sat Apr 25 2026 20:30:00 GMT-0700 (Pacific Daylight Time),37
Sat Apr 25 2026 20:45:00 GMT-0700 (Pacific Daylight Time),45
Sat Apr 25 2026 21:00:00 GMT-0700 (Pacific Daylight Time),40
Sat Apr 25 2026 21:15:00 GMT-0700 (Pacific Daylight Time),39
Sat Apr 25 2026 21:30:00 GMT-0700 (Pacific Daylight Time),36
Sat Apr 25 2026 21:45:00 GMT-0700 (Pacific Daylight Time),36
Sat Apr 25 2026 22:00:00 GMT-0700 (Pacific Daylight Time),41
Sat Apr 25 2026 22:15:00 GMT-0700 (Pacific Daylight Time),32
Sat Apr 25 2026 22:30:00 GMT-0700 (Pacific Daylight Time),39
Sat Apr 25 2026 22:45:00 GMT-0700 (Pacific Daylight Time),39
Sat Apr 25 2026 23:00:00 GMT-0700 (Pacific Daylight Time),37
Sat Apr 25 2026 23:15:00 GMT-0700 (Pacific Daylight Time),32
Sat Apr 25 2026 23:30:00 GMT-0700 (Pacific Daylight Time),33
Sat Apr 25 2026 23:45:00 GMT-0700 (Pacific Daylight Time),34
Sun Apr 26 2026 00:00:00 GMT-0700 (Pacific Daylight Time),32
Sun Apr 26 2026 00:15:00 GMT-0700 (Pacific Daylight Time),31
Sun Apr 26 2026 00:30:00 GMT-0700 (Pacific Daylight Time),31
Sun Apr 26 2026 00:45:00 GMT-0700 (Pacific Daylight Time),28
Sun Apr 26 2026 01:00:00 GMT-0700 (Pacific Daylight Time),28
Sun Apr 26 2026 01:15:00 GMT-0700 (Pacific Daylight Time),28
Sun Apr 26 2026 01:30:00 GMT-0700 (Pacific Daylight Time),26
Sun Apr 26 2026 01:45:00 GMT-0700 (Pacific Daylight Time),26
Sun Apr 26 2026 02:00:00 GMT-0700 (Pacific Daylight Time),23
Sun Apr 26 2026 02:15:00 GMT-0700 (Pacific Daylight Time),24
Sun Apr 26 2026 02:30:00 GMT-0700 (Pacific Daylight Time),26
Sun Apr 26 2026 02:45:00 GMT-0700 (Pacific Daylight Time),24
Sun Apr 26 2026 03:00:00 GMT-0700 (Pacific Daylight Time),24
Sun Apr 26 2026 03:15:00 GMT-0700 (Pacific Daylight Time),24
Sun Apr 26 2026 03:30:00 GMT-0700 (Pacific Daylight Time),24
Sun Apr 26 2026 03:45:00 GMT-0700 (Pacific Daylight Time),27
Sun Apr 26 2026 04:00:00 GMT-0700 (Pacific Daylight Time),24
Sun Apr 26 2026 04:15:00 GMT-0700 (Pacific Daylight Time),25
Sun Apr 26 2026 04:30:00 GMT-0700 (Pacific Daylight Time),25
Sun Apr 26 2026 04:45:00 GMT-0700 (Pacific Daylight Time),24
Sun Apr 26 2026 05:00:00 GMT-0700 (Pacific Daylight Time),22
Sun Apr 26 2026 05:15:00 GMT-0700 (Pacific Daylight Time),23
Sun Apr 26 2026 05:30:00 GMT-0700 (Pacific Daylight Time),24
Sun Apr 26 2026 05:45:00 GMT-0700 (Pacific Daylight Time),23
Sun Apr 26 2026 06:00:00 GMT-0700 (Pacific Daylight Time),23
Sun Apr 26 2026 06:15:00 GMT-0700 (Pacific Daylight Time),24
Sun Apr 26 2026 06:30:00 GMT-0700 (Pacific Daylight Time),22
Sun Apr 26 2026 06:45:00 GMT-0700 (Pacific Daylight Time),28
Sun Apr 26 2026 07:00:00 GMT-0700 (Pacific Daylight Time),27
Sun Apr 26 2026 07:15:00 GMT-0700 (Pacific Daylight Time),26
Sun Apr 26 2026 07:30:00 GMT-0700 (Pacific Daylight Time),27
Sun Apr 26 2026 07:45:00 GMT-0700 (Pacific Daylight Time),28
Sun Apr 26 2026 08:00:00 GMT-0700 (Pacific Daylight Time),31
Sun Apr 26 2026 08:15:00 GMT-0700 (Pacific Daylight Time),28
Sun Apr 26 2026 08:30:00 GMT-0700 (Pacific Daylight Time),31
Sun Apr 26 2026 08:45:00 GMT-0700 (Pacific Daylight Time),33
Sun Apr 26 2026 09:00:00 GMT-0700 (Pacific Daylight Time),44
Sun Apr 26 2026 09:15:00 GMT-0700 (Pacific Daylight Time),41
Sun Apr 26 2026 09:30:00 GMT-0700 (Pacific Daylight Time),35
Sun Apr 26 2026 09:45:00 GMT-0700 (Pacific Daylight Time),40
Sun Apr 26 2026 10:00:00 GMT-0700 (Pacific Daylight Time),43
Sun Apr 26 2026 10:15:00 GMT-0700 (Pacific Daylight Time),41
Sun Apr 26 2026 10:30:00 GMT-0700 (Pacific Daylight Time),43
Sun Apr 26 2026 10:45:00 GMT-0700 (Pacific Daylight Time),45
Sun Apr 26 2026 11:00:00 GMT-0700 (Pacific Daylight Time),45
Sun Apr 26 2026 11:15:00 GMT-0700 (Pacific Daylight Time),44
Sun Apr 26 2026 11:30:00 GMT-0700 (Pacific Daylight Time),48
Sun Apr 26 2026 11:45:00 GMT-0700 (Pacific Daylight Time),45
Sun Apr 26 2026 12:00:00 GMT-0700 (Pacific Daylight Time),39
Sun Apr 26 2026 12:15:00 GMT-0700 (Pacific Daylight Time),41
Sun Apr 26 2026 12:30:00 GMT-0700 (Pacific Daylight Time),43
Sun Apr 26 2026 12:45:00 GMT-0700 (Pacific Daylight Time),46
Sun Apr 26 2026 13:00:00 GMT-0700 (Pacific Daylight Time),40
Sun Apr 26 2026 13:15:00 GMT-0700 (Pacific Daylight Time),42
Sun Apr 26 2026 13:30:00 GMT-0700 (Pacific Daylight Time),45
Sun Apr 26 2026 13:45:00 GMT-0700 (Pacific Daylight Time),43
Sun Apr 26 2026 14:00:00 GMT-0700 (Pacific Daylight Time),47
Sun Apr 26 2026 14:15:00 GMT-0700 (Pacific Daylight Time),48
Sun Apr 26 2026 14:30:00 GMT-0700 (Pacific Daylight Time),47
Sun Apr 26 2026 14:45:00 GMT-0700 (Pacific Daylight Time),40
Sun Apr 26 2026 15:00:00 GMT-0700 (Pacific Daylight Time),41
Sun Apr 26 2026 15:15:00 GMT-0700 (Pacific Daylight Time),39
Sun Apr 26 2026 15:30:00 GMT-0700 (Pacific Daylight Time),40
Sun Apr 26 2026 15:45:00 GMT-0700 (Pacific Daylight Time),37
Sun Apr 26 2026 16:00:00 GMT-0700 (Pacific Daylight Time),40
Sun Apr 26 2026 16:15:00 GMT-0700 (Pacific Daylight Time),41
Sun Apr 26 2026 16:30:00 GMT-0700 (Pacific Daylight Time),47
Sun Apr 26 2026 16:45:00 GMT-0700 (Pacific Daylight Time),51
Sun Apr 26 2026 17:00:00 GMT-0700 (Pacific Daylight Time),42
Sun Apr 26 2026 17:15:00 GMT-0700 (Pacific Daylight Time),44
Sun Apr 26 2026 17:30:00 GMT-0700 (Pacific Daylight Time),42
Sun Apr 26 2026 17:45:00 GMT-0700 (Pacific Daylight Time),42
Sun Apr 26 2026 18:00:00 GMT-0700 (Pacific Daylight Time),45
Sun Apr 26 2026 18:15:00 GMT-0700 (Pacific Daylight Time),43
Sun Apr 26 2026 18:30:00 GMT-0700 (Pacific Daylight Time),43
Sun Apr 26 2026 18:45:00 GMT-0700 (Pacific Daylight Time),43
Sun Apr 26 2026 19:00:00 GMT-0700 (Pacific Daylight Time),42
Sun Apr 26 2026 19:15:00 GMT-0700 (Pacific Daylight Time),42
Sun Apr 26 2026 19:30:00 GMT-0700 (Pacific Daylight Time),42
Sun Apr 26 2026 19:45:00 GMT-0700 (Pacific Daylight Time),46
Sun Apr 26 2026 20:00:00 GMT-0700 (Pacific Daylight Time),48
Sun Apr 26 2026 20:15:00 GMT-0700 (Pacific Daylight Time),47
Sun Apr 26 2026 20:30:00 GMT-0700 (Pacific Daylight Time),47
Sun Apr 26 2026 20:45:00 GMT-0700 (Pacific Daylight Time),44
Sun Apr 26 2026 21:00:00 GMT-0700 (Pacific Daylight Time),51
Sun Apr 26 2026 21:15:00 GMT-0700 (Pacific Daylight Time),51
Sun Apr 26 2026 21:30:00 GMT-0700 (Pacific Daylight Time),51
Sun Apr 26 2026 21:45:00 GMT-0700 (Pacific Daylight Time),55
Sun Apr 26 2026 22:00:00 GMT-0700 (Pacific Daylight Time),57
Sun Apr 26 2026 22:15:00 GMT-0700 (Pacific Daylight Time),50
Sun Apr 26 2026 22:30:00 GMT-0700 (Pacific Daylight Time),43
Sun Apr 26 2026 22:45:00 GMT-0700 (Pacific Daylight Time),47
Sun Apr 26 2026 23:00:00 GMT-0700 (Pacific Daylight Time),43
Sun Apr 26 2026 23:15:00 GMT-0700 (Pacific Daylight Time),39
Sun Apr 26 2026 23:30:00 GMT-0700 (Pacific Daylight Time),37
Sun Apr 26 2026 23:45:00 GMT-0700 (Pacific Daylight Time),35
Mon Apr 27 2026 00:00:00 GMT-0700 (Pacific Daylight Time),34
Mon Apr 27 2026 00:15:00 GMT-0700 (Pacific Daylight Time),34
Mon Apr 27 2026 00:30:00 GMT-0700 (Pacific Daylight Time),32
Mon Apr 27 2026 00:45:00 GMT-0700 (Pacific Daylight Time),29
Mon Apr 27 2026 01:00:00 GMT-0700 (Pacific Daylight Time),30
Mon Apr 27 2026 01:15:00 GMT-0700 (Pacific Daylight Time),28
Mon Apr 27 2026 01:30:00 GMT-0700 (Pacific Daylight Time),28
Mon Apr 27 2026 01:45:00 GMT-0700 (Pacific Daylight Time),33
Mon Apr 27 2026 02:00:00 GMT-0700 (Pacific Daylight Time),28
Mon Apr 27 2026 02:15:00 GMT-0700 (Pacific Daylight Time),30
Mon Apr 27 2026 02:30:00 GMT-0700 (Pacific Daylight Time),28
Mon Apr 27 2026 02:45:00 GMT-0700 (Pacific Daylight Time),28
Mon Apr 27 2026 03:00:00 GMT-0700 (Pacific Daylight Time),30
Mon Apr 27 2026 03:15:00 GMT-0700 (Pacific Daylight Time),26
Mon Apr 27 2026 03:30:00 GMT-0700 (Pacific Daylight Time),25
Mon Apr 27 2026 03:45:00 GMT-0700 (Pacific Daylight Time),24
Mon Apr 27 2026 04:00:00 GMT-0700 (Pacific Daylight Time),23
Mon Apr 27 2026 04:15:00 GMT-0700 (Pacific Daylight Time),22
Mon Apr 27 2026 04:30:00 GMT-0700 (Pacific Daylight Time),21
Mon Apr 27 2026 04:45:00 GMT-0700 (Pacific Daylight Time),22
Mon Apr 27 2026 05:00:00 GMT-0700 (Pacific Daylight Time),21
Mon Apr 27 2026 05:15:00 GMT-0700 (Pacific Daylight Time),21
Mon Apr 27 2026 05:30:00 GMT-0700 (Pacific Daylight Time),22
Mon Apr 27 2026 05:45:00 GMT-0700 (Pacific Daylight Time),24
Mon Apr 27 2026 06:00:00 GMT-0700 (Pacific Daylight Time),24
Mon Apr 27 2026 06:15:00 GMT-0700 (Pacific Daylight Time),26
Mon Apr 27 2026 06:30:00 GMT-0700 (Pacific Daylight Time),25
Mon Apr 27 2026 06:45:00 GMT-0700 (Pacific Daylight Time),28
Mon Apr 27 2026 07:00:00 GMT-0700 (Pacific Daylight Time),29
Mon Apr 27 2026 07:15:00 GMT-0700 (Pacific Daylight Time),31
Mon Apr 27 2026 07:30:00 GMT-0700 (Pacific Daylight Time),31
Mon Apr 27 2026 07:45:00 GMT-0700 (Pacific Daylight Time),33
Mon Apr 27 2026 08:00:00 GMT-0700 (Pacific Daylight Time),36
Mon Apr 27 2026 08:15:00 GMT-0700 (Pacific Daylight Time),41
Mon Apr 27 2026 08:30:00 GMT-0700 (Pacific Daylight Time),37
Mon Apr 27 2026 08:45:00 GMT-0700 (Pacific Daylight Time),38
Mon Apr 27 2026 09:00:00 GMT-0700 (Pacific Daylight Time),46
Mon Apr 27 2026 09:15:00 GMT-0700 (Pacific Daylight Time),46
Mon Apr 27 2026 09:30:00 GMT-0700 (Pacific Daylight Time),41
Mon Apr 27 2026 09:45:00 GMT-0700 (Pacific Daylight Time),41
Mon Apr 27 2026 10:00:00 GMT-0700 (Pacific Daylight Time),41
Mon Apr 27 2026 10:15:00 GMT-0700 (Pacific Daylight Time),44
Mon Apr 27 2026 10:30:00 GMT-0700 (Pacific Daylight Time),50
Mon Apr 27 2026 10:45:00 GMT-0700 (Pacific Daylight Time),41
Mon Apr 27 2026 11:00:00 GMT-0700 (Pacific Daylight Time),42
Mon Apr 27 2026 11:15:00 GMT-0700 (Pacific Daylight Time),39
Mon Apr 27 2026 11:30:00 GMT-0700 (Pacific Daylight Time),42
Mon Apr 27 2026 11:45:00 GMT-0700 (Pacific Daylight Time),43
Mon Apr 27 2026 12:00:00 GMT-0700 (Pacific Daylight Time),51
Mon Apr 27 2026 12:15:00 GMT-0700 (Pacific Daylight Time),49
Mon Apr 27 2026 12:30:00 GMT-0700 (Pacific Daylight Time),45
Mon Apr 27 2026 12:45:00 GMT-0700 (Pacific Daylight Time),43
Mon Apr 27 2026 13:00:00 GMT-0700 (Pacific Daylight Time),43
Mon Apr 27 2026 13:15:00 GMT-0700 (Pacific Daylight Time),40
Mon Apr 27 2026 13:30:00 GMT-0700 (Pacific Daylight Time),41
Mon Apr 27 2026 13:45:00 GMT-0700 (Pacific Daylight Time),42
Mon Apr 27 2026 14:00:00 GMT-0700 (Pacific Daylight Time),45
Mon Apr 27 2026 14:15:00 GMT-0700 (Pacific Daylight Time),47
Mon Apr 27 2026 14:30:00 GMT-0700 (Pacific Daylight Time),43
Mon Apr 27 2026 14:45:00 GMT-0700 (Pacific Daylight Time),43
Mon Apr 27 2026 15:00:00 GMT-0700 (Pacific Daylight Time),43
Mon Apr 27 2026 15:15:00 GMT-0700 (Pacific Daylight Time),46
Mon Apr 27 2026 15:30:00 GMT-0700 (Pacific Daylight Time),44
Mon Apr 27 2026 15:45:00 GMT-0700 (Pacific Daylight Time),41
Mon Apr 27 2026 16:00:00 GMT-0700 (Pacific Daylight Time),43
Mon Apr 27 2026 16:15:00 GMT-0700 (Pacific Daylight Time),44
Mon Apr 27 2026 16:30:00 GMT-0700 (Pacific Daylight Time),41
Mon Apr 27 2026 16:45:00 GMT-0700 (Pacific Daylight Time),44
Mon Apr 27 2026 17:00:00 GMT-0700 (Pacific Daylight Time),43
Mon Apr 27 2026 17:15:00 GMT-0700 (Pacific Daylight Time),41
Mon Apr 27 2026 17:30:00 GMT-0700 (Pacific Daylight Time),40
Mon Apr 27 2026 17:45:00 GMT-0700 (Pacific Daylight Time),40
Mon Apr 27 2026 18:00:00 GMT-0700 (Pacific Daylight Time),40
Mon Apr 27 2026 18:15:00 GMT-0700 (Pacific Daylight Time),41
Mon Apr 27 2026 18:30:00 GMT-0700 (Pacific Daylight Time),41
Mon Apr 27 2026 18:45:00 GMT-0700 (Pacific Daylight Time),42
Mon Apr 27 2026 19:00:00 GMT-0700 (Pacific Daylight Time),43
Mon Apr 27 2026 19:15:00 GMT-0700 (Pacific Daylight Time),41
Mon Apr 27 2026 19:30:00 GMT-0700 (Pacific Daylight Time),47
Mon Apr 27 2026 19:45:00 GMT-0700 (Pacific Daylight Time),43
Mon Apr 27 2026 20:00:00 GMT-0700 (Pacific Daylight Time),40
Mon Apr 27 2026 20:15:00 GMT-0700 (Pacific Daylight Time),46
Mon Apr 27 2026 20:30:00 GMT-0700 (Pacific Daylight Time),52
Mon Apr 27 2026 20:45:00 GMT-0700 (Pacific Daylight Time),48
Mon Apr 27 2026 21:00:00 GMT-0700 (Pacific Daylight Time),44
Mon Apr 27 2026 21:15:00 GMT-0700 (Pacific Daylight Time),49
Mon Apr 27 2026 21:30:00 GMT-0700 (Pacific Daylight Time),54
Mon Apr 27 2026 21:45:00 GMT-0700 (Pacific Daylight Time),51
Mon Apr 27 2026 22:00:00 GMT-0700 (Pacific Daylight Time),50
Mon Apr 27 2026 22:15:00 GMT-0700 (Pacific Daylight Time),52
Mon Apr 27 2026 22:30:00 GMT-0700 (Pacific Daylight Time),45
Mon Apr 27 2026 22:45:00 GMT-0700 (Pacific Daylight Time),37
Mon Apr 27 2026 23:00:00 GMT-0700 (Pacific Daylight Time),39
Mon Apr 27 2026 23:15:00 GMT-0700 (Pacific Daylight Time),42
Mon Apr 27 2026 23:30:00 GMT-0700 (Pacific Daylight Time),41
Mon Apr 27 2026 23:45:00 GMT-0700 (Pacific Daylight Time),41
Tue Apr 28 2026 00:00:00 GMT-0700 (Pacific Daylight Time),36
Tue Apr 28 2026 00:15:00 GMT-0700 (Pacific Daylight Time),35
Tue Apr 28 2026 00:30:00 GMT-0700 (Pacific Daylight Time),34
Tue Apr 28 2026 00:45:00 GMT-0700 (Pacific Daylight Time),39
Tue Apr 28 2026 01:00:00 GMT-0700 (Pacific Daylight Time),31
Tue Apr 28 2026 01:15:00 GMT-0700 (Pacific Daylight Time),30
Tue Apr 28 2026 01:30:00 GMT-0700 (Pacific Daylight Time),30
Tue Apr 28 2026 01:45:00 GMT-0700 (Pacific Daylight Time),30
Tue Apr 28 2026 02:00:00 GMT-0700 (Pacific Daylight Time),27
Tue Apr 28 2026 02:15:00 GMT-0700 (Pacific Daylight Time),26
Tue Apr 28 2026 02:30:00 GMT-0700 (Pacific Daylight Time),26
Tue Apr 28 2026 02:45:00 GMT-0700 (Pacific Daylight Time),26
Tue Apr 28 2026 03:00:00 GMT-0700 (Pacific Daylight Time),24
Tue Apr 28 2026 03:15:00 GMT-0700 (Pacific Daylight Time),22
Tue Apr 28 2026 03:30:00 GMT-0700 (Pacific Daylight Time),22
Tue Apr 28 2026 03:45:00 GMT-0700 (Pacific Daylight Time),22
Tue Apr 28 2026 04:00:00 GMT-0700 (Pacific Daylight Time),22
Tue Apr 28 2026 04:15:00 GMT-0700 (Pacific Daylight Time),21
Tue Apr 28 2026 04:30:00 GMT-0700 (Pacific Daylight Time),22
Tue Apr 28 2026 04:45:00 GMT-0700 (Pacific Daylight Time),22
Tue Apr 28 2026 05:00:00 GMT-0700 (Pacific Daylight Time),22
Tue Apr 28 2026 05:15:00 GMT-0700 (Pacific Daylight Time),20
Tue Apr 28 2026 05:30:00 GMT-0700 (Pacific Daylight Time),21
Tue Apr 28 2026 05:45:00 GMT-0700 (Pacific Daylight Time),23
Tue Apr 28 2026 06:00:00 GMT-0700 (Pacific Daylight Time),23
Tue Apr 28 2026 06:15:00 GMT-0700 (Pacific Daylight Time),28
Tue Apr 28 2026 06:30:00 GMT-0700 (Pacific Daylight Time),39
Tue Apr 28 2026 06:45:00 GMT-0700 (Pacific Daylight Time),38
Tue Apr 28 2026 07:00:00 GMT-0700 (Pacific Daylight Time),40
Tue Apr 28 2026 07:15:00 GMT-0700 (Pacific Daylight Time),42
Tue Apr 28 2026 07:30:00 GMT-0700 (Pacific Daylight Time),47
Tue Apr 28 2026 07:45:00 GMT-0700 (Pacific Daylight Time),47
Tue Apr 28 2026 08:00:00 GMT-0700 (Pacific Daylight Time),49
Tue Apr 28 2026 08:15:00 GMT-0700 (Pacific Daylight Time),47
Tue Apr 28 2026 08:30:00 GMT-0700 (Pacific Daylight Time),49
Tue Apr 28 2026 08:45:00 GMT-0700 (Pacific Daylight Time),50
Tue Apr 28 2026 09:00:00 GMT-0700 (Pacific Daylight Time),53
Tue Apr 28 2026 09:15:00 GMT-0700 (Pacific Daylight Time),51
Tue Apr 28 2026 09:30:00 GMT-0700 (Pacific Daylight Time),49
Tue Apr 28 2026 09:45:00 GMT-0700 (Pacific Daylight Time),62
Tue Apr 28 2026 10:00:00 GMT-0700 (Pacific Daylight Time),65
Tue Apr 28 2026 10:15:00 GMT-0700 (Pacific Daylight Time),53
Tue Apr 28 2026 10:30:00 GMT-0700 (Pacific Daylight Time),59
Tue Apr 28 2026 10:45:00 GMT-0700 (Pacific Daylight Time),55
Tue Apr 28 2026 11:00:00 GMT-0700 (Pacific Daylight Time),53
Tue Apr 28 2026 11:15:00 GMT-0700 (Pacific Daylight Time),54
Tue Apr 28 2026 11:30:00 GMT-0700 (Pacific Daylight Time),53
Tue Apr 28 2026 11:45:00 GMT-0700 (Pacific Daylight Time),51
Tue Apr 28 2026 12:00:00 GMT-0700 (Pacific Daylight Time),48
Tue Apr 28 2026 12:15:00 GMT-0700 (Pacific Daylight Time),49
Tue Apr 28 2026 12:30:00 GMT-0700 (Pacific Daylight Time),50
Tue Apr 28 2026 12:45:00 GMT-0700 (Pacific Daylight Time),44
Tue Apr 28 2026 13:00:00 GMT-0700 (Pacific Daylight Time),46
Tue Apr 28 2026 13:15:00 GMT-0700 (Pacific Daylight Time),59
Tue Apr 28 2026 13:30:00 GMT-0700 (Pacific Daylight Time),57
Tue Apr 28 2026 13:45:00 GMT-0700 (Pacific Daylight Time),50
Tue Apr 28 2026 14:00:00 GMT-0700 (Pacific Daylight Time),41
Tue Apr 28 2026 14:15:00 GMT-0700 (Pacific Daylight Time),42
Tue Apr 28 2026 14:30:00 GMT-0700 (Pacific Daylight Time),44
Tue Apr 28 2026 14:45:00 GMT-0700 (Pacific Daylight Time),45
Tue Apr 28 2026 15:00:00 GMT-0700 (Pacific Daylight Time),45
Tue Apr 28 2026 15:15:00 GMT-0700 (Pacific Daylight Time),43
Tue Apr 28 2026 15:30:00 GMT-0700 (Pacific Daylight Time),46
Tue Apr 28 2026 15:45:00 GMT-0700 (Pacific Daylight Time),43
Tue Apr 28 2026 16:00:00 GMT-0700 (Pacific Daylight Time),41
Tue Apr 28 2026 16:15:00 GMT-0700 (Pacific Daylight Time),37
Tue Apr 28 2026 16:30:00 GMT-0700 (Pacific Daylight Time),41
Tue Apr 28 2026 16:45:00 GMT-0700 (Pacific Daylight Time),43
Tue Apr 28 2026 17:00:00 GMT-0700 (Pacific Daylight Time),45
Tue Apr 28 2026 17:15:00 GMT-0700 (Pacific Daylight Time),40
Tue Apr 28 2026 17:30:00 GMT-0700 (Pacific Daylight Time),41
Tue Apr 28 2026 17:45:00 GMT-0700 (Pacific Daylight Time),39
Tue Apr 28 2026 18:00:00 GMT-0700 (Pacific Daylight Time),40
Tue Apr 28 2026 18:15:00 GMT-0700 (Pacific Daylight Time),39
Tue Apr 28 2026 18:30:00 GMT-0700 (Pacific Daylight Time),41
Tue Apr 28 2026 18:45:00 GMT-0700 (Pacific Daylight Time),39
Tue Apr 28 2026 19:00:00 GMT-0700 (Pacific Daylight Time),38
Tue Apr 28 2026 19:15:00 GMT-0700 (Pacific Daylight Time),39
Tue Apr 28 2026 19:30:00 GMT-0700 (Pacific Daylight Time),39
Tue Apr 28 2026 19:45:00 GMT-0700 (Pacific Daylight Time),39
Tue Apr 28 2026 20:00:00 GMT-0700 (Pacific Daylight Time),43
Tue Apr 28 2026 20:15:00 GMT-0700 (Pacific Daylight Time),42
Tue Apr 28 2026 20:30:00 GMT-0700 (Pacific Daylight Time),56
Tue Apr 28 2026 20:45:00 GMT-0700 (Pacific Daylight Time),55
Tue Apr 28 2026 21:00:00 GMT-0700 (Pacific Daylight Time),51
Tue Apr 28 2026 21:15:00 GMT-0700 (Pacific Daylight Time),52
Tue Apr 28 2026 21:30:00 GMT-0700 (Pacific Daylight Time),46
Tue Apr 28 2026 21:45:00 GMT-0700 (Pacific Daylight Time),51
Tue Apr 28 2026 22:00:00 GMT-0700 (Pacific Daylight Time),51
Tue Apr 28 2026 22:15:00 GMT-0700 (Pacific Daylight Time),45
Tue Apr 28 2026 22:30:00 GMT-0700 (Pacific Daylight Time),42
Tue Apr 28 2026 22:45:00 GMT-0700 (Pacific Daylight Time),41
Tue Apr 28 2026 23:00:00 GMT-0700 (Pacific Daylight Time),37
Tue Apr 28 2026 23:15:00 GMT-0700 (Pacific Daylight Time),45
Tue Apr 28 2026 23:30:00 GMT-0700 (Pacific Daylight Time),38
Tue Apr 28 2026 23:45:00 GMT-0700 (Pacific Daylight Time),35
Wed Apr 29 2026 00:00:00 GMT-0700 (Pacific Daylight Time),35
Wed Apr 29 2026 00:15:00 GMT-0700 (Pacific Daylight Time),36
Wed Apr 29 2026 00:30:00 GMT-0700 (Pacific Daylight Time),39
Wed Apr 29 2026 00:45:00 GMT-0700 (Pacific Daylight Time),37
Wed Apr 29 2026 01:00:00 GMT-0700 (Pacific Daylight Time),32
Wed Apr 29 2026 01:15:00 GMT-0700 (Pacific Daylight Time),29
Wed Apr 29 2026 01:30:00 GMT-0700 (Pacific Daylight Time),28
Wed Apr 29 2026 01:45:00 GMT-0700 (Pacific Daylight Time),25
Wed Apr 29 2026 02:00:00 GMT-0700 (Pacific Daylight Time),26
Wed Apr 29 2026 02:15:00 GMT-0700 (Pacific Daylight Time),27
Wed Apr 29 2026 02:30:00 GMT-0700 (Pacific Daylight Time),28
Wed Apr 29 2026 02:45:00 GMT-0700 (Pacific Daylight Time),26
Wed Apr 29 2026 03:00:00 GMT-0700 (Pacific Daylight Time),23
Wed Apr 29 2026 03:15:00 GMT-0700 (Pacific Daylight Time),23
Wed Apr 29 2026 03:30:00 GMT-0700 (Pacific Daylight Time),23
Wed Apr 29 2026 03:45:00 GMT-0700 (Pacific Daylight Time),23
Wed Apr 29 2026 04:00:00 GMT-0700 (Pacific Daylight Time),22
Wed Apr 29 2026 04:15:00 GMT-0700 (Pacific Daylight Time),23
Wed Apr 29 2026 04:30:00 GMT-0700 (Pacific Daylight Time),23
Wed Apr 29 2026 04:45:00 GMT-0700 (Pacific Daylight Time),22
Wed Apr 29 2026 05:00:00 GMT-0700 (Pacific Daylight Time),22
Wed Apr 29 2026 05:15:00 GMT-0700 (Pacific Daylight Time),23
Wed Apr 29 2026 05:30:00 GMT-0700 (Pacific Daylight Time),21
Wed Apr 29 2026 05:45:00 GMT-0700 (Pacific Daylight Time),24
Wed Apr 29 2026 06:00:00 GMT-0700 (Pacific Daylight Time),25
Wed Apr 29 2026 06:15:00 GMT-0700 (Pacific Daylight Time),27
Wed Apr 29 2026 06:30:00 GMT-0700 (Pacific Daylight Time),49
Wed Apr 29 2026 06:45:00 GMT-0700 (Pacific Daylight Time),50
Wed Apr 29 2026 07:00:00 GMT-0700 (Pacific Daylight Time),46
Wed Apr 29 2026 07:15:00 GMT-0700 (Pacific Daylight Time),58
Wed Apr 29 2026 07:30:00 GMT-0700 (Pacific Daylight Time),64
Wed Apr 29 2026 07:45:00 GMT-0700 (Pacific Daylight Time),50
Wed Apr 29 2026 08:00:00 GMT-0700 (Pacific Daylight Time),47
Wed Apr 29 2026 08:15:00 GMT-0700 (Pacific Daylight Time),55
Wed Apr 29 2026 08:30:00 GMT-0700 (Pacific Daylight Time),53
Wed Apr 29 2026 08:45:00 GMT-0700 (Pacific Daylight Time),52
Wed Apr 29 2026 09:00:00 GMT-0700 (Pacific Daylight Time),51
Wed Apr 29 2026 09:15:00 GMT-0700 (Pacific Daylight Time),54
Wed Apr 29 2026 09:30:00 GMT-0700 (Pacific Daylight Time),61
Wed Apr 29 2026 09:45:00 GMT-0700 (Pacific Daylight Time),61
Wed Apr 29 2026 10:00:00 GMT-0700 (Pacific Daylight Time),53
Wed Apr 29 2026 10:15:00 GMT-0700 (Pacific Daylight Time),52
Wed Apr 29 2026 10:30:00 GMT-0700 (Pacific Daylight Time),51
Wed Apr 29 2026 10:45:00 GMT-0700 (Pacific Daylight Time),57
Wed Apr 29 2026 11:00:00 GMT-0700 (Pacific Daylight Time),56
Wed Apr 29 2026 11:15:00 GMT-0700 (Pacific Daylight Time),57
Wed Apr 29 2026 11:30:00 GMT-0700 (Pacific Daylight Time),56
Wed Apr 29 2026 11:45:00 GMT-0700 (Pacific Daylight Time),56
Wed Apr 29 2026 12:00:00 GMT-0700 (Pacific Daylight Time),52
Wed Apr 29 2026 12:15:00 GMT-0700 (Pacific Daylight Time),57
Wed Apr 29 2026 12:30:00 GMT-0700 (Pacific Daylight Time),52
Wed Apr 29 2026 12:45:00 GMT-0700 (Pacific Daylight Time),54
Wed Apr 29 2026 13:00:00 GMT-0700 (Pacific Daylight Time),53
Wed Apr 29 2026 13:15:00 GMT-0700 (Pacific Daylight Time),53
Wed Apr 29 2026 13:30:00 GMT-0700 (Pacific Daylight Time),50
Wed Apr 29 2026 13:45:00 GMT-0700 (Pacific Daylight Time),52
Wed Apr 29 2026 14:00:00 GMT-0700 (Pacific Daylight Time),55
Wed Apr 29 2026 14:15:00 GMT-0700 (Pacific Daylight Time),56
Wed Apr 29 2026 14:30:00 GMT-0700 (Pacific Daylight Time),49
Wed Apr 29 2026 14:45:00 GMT-0700 (Pacific Daylight Time),50
Wed Apr 29 2026 15:00:00 GMT-0700 (Pacific Daylight Time),52
Wed Apr 29 2026 15:15:00 GMT-0700 (Pacific Daylight Time),52
Wed Apr 29 2026 15:30:00 GMT-0700 (Pacific Daylight Time),50
Wed Apr 29 2026 15:45:00 GMT-0700 (Pacific Daylight Time),47
Wed Apr 29 2026 16:00:00 GMT-0700 (Pacific Daylight Time),47
Wed Apr 29 2026 16:15:00 GMT-0700 (Pacific Daylight Time),51
Wed Apr 29 2026 16:30:00 GMT-0700 (Pacific Daylight Time),51
Wed Apr 29 2026 16:45:00 GMT-0700 (Pacific Daylight Time),49
Wed Apr 29 2026 17:00:00 GMT-0700 (Pacific Daylight Time),49
Wed Apr 29 2026 17:15:00 GMT-0700 (Pacific Daylight Time),55
Wed Apr 29 2026 17:30:00 GMT-0700 (Pacific Daylight Time),50
Wed Apr 29 2026 17:45:00 GMT-0700 (Pacific Daylight Time),45
Wed Apr 29 2026 18:00:00 GMT-0700 (Pacific Daylight Time),46
Wed Apr 29 2026 18:15:00 GMT-0700 (Pacific Daylight Time),46
Wed Apr 29 2026 18:30:00 GMT-0700 (Pacific Daylight Time),48
Wed Apr 29 2026 18:45:00 GMT-0700 (Pacific Daylight Time),53
Wed Apr 29 2026 19:00:00 GMT-0700 (Pacific Daylight Time),54
Wed Apr 29 2026 19:15:00 GMT-0700 (Pacific Daylight Time),50
Wed Apr 29 2026 19:30:00 GMT-0700 (Pacific Daylight Time),47
Wed Apr 29 2026 19:45:00 GMT-0700 (Pacific Daylight Time),49
Wed Apr 29 2026 20:00:00 GMT-0700 (Pacific Daylight Time),38
Wed Apr 29 2026 20:15:00 GMT-0700 (Pacific Daylight Time),35
Wed Apr 29 2026 20:30:00 GMT-0700 (Pacific Daylight Time),46
Wed Apr 29 2026 20:45:00 GMT-0700 (Pacific Daylight Time),50
Wed Apr 29 2026 21:00:00 GMT-0700 (Pacific Daylight Time),46
Wed Apr 29 2026 21:15:00 GMT-0700 (Pacific Daylight Time),50
Wed Apr 29 2026 21:30:00 GMT-0700 (Pacific Daylight Time),56
Wed Apr 29 2026 21:45:00 GMT-0700 (Pacific Daylight Time),55
Wed Apr 29 2026 22:00:00 GMT-0700 (Pacific Daylight Time),60
Wed Apr 29 2026 22:15:00 GMT-0700 (Pacific Daylight Time),44
Wed Apr 29 2026 22:30:00 GMT-0700 (Pacific Daylight Time),39
Wed Apr 29 2026 22:45:00 GMT-0700 (Pacific Daylight Time),42
Wed Apr 29 2026 23:00:00 GMT-0700 (Pacific Daylight Time),50
Wed Apr 29 2026 23:15:00 GMT-0700 (Pacific Daylight Time),44
Wed Apr 29 2026 23:30:00 GMT-0700 (Pacific Daylight Time),42
Wed Apr 29 2026 23:45:00 GMT-0700 (Pacific Daylight Time),52
Thu Apr 30 2026 00:00:00 GMT-0700 (Pacific Daylight Time),59
Thu Apr 30 2026 00:15:00 GMT-0700 (Pacific Daylight Time),47
Thu Apr 30 2026 00:30:00 GMT-0700 (Pacific Daylight Time),35
Thu Apr 30 2026 00:45:00 GMT-0700 (Pacific Daylight Time),32
Thu Apr 30 2026 01:00:00 GMT-0700 (Pacific Daylight Time),32
Thu Apr 30 2026 01:15:00 GMT-0700 (Pacific Daylight Time),38
Thu Apr 30 2026 01:30:00 GMT-0700 (Pacific Daylight Time),30
Thu Apr 30 2026 01:45:00 GMT-0700 (Pacific Daylight Time),38
Thu Apr 30 2026 02:00:00 GMT-0700 (Pacific Daylight Time),39
Thu Apr 30 2026 02:15:00 GMT-0700 (Pacific Daylight Time),33
Thu Apr 30 2026 02:30:00 GMT-0700 (Pacific Daylight Time),26
Thu Apr 30 2026 02:45:00 GMT-0700 (Pacific Daylight Time),25
Thu Apr 30 2026 03:00:00 GMT-0700 (Pacific Daylight Time),29
Thu Apr 30 2026 03:15:00 GMT-0700 (Pacific Daylight Time),26
Thu Apr 30 2026 03:30:00 GMT-0700 (Pacific Daylight Time),27
Thu Apr 30 2026 03:45:00 GMT-0700 (Pacific Daylight Time),29
Thu Apr 30 2026 04:00:00 GMT-0700 (Pacific Daylight Time),35
Thu Apr 30 2026 04:15:00 GMT-0700 (Pacific Daylight Time),32
Thu Apr 30 2026 04:30:00 GMT-0700 (Pacific Daylight Time),24
Thu Apr 30 2026 04:45:00 GMT-0700 (Pacific Daylight Time),24
Thu Apr 30 2026 05:00:00 GMT-0700 (Pacific Daylight Time),21
Thu Apr 30 2026 05:15:00 GMT-0700 (Pacific Daylight Time),20
Thu Apr 30 2026 05:30:00 GMT-0700 (Pacific Daylight Time),21
Thu Apr 30 2026 05:45:00 GMT-0700 (Pacific Daylight Time),24
Thu Apr 30 2026 06:00:00 GMT-0700 (Pacific Daylight Time),35
Thu Apr 30 2026 06:15:00 GMT-0700 (Pacific Daylight Time),35
Thu Apr 30 2026 06:30:00 GMT-0700 (Pacific Daylight Time),28
Thu Apr 30 2026 06:45:00 GMT-0700 (Pacific Daylight Time),30
Thu Apr 30 2026 07:00:00 GMT-0700 (Pacific Daylight Time),30
Thu Apr 30 2026 07:15:00 GMT-0700 (Pacific Daylight Time),33
Thu Apr 30 2026 07:30:00 GMT-0700 (Pacific Daylight Time),35
Thu Apr 30 2026 07:45:00 GMT-0700 (Pacific Daylight Time),35
Thu Apr 30 2026 08:00:00 GMT-0700 (Pacific Daylight Time),45
Thu Apr 30 2026 08:15:00 GMT-0700 (Pacific Daylight Time),54
Thu Apr 30 2026 08:30:00 GMT-0700 (Pacific Daylight Time),53
Thu Apr 30 2026 08:45:00 GMT-0700 (Pacific Daylight Time),45
Thu Apr 30 2026 09:00:00 GMT-0700 (Pacific Daylight Time),43
Thu Apr 30 2026 09:15:00 GMT-0700 (Pacific Daylight Time),49
Thu Apr 30 2026 09:30:00 GMT-0700 (Pacific Daylight Time),48
Thu Apr 30 2026 09:45:00 GMT-0700 (Pacific Daylight Time),49
Thu Apr 30 2026 10:00:00 GMT-0700 (Pacific Daylight Time),55
Thu Apr 30 2026 10:15:00 GMT-0700 (Pacific Daylight Time),53
Thu Apr 30 2026 10:30:00 GMT-0700 (Pacific Daylight Time),54
Thu Apr 30 2026 10:45:00 GMT-0700 (Pacific Daylight Time),48
Thu Apr 30 2026 11:00:00 GMT-0700 (Pacific Daylight Time),44
Thu Apr 30 2026 11:15:00 GMT-0700 (Pacific Daylight Time),53
Thu Apr 30 2026 11:30:00 GMT-0700 (Pacific Daylight Time),55
Thu Apr 30 2026 11:45:00 GMT-0700 (Pacific Daylight Time),53
Thu Apr 30 2026 12:00:00 GMT-0700 (Pacific Daylight Time),49
Thu Apr 30 2026 12:15:00 GMT-0700 (Pacific Daylight Time),50
Thu Apr 30 2026 12:30:00 GMT-0700 (Pacific Daylight Time),58
Thu Apr 30 2026 12:45:00 GMT-0700 (Pacific Daylight Time),52
Thu Apr 30 2026 13:00:00 GMT-0700 (Pacific Daylight Time),47
Thu Apr 30 2026 13:15:00 GMT-0700 (Pacific Daylight Time),50
Thu Apr 30 2026 13:30:00 GMT-0700 (Pacific Daylight Time),57
Thu Apr 30 2026 13:45:00 GMT-0700 (Pacific Daylight Time),68
Thu Apr 30 2026 14:00:00 GMT-0700 (Pacific Daylight Time),53
Thu Apr 30 2026 14:15:00 GMT-0700 (Pacific Daylight Time),42
Thu Apr 30 2026 14:30:00 GMT-0700 (Pacific Daylight Time),62
Thu Apr 30 2026 14:45:00 GMT-0700 (Pacific Daylight Time),60
Thu Apr 30 2026 15:00:00 GMT-0700 (Pacific Daylight Time),57
Thu Apr 30 2026 15:15:00 GMT-0700 (Pacific Daylight Time),63
Thu Apr 30 2026 15:30:00 GMT-0700 (Pacific Daylight Time),65
Thu Apr 30 2026 15:45:00 GMT-0700 (Pacific Daylight Time),64
Thu Apr 30 2026 16:00:00 GMT-0700 (Pacific Daylight Time),69
Thu Apr 30 2026 16:15:00 GMT-0700 (Pacific Daylight Time),60
Thu Apr 30 2026 16:30:00 GMT-0700 (Pacific Daylight Time),58
Thu Apr 30 2026 16:45:00 GMT-0700 (Pacific Daylight Time),65
Thu Apr 30 2026 17:00:00 GMT-0700 (Pacific Daylight Time),65
Thu Apr 30 2026 17:15:00 GMT-0700 (Pacific Daylight Time),61
Thu Apr 30 2026 17:30:00 GMT-0700 (Pacific Daylight Time),62
Thu Apr 30 2026 17:45:00 GMT-0700 (Pacific Daylight Time),55
Thu Apr 30 2026 18:00:00 GMT-0700 (Pacific Daylight Time),56
Thu Apr 30 2026 18:15:00 GMT-0700 (Pacific Daylight Time),50
Thu Apr 30 2026 18:30:00 GMT-0700 (Pacific Daylight Time),51
Thu Apr 30 2026 18:45:00 GMT-0700 (Pacific Daylight Time),52
Thu Apr 30 2026 19:00:00 GMT-0700 (Pacific Daylight Time),55
Thu Apr 30 2026 19:15:00 GMT-0700 (Pacific Daylight Time),48
Thu Apr 30 2026 19:30:00 GMT-0700 (Pacific Daylight Time),48
Thu Apr 30 2026 19:45:00 GMT-0700 (Pacific Daylight Time),41
Thu Apr 30 2026 20:00:00 GMT-0700 (Pacific Daylight Time),42
Thu Apr 30 2026 20:15:00 GMT-0700 (Pacific Daylight Time),53
Thu Apr 30 2026 20:30:00 GMT-0700 (Pacific Daylight Time),53
Thu Apr 30 2026 20:45:00 GMT-0700 (Pacific Daylight Time),53
Thu Apr 30 2026 21:00:00 GMT-0700 (Pacific Daylight Time),65
Thu Apr 30 2026 21:15:00 GMT-0700 (Pacific Daylight Time),55
Thu Apr 30 2026 21:30:00 GMT-0700 (Pacific Daylight Time),57
Thu Apr 30 2026 21:45:00 GMT-0700 (Pacific Daylight Time),55
Thu Apr 30 2026 22:00:00 GMT-0700 (Pacific Daylight Time),62
Thu Apr 30 2026 22:15:00 GMT-0700 (Pacific Daylight Time),58
Thu Apr 30 2026 22:30:00 GMT-0700 (Pacific Daylight Time),57
Thu Apr 30 2026 22:45:00 GMT-0700 (Pacific Daylight Time),52
Thu Apr 30 2026 23:00:00 GMT-0700 (Pacific Daylight Time),54
Thu Apr 30 2026 23:15:00 GMT-0700 (Pacific Daylight Time),48
Thu Apr 30 2026 23:30:00 GMT-0700 (Pacific Daylight Time),37
Thu Apr 30 2026 23:45:00 GMT-0700 (Pacific Daylight Time),41
Fri May 01 2026 00:00:00 GMT-0700 (Pacific Daylight Time),47
Fri May 01 2026 00:15:00 GMT-0700 (Pacific Daylight Time),45
Fri May 01 2026 00:30:00 GMT-0700 (Pacific Daylight Time),51
Fri May 01 2026 00:45:00 GMT-0700 (Pacific Daylight Time),44
Fri May 01 2026 01:00:00 GMT-0700 (Pacific Daylight Time),43
Fri May 01 2026 01:15:00 GMT-0700 (Pacific Daylight Time),47
Fri May 01 2026 01:30:00 GMT-0700 (Pacific Daylight Time),41
Fri May 01 2026 01:45:00 GMT-0700 (Pacific Daylight Time),39
Fri May 01 2026 02:00:00 GMT-0700 (Pacific Daylight Time),39
Fri May 01 2026 02:15:00 GMT-0700 (Pacific Daylight Time),37
Fri May 01 2026 02:30:00 GMT-0700 (Pacific Daylight Time),39
Fri May 01 2026 02:45:00 GMT-0700 (Pacific Daylight Time),36
Fri May 01 2026 03:00:00 GMT-0700 (Pacific Daylight Time),35
Fri May 01 2026 03:15:00 GMT-0700 (Pacific Daylight Time),36
Fri May 01 2026 03:30:00 GMT-0700 (Pacific Daylight Time),36
Fri May 01 2026 03:45:00 GMT-0700 (Pacific Daylight Time),35
Fri May 01 2026 04:00:00 GMT-0700 (Pacific Daylight Time),34
Fri May 01 2026 04:15:00 GMT-0700 (Pacific Daylight Time),33
Fri May 01 2026 04:30:00 GMT-0700 (Pacific Daylight Time),33
Fri May 01 2026 04:45:00 GMT-0700 (Pacific Daylight Time),32
Fri May 01 2026 05:00:00 GMT-0700 (Pacific Daylight Time),31
Fri May 01 2026 05:15:00 GMT-0700 (Pacific Daylight Time),31
Fri May 01 2026 05:30:00 GMT-0700 (Pacific Daylight Time),31
Fri May 01 2026 05:45:00 GMT-0700 (Pacific Daylight Time),34
Fri May 01 2026 06:00:00 GMT-0700 (Pacific Daylight Time),33
Fri May 01 2026 06:15:00 GMT-0700 (Pacific Daylight Time),35
Fri May 01 2026 06:30:00 GMT-0700 (Pacific Daylight Time),36
Fri May 01 2026 06:45:00 GMT-0700 (Pacific Daylight Time),38
Fri May 01 2026 07:00:00 GMT-0700 (Pacific Daylight Time),41
Fri May 01 2026 07:15:00 GMT-0700 (Pacific Daylight Time),42
Fri May 01 2026 07:30:00 GMT-0700 (Pacific Daylight Time),43
Fri May 01 2026 07:45:00 GMT-0700 (Pacific Daylight Time),42
Fri May 01 2026 08:00:00 GMT-0700 (Pacific Daylight Time),47
Fri May 01 2026 08:15:00 GMT-0700 (Pacific Daylight Time),48
Fri May 01 2026 08:30:00 GMT-0700 (Pacific Daylight Time),50
Fri May 01 2026 08:45:00 GMT-0700 (Pacific Daylight Time),55
Fri May 01 2026 09:00:00 GMT-0700 (Pacific Daylight Time),56
Fri May 01 2026 09:15:00 GMT-0700 (Pacific Daylight Time),57
Fri May 01 2026 09:30:00 GMT-0700 (Pacific Daylight Time),58
Fri May 01 2026 09:45:00 GMT-0700 (Pacific Daylight Time),57
Fri May 01 2026 10:00:00 GMT-0700 (Pacific Daylight Time),62
Fri May 01 2026 10:15:00 GMT-0700 (Pacific Daylight Time),64
Fri May 01 2026 10:30:00 GMT-0700 (Pacific Daylight Time),54
Fri May 01 2026 10:45:00 GMT-0700 (Pacific Daylight Time),59
Fri May 01 2026 11:00:00 GMT-0700 (Pacific Daylight Time),54
Fri May 01 2026 11:15:00 GMT-0700 (Pacific Daylight Time),54
Fri May 01 2026 11:30:00 GMT-0700 (Pacific Daylight Time),49
Fri May 01 2026 11:45:00 GMT-0700 (Pacific Daylight Time),54
Fri May 01 2026 12:00:00 GMT-0700 (Pacific Daylight Time),55
Fri May 01 2026 12:15:00 GMT-0700 (Pacific Daylight Time),60
Fri May 01 2026 12:30:00 GMT-0700 (Pacific Daylight Time),60
Fri May 01 2026 12:45:00 GMT-0700 (Pacific Daylight Time),55
Fri May 01 2026 13:00:00 GMT-0700 (Pacific Daylight Time),56
Fri May 01 2026 13:15:00 GMT-0700 (Pacific Daylight Time),57
Fri May 01 2026 13:30:00 GMT-0700 (Pacific Daylight Time),55
Fri May 01 2026 13:45:00 GMT-0700 (Pacific Daylight Time),51
Fri May 01 2026 14:00:00 GMT-0700 (Pacific Daylight Time),53
Fri May 01 2026 14:15:00 GMT-0700 (Pacific Daylight Time),54
Fri May 01 2026 14:30:00 GMT-0700 (Pacific Daylight Time),56
Fri May 01 2026 14:45:00 GMT-0700 (Pacific Daylight Time),54
Fri May 01 2026 15:00:00 GMT-0700 (Pacific Daylight Time),52
Fri May 01 2026 15:15:00 GMT-0700 (Pacific Daylight Time),54
Fri May 01 2026 15:30:00 GMT-0700 (Pacific Daylight Time),48
Fri May 01 2026 15:45:00 GMT-0700 (Pacific Daylight Time),54
Fri May 01 2026 16:00:00 GMT-0700 (Pacific Daylight Time),48
Fri May 01 2026 16:15:00 GMT-0700 (Pacific Daylight Time),49
Fri May 01 2026 16:30:00 GMT-0700 (Pacific Daylight Time),40
Fri May 01 2026 16:45:00 GMT-0700 (Pacific Daylight Time),42
Fri May 01 2026 17:00:00 GMT-0700 (Pacific Daylight Time),52
Fri May 01 2026 17:15:00 GMT-0700 (Pacific Daylight Time),49
Fri May 01 2026 17:30:00 GMT-0700 (Pacific Daylight Time),48
Fri May 01 2026 17:45:00 GMT-0700 (Pacific Daylight Time),45
Fri May 01 2026 18:00:00 GMT-0700 (Pacific Daylight Time),49
Fri May 01 2026 18:15:00 GMT-0700 (Pacific Daylight Time),55
Fri May 01 2026 18:30:00 GMT-0700 (Pacific Daylight Time),49
Fri May 01 2026 18:45:00 GMT-0700 (Pacific Daylight Time),51
Fri May 01 2026 19:00:00 GMT-0700 (Pacific Daylight Time),48
Fri May 01 2026 19:15:00 GMT-0700 (Pacific Daylight Time),47
Fri May 01 2026 19:30:00 GMT-0700 (Pacific Daylight Time),48
Fri May 01 2026 19:45:00 GMT-0700 (Pacific Daylight Time),52
Fri May 01 2026 20:00:00 GMT-0700 (Pacific Daylight Time),55
Fri May 01 2026 20:15:00 GMT-0700 (Pacific Daylight Time),49
Fri May 01 2026 20:30:00 GMT-0700 (Pacific Daylight Time),51
Fri May 01 2026 20:45:00 GMT-0700 (Pacific Daylight Time),48
Fri May 01 2026 21:00:00 GMT-0700 (Pacific Daylight Time),45
Fri May 01 2026 21:15:00 GMT-0700 (Pacific Daylight Time),46
Fri May 01 2026 21:30:00 GMT-0700 (Pacific Daylight Time),50
Fri May 01 2026 21:45:00 GMT-0700 (Pacific Daylight Time),49
Fri May 01 2026 22:00:00 GMT-0700 (Pacific Daylight Time),52
Fri May 01 2026 22:15:00 GMT-0700 (Pacific Daylight Time),49
Fri May 01 2026 22:30:00 GMT-0700 (Pacific Daylight Time),45
Fri May 01 2026 22:45:00 GMT-0700 (Pacific Daylight Time),48
Fri May 01 2026 23:00:00 GMT-0700 (Pacific Daylight Time),47
Fri May 01 2026 23:15:00 GMT-0700 (Pacific Daylight Time),45
Fri May 01 2026 23:30:00 GMT-0700 (Pacific Daylight Time),45
Fri May 01 2026 23:45:00 GMT-0700 (Pacific Daylight Time),44
Sat May 02 2026 00:00:00 GMT-0700 (Pacific Daylight Time),42
Sat May 02 2026 00:15:00 GMT-0700 (Pacific Daylight Time),39
Sat May 02 2026 00:30:00 GMT-0700 (Pacific Daylight Time),39
Sat May 02 2026 00:45:00 GMT-0700 (Pacific Daylight Time),38
Sat May 02 2026 01:00:00 GMT-0700 (Pacific Daylight Time),37
Sat May 02 2026 01:15:00 GMT-0700 (Pacific Daylight Time),45
Sat May 02 2026 01:30:00 GMT-0700 (Pacific Daylight Time),45
Sat May 02 2026 01:45:00 GMT-0700 (Pacific Daylight Time),41
Sat May 02 2026 02:00:00 GMT-0700 (Pacific Daylight Time),40
Sat May 02 2026 02:15:00 GMT-0700 (Pacific Daylight Time),41
Sat May 02 2026 02:30:00 GMT-0700 (Pacific Daylight Time),39
Sat May 02 2026 02:45:00 GMT-0700 (Pacific Daylight Time),36
Sat May 02 2026 03:00:00 GMT-0700 (Pacific Daylight Time),39
Sat May 02 2026 03:15:00 GMT-0700 (Pacific Daylight Time),35
Sat May 02 2026 03:30:00 GMT-0700 (Pacific Daylight Time),34
Sat May 02 2026 03:45:00 GMT-0700 (Pacific Daylight Time),33
Sat May 02 2026 04:00:00 GMT-0700 (Pacific Daylight Time),32
Sat May 02 2026 04:15:00 GMT-0700 (Pacific Daylight Time),32
Sat May 02 2026 04:30:00 GMT-0700 (Pacific Daylight Time),31
Sat May 02 2026 04:45:00 GMT-0700 (Pacific Daylight Time),32
Sat May 02 2026 05:00:00 GMT-0700 (Pacific Daylight Time),31
Sat May 02 2026 05:15:00 GMT-0700 (Pacific Daylight Time),31
Sat May 02 2026 05:30:00 GMT-0700 (Pacific Daylight Time),31
Sat May 02 2026 05:45:00 GMT-0700 (Pacific Daylight Time),32
Sat May 02 2026 06:00:00 GMT-0700 (Pacific Daylight Time),34
Sat May 02 2026 06:15:00 GMT-0700 (Pacific Daylight Time),34
Sat May 02 2026 06:30:00 GMT-0700 (Pacific Daylight Time),32
Sat May 02 2026 06:45:00 GMT-0700 (Pacific Daylight Time),35
Sat May 02 2026 07:00:00 GMT-0700 (Pacific Daylight Time),37
Sat May 02 2026 07:15:00 GMT-0700 (Pacific Daylight Time),40
Sat May 02 2026 07:30:00 GMT-0700 (Pacific Daylight Time),41
Sat May 02 2026 07:45:00 GMT-0700 (Pacific Daylight Time),41
Sat May 02 2026 08:00:00 GMT-0700 (Pacific Daylight Time),38
Sat May 02 2026 08:15:00 GMT-0700 (Pacific Daylight Time),38
Sat May 02 2026 08:30:00 GMT-0700 (Pacific Daylight Time),42
Sat May 02 2026 08:45:00 GMT-0700 (Pacific Daylight Time),50
Sat May 02 2026 09:00:00 GMT-0700 (Pacific Daylight Time),53
Sat May 02 2026 09:15:00 GMT-0700 (Pacific Daylight Time),55
Sat May 02 2026 09:30:00 GMT-0700 (Pacific Daylight Time),49
Sat May 02 2026 09:45:00 GMT-0700 (Pacific Daylight Time),54
Sat May 02 2026 10:00:00 GMT-0700 (Pacific Daylight Time),51
Sat May 02 2026 10:15:00 GMT-0700 (Pacific Daylight Time),55
Sat May 02 2026 10:30:00 GMT-0700 (Pacific Daylight Time),49
Sat May 02 2026 10:45:00 GMT-0700 (Pacific Daylight Time),51
Sat May 02 2026 11:00:00 GMT-0700 (Pacific Daylight Time),51
Sat May 02 2026 11:15:00 GMT-0700 (Pacific Daylight Time),51
Sat May 02 2026 11:30:00 GMT-0700 (Pacific Daylight Time),55
Sat May 02 2026 11:45:00 GMT-0700 (Pacific Daylight Time),52
Sat May 02 2026 12:00:00 GMT-0700 (Pacific Daylight Time),52
Sat May 02 2026 12:15:00 GMT-0700 (Pacific Daylight Time),50
Sat May 02 2026 12:30:00 GMT-0700 (Pacific Daylight Time),54
Sat May 02 2026 12:45:00 GMT-0700 (Pacific Daylight Time),55
Sat May 02 2026 13:00:00 GMT-0700 (Pacific Daylight Time),54
Sat May 02 2026 13:15:00 GMT-0700 (Pacific Daylight Time),54
Sat May 02 2026 13:30:00 GMT-0700 (Pacific Daylight Time),52
Sat May 02 2026 13:45:00 GMT-0700 (Pacific Daylight Time),52
Sat May 02 2026 14:00:00 GMT-0700 (Pacific Daylight Time),52
Sat May 02 2026 14:15:00 GMT-0700 (Pacific Daylight Time),60
Sat May 02 2026 14:30:00 GMT-0700 (Pacific Daylight Time),52
Sat May 02 2026 14:45:00 GMT-0700 (Pacific Daylight Time),48
Sat May 02 2026 15:00:00 GMT-0700 (Pacific Daylight Time),47
Sat May 02 2026 15:15:00 GMT-0700 (Pacific Daylight Time),46
Sat May 02 2026 15:30:00 GMT-0700 (Pacific Daylight Time),47
Sat May 02 2026 15:45:00 GMT-0700 (Pacific Daylight Time),44
Sat May 02 2026 16:00:00 GMT-0700 (Pacific Daylight Time),44
Sat May 02 2026 16:15:00 GMT-0700 (Pacific Daylight Time),41
Sat May 02 2026 16:30:00 GMT-0700 (Pacific Daylight Time),43
Sat May 02 2026 16:45:00 GMT-0700 (Pacific Daylight Time),46
Sat May 02 2026 17:00:00 GMT-0700 (Pacific Daylight Time),46
Sat May 02 2026 17:15:00 GMT-0700 (Pacific Daylight Time),44
Sat May 02 2026 17:30:00 GMT-0700 (Pacific Daylight Time),41
Sat May 02 2026 17:45:00 GMT-0700 (Pacific Daylight Time),47
Sat May 02 2026 18:00:00 GMT-0700 (Pacific Daylight Time),45
Sat May 02 2026 18:15:00 GMT-0700 (Pacific Daylight Time),49
Sat May 02 2026 18:30:00 GMT-0700 (Pacific Daylight Time),37
Sat May 02 2026 18:45:00 GMT-0700 (Pacific Daylight Time),36
Sat May 02 2026 19:00:00 GMT-0700 (Pacific Daylight Time),51
Sat May 02 2026 19:15:00 GMT-0700 (Pacific Daylight Time),47
Sat May 02 2026 19:30:00 GMT-0700 (Pacific Daylight Time),46
Sat May 02 2026 19:45:00 GMT-0700 (Pacific Daylight Time),47
Sat May 02 2026 20:00:00 GMT-0700 (Pacific Daylight Time),52
Sat May 02 2026 20:15:00 GMT-0700 (Pacific Daylight Time),58
Sat May 02 2026 20:30:00 GMT-0700 (Pacific Daylight Time),50
Sat May 02 2026 20:45:00 GMT-0700 (Pacific Daylight Time),49
Sat May 02 2026 21:00:00 GMT-0700 (Pacific Daylight Time),50
Sat May 02 2026 21:15:00 GMT-0700 (Pacific Daylight Time),53
Sat May 02 2026 21:30:00 GMT-0700 (Pacific Daylight Time),47
Sat May 02 2026 21:45:00 GMT-0700 (Pacific Daylight Time),45
Sat May 02 2026 22:00:00 GMT-0700 (Pacific Daylight Time),47
Sat May 02 2026 22:15:00 GMT-0700 (Pacific Daylight Time),44
Sat May 02 2026 22:30:00 GMT-0700 (Pacific Daylight Time),42
Sat May 02 2026 22:45:00 GMT-0700 (Pacific Daylight Time),39
Sat May 02 2026 23:00:00 GMT-0700 (Pacific Daylight Time),40
Sat May 02 2026 23:15:00 GMT-0700 (Pacific Daylight Time),38
Sat May 02 2026 23:30:00 GMT-0700 (Pacific Daylight Time),42
Sat May 02 2026 23:45:00 GMT-0700 (Pacific Daylight Time),38
Sun May 03 2026 00:00:00 GMT-0700 (Pacific Daylight Time),47
Sun May 03 2026 00:15:00 GMT-0700 (Pacific Daylight Time),45
Sun May 03 2026 00:30:00 GMT-0700 (Pacific Daylight Time),39
Sun May 03 2026 00:45:00 GMT-0700 (Pacific Daylight Time),42
Sun May 03 2026 01:00:00 GMT-0700 (Pacific Daylight Time),37
Sun May 03 2026 01:15:00 GMT-0700 (Pacific Daylight Time),35
Sun May 03 2026 01:30:00 GMT-0700 (Pacific Daylight Time),35
Sun May 03 2026 01:45:00 GMT-0700 (Pacific Daylight Time),40
Sun May 03 2026 02:00:00 GMT-0700 (Pacific Daylight Time),42
Sun May 03 2026 02:15:00 GMT-0700 (Pacific Daylight Time),38
Sun May 03 2026 02:30:00 GMT-0700 (Pacific Daylight Time),36
Sun May 03 2026 02:45:00 GMT-0700 (Pacific Daylight Time),36
Sun May 03 2026 03:00:00 GMT-0700 (Pacific Daylight Time),39
Sun May 03 2026 03:15:00 GMT-0700 (Pacific Daylight Time),33
Sun May 03 2026 03:30:00 GMT-0700 (Pacific Daylight Time),34
Sun May 03 2026 03:45:00 GMT-0700 (Pacific Daylight Time),34
Sun May 03 2026 04:00:00 GMT-0700 (Pacific Daylight Time),32
Sun May 03 2026 04:15:00 GMT-0700 (Pacific Daylight Time),32
Sun May 03 2026 04:30:00 GMT-0700 (Pacific Daylight Time),31
Sun May 03 2026 04:45:00 GMT-0700 (Pacific Daylight Time),30
Sun May 03 2026 05:00:00 GMT-0700 (Pacific Daylight Time),30
Sun May 03 2026 05:15:00 GMT-0700 (Pacific Daylight Time),30
Sun May 03 2026 05:30:00 GMT-0700 (Pacific Daylight Time),29
Sun May 03 2026 05:45:00 GMT-0700 (Pacific Daylight Time),30
Sun May 03 2026 06:00:00 GMT-0700 (Pacific Daylight Time),30
Sun May 03 2026 06:15:00 GMT-0700 (Pacific Daylight Time),30
Sun May 03 2026 06:30:00 GMT-0700 (Pacific Daylight Time),30
Sun May 03 2026 06:45:00 GMT-0700 (Pacific Daylight Time),32
Sun May 03 2026 07:00:00 GMT-0700 (Pacific Daylight Time),33
Sun May 03 2026 07:15:00 GMT-0700 (Pacific Daylight Time),34
Sun May 03 2026 07:30:00 GMT-0700 (Pacific Daylight Time),39
Sun May 03 2026 07:45:00 GMT-0700 (Pacific Daylight Time),38
Sun May 03 2026 08:00:00 GMT-0700 (Pacific Daylight Time),40
Sun May 03 2026 08:15:00 GMT-0700 (Pacific Daylight Time),41
Sun May 03 2026 08:30:00 GMT-0700 (Pacific Daylight Time),53
Sun May 03 2026 08:45:00 GMT-0700 (Pacific Daylight Time),49
Sun May 03 2026 09:00:00 GMT-0700 (Pacific Daylight Time),48
Sun May 03 2026 09:15:00 GMT-0700 (Pacific Daylight Time),53
Sun May 03 2026 09:30:00 GMT-0700 (Pacific Daylight Time),51
Sun May 03 2026 09:45:00 GMT-0700 (Pacific Daylight Time),53
Sun May 03 2026 10:00:00 GMT-0700 (Pacific Daylight Time),50
Sun May 03 2026 10:15:00 GMT-0700 (Pacific Daylight Time),47
Sun May 03 2026 10:30:00 GMT-0700 (Pacific Daylight Time),47
Sun May 03 2026 10:45:00 GMT-0700 (Pacific Daylight Time),47
Sun May 03 2026 11:00:00 GMT-0700 (Pacific Daylight Time),59
Sun May 03 2026 11:15:00 GMT-0700 (Pacific Daylight Time),54
Sun May 03 2026 11:30:00 GMT-0700 (Pacific Daylight Time),52
Sun May 03 2026 11:45:00 GMT-0700 (Pacific Daylight Time),54
Sun May 03 2026 12:00:00 GMT-0700 (Pacific Daylight Time),55
Sun May 03 2026 12:15:00 GMT-0700 (Pacific Daylight Time),62
Sun May 03 2026 12:30:00 GMT-0700 (Pacific Daylight Time),63
Sun May 03 2026 12:45:00 GMT-0700 (Pacific Daylight Time),67
Sun May 03 2026 13:00:00 GMT-0700 (Pacific Daylight Time),64
Sun May 03 2026 13:15:00 GMT-0700 (Pacific Daylight Time),61
Sun May 03 2026 13:30:00 GMT-0700 (Pacific Daylight Time),65
Sun May 03 2026 13:45:00 GMT-0700 (Pacific Daylight Time),64
Sun May 03 2026 14:00:00 GMT-0700 (Pacific Daylight Time),69
Sun May 03 2026 14:15:00 GMT-0700 (Pacific Daylight Time),71
Sun May 03 2026 14:30:00 GMT-0700 (Pacific Daylight Time),66
Sun May 03 2026 14:45:00 GMT-0700 (Pacific Daylight Time),70
Sun May 03 2026 15:00:00 GMT-0700 (Pacific Daylight Time),73
Sun May 03 2026 15:15:00 GMT-0700 (Pacific Daylight Time),70
Sun May 03 2026 15:30:00 GMT-0700 (Pacific Daylight Time),66
Sun May 03 2026 15:45:00 GMT-0700 (Pacific Daylight Time),66
Sun May 03 2026 16:00:00 GMT-0700 (Pacific Daylight Time),65
Sun May 03 2026 16:15:00 GMT-0700 (Pacific Daylight Time),67
Sun May 03 2026 16:30:00 GMT-0700 (Pacific Daylight Time),68
Sun May 03 2026 16:45:00 GMT-0700 (Pacific Daylight Time),71
Sun May 03 2026 17:00:00 GMT-0700 (Pacific Daylight Time),68
Sun May 03 2026 17:15:00 GMT-0700 (Pacific Daylight Time),68
Sun May 03 2026 17:30:00 GMT-0700 (Pacific Daylight Time),69
Sun May 03 2026 17:45:00 GMT-0700 (Pacific Daylight Time),69
Sun May 03 2026 18:00:00 GMT-0700 (Pacific Daylight Time),66
Sun May 03 2026 18:15:00 GMT-0700 (Pacific Daylight Time),68
Sun May 03 2026 18:30:00 GMT-0700 (Pacific Daylight Time),68
Sun May 03 2026 18:45:00 GMT-0700 (Pacific Daylight Time),70
Sun May 03 2026 19:00:00 GMT-0700 (Pacific Daylight Time),65
Sun May 03 2026 19:15:00 GMT-0700 (Pacific Daylight Time),66
Sun May 03 2026 19:30:00 GMT-0700 (Pacific Daylight Time),61
Sun May 03 2026 19:45:00 GMT-0700 (Pacific Daylight Time),62
Sun May 03 2026 20:00:00 GMT-0700 (Pacific Daylight Time),67
Sun May 03 2026 20:15:00 GMT-0700 (Pacific Daylight Time),64
Sun May 03 2026 20:30:00 GMT-0700 (Pacific Daylight Time),65
Sun May 03 2026 20:45:00 GMT-0700 (Pacific Daylight Time),57
Sun May 03 2026 21:00:00 GMT-0700 (Pacific Daylight Time),60
Sun May 03 2026 21:15:00 GMT-0700 (Pacific Daylight Time),63
Sun May 03 2026 21:30:00 GMT-0700 (Pacific Daylight Time),61
Sun May 03 2026 21:45:00 GMT-0700 (Pacific Daylight Time),62
Sun May 03 2026 22:00:00 GMT-0700 (Pacific Daylight Time),66
Sun May 03 2026 22:15:00 GMT-0700 (Pacific Daylight Time),42
Sun May 03 2026 22:30:00 GMT-0700 (Pacific Daylight Time),46
Sun May 03 2026 22:45:00 GMT-0700 (Pacific Daylight Time),39
Sun May 03 2026 23:00:00 GMT-0700 (Pacific Daylight Time),47
Sun May 03 2026 23:15:00 GMT-0700 (Pacific Daylight Time),43
Sun May 03 2026 23:30:00 GMT-0700 (Pacific Daylight Time),41
Sun May 03 2026 23:45:00 GMT-0700 (Pacific Daylight Time),49
Mon May 04 2026 00:00:00 GMT-0700 (Pacific Daylight Time),51
Mon May 04 2026 00:15:00 GMT-0700 (Pacific Daylight Time),45
Mon May 04 2026 00:30:00 GMT-0700 (Pacific Daylight Time),44
Mon May 04 2026 00:45:00 GMT-0700 (Pacific Daylight Time),43
Mon May 04 2026 01:00:00 GMT-0700 (Pacific Daylight Time),50
Mon May 04 2026 01:15:00 GMT-0700 (Pacific Daylight Time),46
Mon May 04 2026 01:30:00 GMT-0700 (Pacific Daylight Time),41
Mon May 04 2026 01:45:00 GMT-0700 (Pacific Daylight Time),38
Mon May 04 2026 02:00:00 GMT-0700 (Pacific Daylight Time),38
Mon May 04 2026 02:15:00 GMT-0700 (Pacific Daylight Time),40
Mon May 04 2026 02:30:00 GMT-0700 (Pacific Daylight Time),37
Mon May 04 2026 02:45:00 GMT-0700 (Pacific Daylight Time),39
Mon May 04 2026 03:00:00 GMT-0700 (Pacific Daylight Time),39
Mon May 04 2026 03:15:00 GMT-0700 (Pacific Daylight Time),37
Mon May 04 2026 03:30:00 GMT-0700 (Pacific Daylight Time),37
Mon May 04 2026 03:45:00 GMT-0700 (Pacific Daylight Time),33
Mon May 04 2026 04:00:00 GMT-0700 (Pacific Daylight Time),32
Mon May 04 2026 04:15:00 GMT-0700 (Pacific Daylight Time),32
Mon May 04 2026 04:30:00 GMT-0700 (Pacific Daylight Time),33
Mon May 04 2026 04:45:00 GMT-0700 (Pacific Daylight Time),29
Mon May 04 2026 05:00:00 GMT-0700 (Pacific Daylight Time),22
Mon May 04 2026 05:15:00 GMT-0700 (Pacific Daylight Time),32
Mon May 04 2026 05:30:00 GMT-0700 (Pacific Daylight Time),31
Mon May 04 2026 05:45:00 GMT-0700 (Pacific Daylight Time),33
Mon May 04 2026 06:00:00 GMT-0700 (Pacific Daylight Time),34
Mon May 04 2026 06:15:00 GMT-0700 (Pacific Daylight Time),36
Mon May 04 2026 06:30:00 GMT-0700 (Pacific Daylight Time),37
Mon May 04 2026 06:45:00 GMT-0700 (Pacific Daylight Time),39
Mon May 04 2026 07:00:00 GMT-0700 (Pacific Daylight Time),39
Mon May 04 2026 07:15:00 GMT-0700 (Pacific Daylight Time),44
Mon May 04 2026 07:30:00 GMT-0700 (Pacific Daylight Time),47
Mon May 04 2026 07:45:00 GMT-0700 (Pacific Daylight Time),47
Mon May 04 2026 08:00:00 GMT-0700 (Pacific Daylight Time),42
Mon May 04 2026 08:15:00 GMT-0700 (Pacific Daylight Time),47
Mon May 04 2026 08:30:00 GMT-0700 (Pacific Daylight Time),50
Mon May 04 2026 08:45:00 GMT-0700 (Pacific Daylight Time),51
Mon May 04 2026 09:00:00 GMT-0700 (Pacific Daylight Time),48
Mon May 04 2026 09:15:00 GMT-0700 (Pacific Daylight Time),52
Mon May 04 2026 09:30:00 GMT-0700 (Pacific Daylight Time),55
Mon May 04 2026 09:45:00 GMT-0700 (Pacific Daylight Time),53
Mon May 04 2026 10:00:00 GMT-0700 (Pacific Daylight Time),53
Mon May 04 2026 10:15:00 GMT-0700 (Pacific Daylight Time),49
Mon May 04 2026 10:30:00 GMT-0700 (Pacific Daylight Time),54
Mon May 04 2026 10:45:00 GMT-0700 (Pacific Daylight Time),52
Mon May 04 2026 11:00:00 GMT-0700 (Pacific Daylight Time),49
Mon May 04 2026 11:15:00 GMT-0700 (Pacific Daylight Time),58
Mon May 04 2026 11:30:00 GMT-0700 (Pacific Daylight Time),55
Mon May 04 2026 11:45:00 GMT-0700 (Pacific Daylight Time),54
Mon May 04 2026 12:00:00 GMT-0700 (Pacific Daylight Time),53
Mon May 04 2026 12:15:00 GMT-0700 (Pacific Daylight Time),55
Mon May 04 2026 12:30:00 GMT-0700 (Pacific Daylight Time),55
Mon May 04 2026 12:45:00 GMT-0700 (Pacific Daylight Time),52
Mon May 04 2026 13:00:00 GMT-0700 (Pacific Daylight Time),52
Mon May 04 2026 13:15:00 GMT-0700 (Pacific Daylight Time),52
Mon May 04 2026 13:30:00 GMT-0700 (Pacific Daylight Time),48
Mon May 04 2026 13:45:00 GMT-0700 (Pacific Daylight Time),47
Mon May 04 2026 14:00:00 GMT-0700 (Pacific Daylight Time),50
Mon May 04 2026 14:15:00 GMT-0700 (Pacific Daylight Time),46
Mon May 04 2026 14:30:00 GMT-0700 (Pacific Daylight Time),47
Mon May 04 2026 14:45:00 GMT-0700 (Pacific Daylight Time),47
Mon May 04 2026 15:00:00 GMT-0700 (Pacific Daylight Time),51
Mon May 04 2026 15:15:00 GMT-0700 (Pacific Daylight Time),49
Mon May 04 2026 15:30:00 GMT-0700 (Pacific Daylight Time),49
Mon May 04 2026 15:45:00 GMT-0700 (Pacific Daylight Time),47
Mon May 04 2026 16:00:00 GMT-0700 (Pacific Daylight Time),53
Mon May 04 2026 16:15:00 GMT-0700 (Pacific Daylight Time),52
Mon May 04 2026 16:30:00 GMT-0700 (Pacific Daylight Time),48
Mon May 04 2026 16:45:00 GMT-0700 (Pacific Daylight Time),47
Mon May 04 2026 17:00:00 GMT-0700 (Pacific Daylight Time),45
Mon May 04 2026 17:15:00 GMT-0700 (Pacific Daylight Time),45
Mon May 04 2026 17:30:00 GMT-0700 (Pacific Daylight Time),46
Mon May 04 2026 17:45:00 GMT-0700 (Pacific Daylight Time),50
Mon May 04 2026 18:00:00 GMT-0700 (Pacific Daylight Time),38
Mon May 04 2026 18:15:00 GMT-0700 (Pacific Daylight Time),40
Mon May 04 2026 18:30:00 GMT-0700 (Pacific Daylight Time),47
Mon May 04 2026 18:45:00 GMT-0700 (Pacific Daylight Time),36
Mon May 04 2026 19:00:00 GMT-0700 (Pacific Daylight Time),49
Mon May 04 2026 19:15:00 GMT-0700 (Pacific Daylight Time),57
Mon May 04 2026 19:30:00 GMT-0700 (Pacific Daylight Time),42
Mon May 04 2026 19:45:00 GMT-0700 (Pacific Daylight Time),41
Mon May 04 2026 20:00:00 GMT-0700 (Pacific Daylight Time),59
Mon May 04 2026 20:15:00 GMT-0700 (Pacific Daylight Time),53
Mon May 04 2026 20:30:00 GMT-0700 (Pacific Daylight Time),41
Mon May 04 2026 20:45:00 GMT-0700 (Pacific Daylight Time),53
Mon May 04 2026 21:00:00 GMT-0700 (Pacific Daylight Time),56
Mon May 04 2026 21:15:00 GMT-0700 (Pacific Daylight Time),60
Mon May 04 2026 21:30:00 GMT-0700 (Pacific Daylight Time),58
Mon May 04 2026 21:45:00 GMT-0700 (Pacific Daylight Time),54
Mon May 04 2026 22:00:00 GMT-0700 (Pacific Daylight Time),54
Mon May 04 2026 22:15:00 GMT-0700 (Pacific Daylight Time),47
Mon May 04 2026 22:30:00 GMT-0700 (Pacific Daylight Time),55
Mon May 04 2026 22:45:00 GMT-0700 (Pacific Daylight Time),52
Mon May 04 2026 23:00:00 GMT-0700 (Pacific Daylight Time),51
Mon May 04 2026 23:15:00 GMT-0700 (Pacific Daylight Time),51
Mon May 04 2026 23:30:00 GMT-0700 (Pacific Daylight Time),48
Mon May 04 2026 23:45:00 GMT-0700 (Pacific Daylight Time),37
Tue May 05 2026 00:00:00 GMT-0700 (Pacific Daylight Time),37
Tue May 05 2026 00:15:00 GMT-0700 (Pacific Daylight Time),52
Tue May 05 2026 00:30:00 GMT-0700 (Pacific Daylight Time),49
Tue May 05 2026 00:45:00 GMT-0700 (Pacific Daylight Time),45
Tue May 05 2026 01:00:00 GMT-0700 (Pacific Daylight Time),30
Tue May 05 2026 01:15:00 GMT-0700 (Pacific Daylight Time),33
Tue May 05 2026 01:30:00 GMT-0700 (Pacific Daylight Time),35
Tue May 05 2026 01:45:00 GMT-0700 (Pacific Daylight Time),40
Tue May 05 2026 02:00:00 GMT-0700 (Pacific Daylight Time),40
Tue May 05 2026 02:15:00 GMT-0700 (Pacific Daylight Time),32
Tue May 05 2026 02:30:00 GMT-0700 (Pacific Daylight Time),25
Tue May 05 2026 02:45:00 GMT-0700 (Pacific Daylight Time),26
Tue May 05 2026 03:00:00 GMT-0700 (Pacific Daylight Time),36
Tue May 05 2026 03:15:00 GMT-0700 (Pacific Daylight Time),37
Tue May 05 2026 03:30:00 GMT-0700 (Pacific Daylight Time),35
Tue May 05 2026 03:45:00 GMT-0700 (Pacific Daylight Time),23
Tue May 05 2026 04:00:00 GMT-0700 (Pacific Daylight Time),20
Tue May 05 2026 04:15:00 GMT-0700 (Pacific Daylight Time),26
Tue May 05 2026 04:30:00 GMT-0700 (Pacific Daylight Time),33
Tue May 05 2026 04:45:00 GMT-0700 (Pacific Daylight Time),27
Tue May 05 2026 05:00:00 GMT-0700 (Pacific Daylight Time),20
Tue May 05 2026 05:15:00 GMT-0700 (Pacific Daylight Time),29
Tue May 05 2026 05:30:00 GMT-0700 (Pacific Daylight Time),31
Tue May 05 2026 05:45:00 GMT-0700 (Pacific Daylight Time),34
Tue May 05 2026 06:00:00 GMT-0700 (Pacific Daylight Time),34
Tue May 05 2026 06:15:00 GMT-0700 (Pacific Daylight Time),35
Tue May 05 2026 06:30:00 GMT-0700 (Pacific Daylight Time),36
Tue May 05 2026 06:45:00 GMT-0700 (Pacific Daylight Time),42
Tue May 05 2026 07:00:00 GMT-0700 (Pacific Daylight Time),41
Tue May 05 2026 07:15:00 GMT-0700 (Pacific Daylight Time),43
Tue May 05 2026 07:30:00 GMT-0700 (Pacific Daylight Time),49
Tue May 05 2026 07:45:00 GMT-0700 (Pacific Daylight Time),46
Tue May 05 2026 08:00:00 GMT-0700 (Pacific Daylight Time),46
Tue May 05 2026 08:15:00 GMT-0700 (Pacific Daylight Time),44
Tue May 05 2026 08:30:00 GMT-0700 (Pacific Daylight Time),53
Tue May 05 2026 08:45:00 GMT-0700 (Pacific Daylight Time),52
Tue May 05 2026 09:00:00 GMT-0700 (Pacific Daylight Time),52
Tue May 05 2026 09:15:00 GMT-0700 (Pacific Daylight Time),57
Tue May 05 2026 09:30:00 GMT-0700 (Pacific Daylight Time),56
Tue May 05 2026 09:45:00 GMT-0700 (Pacific Daylight Time),60
Tue May 05 2026 10:00:00 GMT-0700 (Pacific Daylight Time),56
Tue May 05 2026 10:15:00 GMT-0700 (Pacific Daylight Time),55
Tue May 05 2026 10:30:00 GMT-0700 (Pacific Daylight Time),52
Tue May 05 2026 10:45:00 GMT-0700 (Pacific Daylight Time),53
Tue May 05 2026 11:00:00 GMT-0700 (Pacific Daylight Time),52
Tue May 05 2026 11:15:00 GMT-0700 (Pacific Daylight Time),49
Tue May 05 2026 11:30:00 GMT-0700 (Pacific Daylight Time),46
Tue May 05 2026 11:45:00 GMT-0700 (Pacific Daylight Time),45
Tue May 05 2026 12:00:00 GMT-0700 (Pacific Daylight Time),46
Tue May 05 2026 12:15:00 GMT-0700 (Pacific Daylight Time),45
Tue May 05 2026 12:30:00 GMT-0700 (Pacific Daylight Time),49
Tue May 05 2026 12:45:00 GMT-0700 (Pacific Daylight Time),48
Tue May 05 2026 13:00:00 GMT-0700 (Pacific Daylight Time),40
Tue May 05 2026 13:15:00 GMT-0700 (Pacific Daylight Time),36
Tue May 05 2026 13:30:00 GMT-0700 (Pacific Daylight Time),53
Tue May 05 2026 13:45:00 GMT-0700 (Pacific Daylight Time),52
Tue May 05 2026 14:00:00 GMT-0700 (Pacific Daylight Time),53
Tue May 05 2026 14:15:00 GMT-0700 (Pacific Daylight Time),65
Tue May 05 2026 14:30:00 GMT-0700 (Pacific Daylight Time),51
Tue May 05 2026 14:45:00 GMT-0700 (Pacific Daylight Time),55
Tue May 05 2026 15:00:00 GMT-0700 (Pacific Daylight Time),49
Tue May 05 2026 15:15:00 GMT-0700 (Pacific Daylight Time),48
Tue May 05 2026 15:30:00 GMT-0700 (Pacific Daylight Time),51
Tue May 05 2026 15:45:00 GMT-0700 (Pacific Daylight Time),47
Tue May 05 2026 16:00:00 GMT-0700 (Pacific Daylight Time),45
Tue May 05 2026 16:15:00 GMT-0700 (Pacific Daylight Time),45
Tue May 05 2026 16:30:00 GMT-0700 (Pacific Daylight Time),49
Tue May 05 2026 16:45:00 GMT-0700 (Pacific Daylight Time),44
Tue May 05 2026 17:00:00 GMT-0700 (Pacific Daylight Time),57
Tue May 05 2026 17:15:00 GMT-0700 (Pacific Daylight Time),56
Tue May 05 2026 17:30:00 GMT-0700 (Pacific Daylight Time),50
Tue May 05 2026 17:45:00 GMT-0700 (Pacific Daylight Time),57
Tue May 05 2026 18:00:00 GMT-0700 (Pacific Daylight Time),50
Tue May 05 2026 18:15:00 GMT-0700 (Pacific Daylight Time),49
Tue May 05 2026 18:30:00 GMT-0700 (Pacific Daylight Time),49
Tue May 05 2026 18:45:00 GMT-0700 (Pacific Daylight Time),36
Tue May 05 2026 19:00:00 GMT-0700 (Pacific Daylight Time),46
Tue May 05 2026 19:15:00 GMT-0700 (Pacific Daylight Time),43
Tue May 05 2026 19:30:00 GMT-0700 (Pacific Daylight Time),43
Tue May 05 2026 19:45:00 GMT-0700 (Pacific Daylight Time),51
Tue May 05 2026 20:00:00 GMT-0700 (Pacific Daylight Time),52
Tue May 05 2026 20:15:00 GMT-0700 (Pacific Daylight Time),56
Tue May 05 2026 20:30:00 GMT-0700 (Pacific Daylight Time),61
Tue May 05 2026 20:45:00 GMT-0700 (Pacific Daylight Time),56
Tue May 05 2026 21:00:00 GMT-0700 (Pacific Daylight Time),51
Tue May 05 2026 21:15:00 GMT-0700 (Pacific Daylight Time),53
Tue May 05 2026 21:30:00 GMT-0700 (Pacific Daylight Time),60
Tue May 05 2026 21:45:00 GMT-0700 (Pacific Daylight Time),59
Tue May 05 2026 22:00:00 GMT-0700 (Pacific Daylight Time),55
Tue May 05 2026 22:15:00 GMT-0700 (Pacific Daylight Time),53
Tue May 05 2026 22:30:00 GMT-0700 (Pacific Daylight Time),54
Tue May 05 2026 22:45:00 GMT-0700 (Pacific Daylight Time),54
Tue May 05 2026 23:00:00 GMT-0700 (Pacific Daylight Time),54
Tue May 05 2026 23:15:00 GMT-0700 (Pacific Daylight Time),53
Tue May 05 2026 23:30:00 GMT-0700 (Pacific Daylight Time),47
Tue May 05 2026 23:45:00 GMT-0700 (Pacific Daylight Time),37
Wed May 06 2026 00:00:00 GMT-0700 (Pacific Daylight Time),36
Wed May 06 2026 00:15:00 GMT-0700 (Pacific Daylight Time),43
Wed May 06 2026 00:30:00 GMT-0700 (Pacific Daylight Time),40
Wed May 06 2026 00:45:00 GMT-0700 (Pacific Daylight Time),37
Wed May 06 2026 01:00:00 GMT-0700 (Pacific Daylight Time),27
Wed May 06 2026 01:15:00 GMT-0700 (Pacific Daylight Time),29
Wed May 06 2026 01:30:00 GMT-0700 (Pacific Daylight Time),36
Wed May 06 2026 01:45:00 GMT-0700 (Pacific Daylight Time),40
Wed May 06 2026 02:00:00 GMT-0700 (Pacific Daylight Time),39
Wed May 06 2026 02:15:00 GMT-0700 (Pacific Daylight Time),30
Wed May 06 2026 02:30:00 GMT-0700 (Pacific Daylight Time),25
Wed May 06 2026 02:45:00 GMT-0700 (Pacific Daylight Time),23
Wed May 06 2026 03:00:00 GMT-0700 (Pacific Daylight Time),32
Wed May 06 2026 03:15:00 GMT-0700 (Pacific Daylight Time),32
Wed May 06 2026 03:30:00 GMT-0700 (Pacific Daylight Time),30
Wed May 06 2026 03:45:00 GMT-0700 (Pacific Daylight Time),20
Wed May 06 2026 04:00:00 GMT-0700 (Pacific Daylight Time),20
Wed May 06 2026 04:15:00 GMT-0700 (Pacific Daylight Time),27
Wed May 06 2026 04:30:00 GMT-0700 (Pacific Daylight Time),31
Wed May 06 2026 04:45:00 GMT-0700 (Pacific Daylight Time),32
Wed May 06 2026 05:00:00 GMT-0700 (Pacific Daylight Time),25
Wed May 06 2026 05:15:00 GMT-0700 (Pacific Daylight Time),19
Wed May 06 2026 05:30:00 GMT-0700 (Pacific Daylight Time),24
Wed May 06 2026 05:45:00 GMT-0700 (Pacific Daylight Time),34
Wed May 06 2026 06:00:00 GMT-0700 (Pacific Daylight Time),33
Wed May 06 2026 06:15:00 GMT-0700 (Pacific Daylight Time),36
Wed May 06 2026 06:30:00 GMT-0700 (Pacific Daylight Time),35
Wed May 06 2026 06:45:00 GMT-0700 (Pacific Daylight Time),38
Wed May 06 2026 07:00:00 GMT-0700 (Pacific Daylight Time),39
Wed May 06 2026 07:15:00 GMT-0700 (Pacific Daylight Time),43
Wed May 06 2026 07:30:00 GMT-0700 (Pacific Daylight Time),48
Wed May 06 2026 07:45:00 GMT-0700 (Pacific Daylight Time),45
Wed May 06 2026 08:00:00 GMT-0700 (Pacific Daylight Time),54
Wed May 06 2026 08:15:00 GMT-0700 (Pacific Daylight Time),53
Wed May 06 2026 08:30:00 GMT-0700 (Pacific Daylight Time),51
Wed May 06 2026 08:45:00 GMT-0700 (Pacific Daylight Time),52
Wed May 06 2026 09:00:00 GMT-0700 (Pacific Daylight Time),53
Wed May 06 2026 09:15:00 GMT-0700 (Pacific Daylight Time),54
Wed May 06 2026 09:30:00 GMT-0700 (Pacific Daylight Time),53
Wed May 06 2026 09:45:00 GMT-0700 (Pacific Daylight Time),58
Wed May 06 2026 10:00:00 GMT-0700 (Pacific Daylight Time),62
Wed May 06 2026 10:15:00 GMT-0700 (Pacific Daylight Time),59
Wed May 06 2026 10:30:00 GMT-0700 (Pacific Daylight Time),60
Wed May 06 2026 10:45:00 GMT-0700 (Pacific Daylight Time),57
Wed May 06 2026 11:00:00 GMT-0700 (Pacific Daylight Time),54
Wed May 06 2026 11:15:00 GMT-0700 (Pacific Daylight Time),56
Wed May 06 2026 11:30:00 GMT-0700 (Pacific Daylight Time),50
Wed May 06 2026 11:45:00 GMT-0700 (Pacific Daylight Time),50
Wed May 06 2026 12:00:00 GMT-0700 (Pacific Daylight Time),49
Wed May 06 2026 12:15:00 GMT-0700 (Pacific Daylight Time),58
Wed May 06 2026 12:30:00 GMT-0700 (Pacific Daylight Time),53
Wed May 06 2026 12:45:00 GMT-0700 (Pacific Daylight Time),54
Wed May 06 2026 13:00:00 GMT-0700 (Pacific Daylight Time),59
Wed May 06 2026 13:15:00 GMT-0700 (Pacific Daylight Time),55
Wed May 06 2026 13:30:00 GMT-0700 (Pacific Daylight Time),46
Wed May 06 2026 13:45:00 GMT-0700 (Pacific Daylight Time),47
Wed May 06 2026 14:00:00 GMT-0700 (Pacific Daylight Time),57
Wed May 06 2026 14:15:00 GMT-0700 (Pacific Daylight Time),54
Wed May 06 2026 14:30:00 GMT-0700 (Pacific Daylight Time),52
Wed May 06 2026 14:45:00 GMT-0700 (Pacific Daylight Time),52
Wed May 06 2026 15:00:00 GMT-0700 (Pacific Daylight Time),52
Wed May 06 2026 15:15:00 GMT-0700 (Pacific Daylight Time),55
Wed May 06 2026 15:30:00 GMT-0700 (Pacific Daylight Time),52
Wed May 06 2026 15:45:00 GMT-0700 (Pacific Daylight Time),46
Wed May 06 2026 16:00:00 GMT-0700 (Pacific Daylight Time),42
Wed May 06 2026 16:15:00 GMT-0700 (Pacific Daylight Time),55
Wed May 06 2026 16:30:00 GMT-0700 (Pacific Daylight Time),42
Wed May 06 2026 16:45:00 GMT-0700 (Pacific Daylight Time),41
Wed May 06 2026 17:00:00 GMT-0700 (Pacific Daylight Time),52
Wed May 06 2026 17:15:00 GMT-0700 (Pacific Daylight Time),46
Wed May 06 2026 17:30:00 GMT-0700 (Pacific Daylight Time),47
Wed May 06 2026 17:45:00 GMT-0700 (Pacific Daylight Time),50
Wed May 06 2026 18:00:00 GMT-0700 (Pacific Daylight Time),47
Wed May 06 2026 18:15:00 GMT-0700 (Pacific Daylight Time),57
Wed May 06 2026 18:30:00 GMT-0700 (Pacific Daylight Time),54
Wed May 06 2026 18:45:00 GMT-0700 (Pacific Daylight Time),54
Wed May 06 2026 19:00:00 GMT-0700 (Pacific Daylight Time),53
Wed May 06 2026 19:15:00 GMT-0700 (Pacific Daylight Time),50
Wed May 06 2026 19:30:00 GMT-0700 (Pacific Daylight Time),56
Wed May 06 2026 19:45:00 GMT-0700 (Pacific Daylight Time),55
Wed May 06 2026 20:00:00 GMT-0700 (Pacific Daylight Time),56
Wed May 06 2026 20:15:00 GMT-0700 (Pacific Daylight Time),51
Wed May 06 2026 20:30:00 GMT-0700 (Pacific Daylight Time),53
Wed May 06 2026 20:45:00 GMT-0700 (Pacific Daylight Time),63
Wed May 06 2026 21:00:00 GMT-0700 (Pacific Daylight Time),57
Wed May 06 2026 21:15:00 GMT-0700 (Pacific Daylight Time),60
Wed May 06 2026 21:30:00 GMT-0700 (Pacific Daylight Time),59
Wed May 06 2026 21:45:00 GMT-0700 (Pacific Daylight Time),57
Wed May 06 2026 22:00:00 GMT-0700 (Pacific Daylight Time),59
Wed May 06 2026 22:15:00 GMT-0700 (Pacific Daylight Time),56
Wed May 06 2026 22:30:00 GMT-0700 (Pacific Daylight Time),50
Wed May 06 2026 22:45:00 GMT-0700 (Pacific Daylight Time),52
Wed May 06 2026 23:00:00 GMT-0700 (Pacific Daylight Time),55
Wed May 06 2026 23:15:00 GMT-0700 (Pacific Daylight Time),46
Wed May 06 2026 23:30:00 GMT-0700 (Pacific Daylight Time),48
Wed May 06 2026 23:45:00 GMT-0700 (Pacific Daylight Time),35
Thu May 07 2026 00:00:00 GMT-0700 (Pacific Daylight Time),33
Thu May 07 2026 00:15:00 GMT-0700 (Pacific Daylight Time),44
Thu May 07 2026 00:30:00 GMT-0700 (Pacific Daylight Time),49
Thu May 07 2026 00:45:00 GMT-0700 (Pacific Daylight Time),47
Thu May 07 2026 01:00:00 GMT-0700 (Pacific Daylight Time),31
Thu May 07 2026 01:15:00 GMT-0700 (Pacific Daylight Time),29
Thu May 07 2026 01:30:00 GMT-0700 (Pacific Daylight Time),42
Thu May 07 2026 01:45:00 GMT-0700 (Pacific Daylight Time),47
Thu May 07 2026 02:00:00 GMT-0700 (Pacific Daylight Time),45
Thu May 07 2026 02:15:00 GMT-0700 (Pacific Daylight Time),36
Thu May 07 2026 02:30:00 GMT-0700 (Pacific Daylight Time),28
Thu May 07 2026 02:45:00 GMT-0700 (Pacific Daylight Time),26
Thu May 07 2026 03:00:00 GMT-0700 (Pacific Daylight Time),35
Thu May 07 2026 03:15:00 GMT-0700 (Pacific Daylight Time),35
Thu May 07 2026 03:30:00 GMT-0700 (Pacific Daylight Time),33
Thu May 07 2026 03:45:00 GMT-0700 (Pacific Daylight Time),25
Thu May 07 2026 04:00:00 GMT-0700 (Pacific Daylight Time),22
Thu May 07 2026 04:15:00 GMT-0700 (Pacific Daylight Time),30
Thu May 07 2026 04:30:00 GMT-0700 (Pacific Daylight Time),34
Thu May 07 2026 04:45:00 GMT-0700 (Pacific Daylight Time),34
Thu May 07 2026 05:00:00 GMT-0700 (Pacific Daylight Time),25
Thu May 07 2026 05:15:00 GMT-0700 (Pacific Daylight Time),25
Thu May 07 2026 05:30:00 GMT-0700 (Pacific Daylight Time),34
Thu May 07 2026 05:45:00 GMT-0700 (Pacific Daylight Time),24
Thu May 07 2026 06:00:00 GMT-0700 (Pacific Daylight Time),37
Thu May 07 2026 06:15:00 GMT-0700 (Pacific Daylight Time),39
Thu May 07 2026 06:30:00 GMT-0700 (Pacific Daylight Time),37
Thu May 07 2026 06:45:00 GMT-0700 (Pacific Daylight Time),45
Thu May 07 2026 07:00:00 GMT-0700 (Pacific Daylight Time),44
Thu May 07 2026 07:15:00 GMT-0700 (Pacific Daylight Time),44
Thu May 07 2026 07:30:00 GMT-0700 (Pacific Daylight Time),47
Thu May 07 2026 07:45:00 GMT-0700 (Pacific Daylight Time),46
Thu May 07 2026 08:00:00 GMT-0700 (Pacific Daylight Time),53
Thu May 07 2026 08:15:00 GMT-0700 (Pacific Daylight Time),49
Thu May 07 2026 08:30:00 GMT-0700 (Pacific Daylight Time),48
Thu May 07 2026 08:45:00 GMT-0700 (Pacific Daylight Time),47
Thu May 07 2026 09:00:00 GMT-0700 (Pacific Daylight Time),49
Thu May 07 2026 09:15:00 GMT-0700 (Pacific Daylight Time),61
Thu May 07 2026 09:30:00 GMT-0700 (Pacific Daylight Time),61
Thu May 07 2026 09:45:00 GMT-0700 (Pacific Daylight Time),55
Thu May 07 2026 10:00:00 GMT-0700 (Pacific Daylight Time),57
Thu May 07 2026 10:15:00 GMT-0700 (Pacific Daylight Time),55
Thu May 07 2026 10:30:00 GMT-0700 (Pacific Daylight Time),61
Thu May 07 2026 10:45:00 GMT-0700 (Pacific Daylight Time),53
Thu May 07 2026 11:00:00 GMT-0700 (Pacific Daylight Time),53
Thu May 07 2026 11:15:00 GMT-0700 (Pacific Daylight Time),63
Thu May 07 2026 11:30:00 GMT-0700 (Pacific Daylight Time),57
Thu May 07 2026 11:45:00 GMT-0700 (Pacific Daylight Time),50
Thu May 07 2026 12:00:00 GMT-0700 (Pacific Daylight Time),50
Thu May 07 2026 12:15:00 GMT-0700 (Pacific Daylight Time),54
Thu May 07 2026 12:30:00 GMT-0700 (Pacific Daylight Time),53
Thu May 07 2026 12:45:00 GMT-0700 (Pacific Daylight Time),52
Thu May 07 2026 13:00:00 GMT-0700 (Pacific Daylight Time),51
Thu May 07 2026 13:15:00 GMT-0700 (Pacific Daylight Time),54
Thu May 07 2026 13:30:00 GMT-0700 (Pacific Daylight Time),61
Thu May 07 2026 13:45:00 GMT-0700 (Pacific Daylight Time),60
Thu May 07 2026 14:00:00 GMT-0700 (Pacific Daylight Time),52
Thu May 07 2026 14:15:00 GMT-0700 (Pacific Daylight Time),50
Thu May 07 2026 14:30:00 GMT-0700 (Pacific Daylight Time),52
Thu May 07 2026 14:45:00 GMT-0700 (Pacific Daylight Time),54
Thu May 07 2026 15:00:00 GMT-0700 (Pacific Daylight Time),58
Thu May 07 2026 15:15:00 GMT-0700 (Pacific Daylight Time),57
Thu May 07 2026 15:30:00 GMT-0700 (Pacific Daylight Time),60
Thu May 07 2026 15:45:00 GMT-0700 (Pacific Daylight Time),50
Thu May 07 2026 16:00:00 GMT-0700 (Pacific Daylight Time),41
Thu May 07 2026 16:15:00 GMT-0700 (Pacific Daylight Time),60
Thu May 07 2026 16:30:00 GMT-0700 (Pacific Daylight Time),61
Thu May 07 2026 16:45:00 GMT-0700 (Pacific Daylight Time),55
Thu May 07 2026 17:00:00 GMT-0700 (Pacific Daylight Time),51
Thu May 07 2026 17:15:00 GMT-0700 (Pacific Daylight Time),47
Thu May 07 2026 17:30:00 GMT-0700 (Pacific Daylight Time),50
Thu May 07 2026 17:45:00 GMT-0700 (Pacific Daylight Time),54
Thu May 07 2026 18:00:00 GMT-0700 (Pacific Daylight Time),51
Thu May 07 2026 18:15:00 GMT-0700 (Pacific Daylight Time),48
Thu May 07 2026 18:30:00 GMT-0700 (Pacific Daylight Time),56
Thu May 07 2026 18:45:00 GMT-0700 (Pacific Daylight Time),54
Thu May 07 2026 19:00:00 GMT-0700 (Pacific Daylight Time),53
Thu May 07 2026 19:15:00 GMT-0700 (Pacific Daylight Time),39
Thu May 07 2026 19:30:00 GMT-0700 (Pacific Daylight Time),40
Thu May 07 2026 19:45:00 GMT-0700 (Pacific Daylight Time),56
Thu May 07 2026 20:00:00 GMT-0700 (Pacific Daylight Time),54
Thu May 07 2026 20:15:00 GMT-0700 (Pacific Daylight Time),40
Thu May 07 2026 20:30:00 GMT-0700 (Pacific Daylight Time),48
Thu May 07 2026 20:45:00 GMT-0700 (Pacific Daylight Time),58
Thu May 07 2026 21:00:00 GMT-0700 (Pacific Daylight Time),48
Thu May 07 2026 21:15:00 GMT-0700 (Pacific Daylight Time),45
Thu May 07 2026 21:30:00 GMT-0700 (Pacific Daylight Time),52
Thu May 07 2026 21:45:00 GMT-0700 (Pacific Daylight Time),60
Thu May 07 2026 22:00:00 GMT-0700 (Pacific Daylight Time),55
Thu May 07 2026 22:15:00 GMT-0700 (Pacific Daylight Time),51
Thu May 07 2026 22:30:00 GMT-0700 (Pacific Daylight Time),43
Thu May 07 2026 22:45:00 GMT-0700 (Pacific Daylight Time),51
Thu May 07 2026 23:00:00 GMT-0700 (Pacific Daylight Time),48
Thu May 07 2026 23:15:00 GMT-0700 (Pacific Daylight Time),41
Thu May 07 2026 23:30:00 GMT-0700 (Pacific Daylight Time),34
Thu May 07 2026 23:45:00 GMT-0700 (Pacific Daylight Time),42
Fri May 08 2026 00:00:00 GMT-0700 (Pacific Daylight Time),40
Fri May 08 2026 00:15:00 GMT-0700 (Pacific Daylight Time),32
Fri May 08 2026 00:30:00 GMT-0700 (Pacific Daylight Time),31
Fri May 08 2026 00:45:00 GMT-0700 (Pacific Daylight Time),39
Fri May 08 2026 01:00:00 GMT-0700 (Pacific Daylight Time),44
Fri May 08 2026 01:15:00 GMT-0700 (Pacific Daylight Time),42
Fri May 08 2026 01:30:00 GMT-0700 (Pacific Daylight Time),33
Fri May 08 2026 01:45:00 GMT-0700 (Pacific Daylight Time),27
Fri May 08 2026 02:00:00 GMT-0700 (Pacific Daylight Time),27
Fri May 08 2026 02:15:00 GMT-0700 (Pacific Daylight Time),37
Fri May 08 2026 02:30:00 GMT-0700 (Pacific Daylight Time),37
Fri May 08 2026 02:45:00 GMT-0700 (Pacific Daylight Time),32
Fri May 08 2026 03:00:00 GMT-0700 (Pacific Daylight Time),25
Fri May 08 2026 03:15:00 GMT-0700 (Pacific Daylight Time),28
Fri May 08 2026 03:30:00 GMT-0700 (Pacific Daylight Time),35
Fri May 08 2026 03:45:00 GMT-0700 (Pacific Daylight Time),33
Fri May 08 2026 04:00:00 GMT-0700 (Pacific Daylight Time),22
Fri May 08 2026 04:15:00 GMT-0700 (Pacific Daylight Time),25
Fri May 08 2026 04:30:00 GMT-0700 (Pacific Daylight Time),33
Fri May 08 2026 04:45:00 GMT-0700 (Pacific Daylight Time),35
Fri May 08 2026 05:00:00 GMT-0700 (Pacific Daylight Time),33
Fri May 08 2026 05:15:00 GMT-0700 (Pacific Daylight Time),21
Fri May 08 2026 05:30:00 GMT-0700 (Pacific Daylight Time),31
Fri May 08 2026 05:45:00 GMT-0700 (Pacific Daylight Time),34
Fri May 08 2026 06:00:00 GMT-0700 (Pacific Daylight Time),36
Fri May 08 2026 06:15:00 GMT-0700 (Pacific Daylight Time),36
Fri May 08 2026 06:30:00 GMT-0700 (Pacific Daylight Time),36
Fri May 08 2026 06:45:00 GMT-0700 (Pacific Daylight Time),40
Fri May 08 2026 07:00:00 GMT-0700 (Pacific Daylight Time),40
Fri May 08 2026 07:15:00 GMT-0700 (Pacific Daylight Time),43
Fri May 08 2026 07:30:00 GMT-0700 (Pacific Daylight Time),34
Fri May 08 2026 07:45:00 GMT-0700 (Pacific Daylight Time),41
Fri May 08 2026 08:00:00 GMT-0700 (Pacific Daylight Time),46
Fri May 08 2026 08:15:00 GMT-0700 (Pacific Daylight Time),46
Fri May 08 2026 08:30:00 GMT-0700 (Pacific Daylight Time),45
Fri May 08 2026 08:45:00 GMT-0700 (Pacific Daylight Time),52
Fri May 08 2026 09:00:00 GMT-0700 (Pacific Daylight Time),47
Fri May 08 2026 09:15:00 GMT-0700 (Pacific Daylight Time),57
Fri May 08 2026 09:30:00 GMT-0700 (Pacific Daylight Time),55
Fri May 08 2026 09:45:00 GMT-0700 (Pacific Daylight Time),61
Fri May 08 2026 10:00:00 GMT-0700 (Pacific Daylight Time),53
Fri May 08 2026 10:15:00 GMT-0700 (Pacific Daylight Time),55
Fri May 08 2026 10:30:00 GMT-0700 (Pacific Daylight Time),55
Fri May 08 2026 10:45:00 GMT-0700 (Pacific Daylight Time),48
Fri May 08 2026 11:00:00 GMT-0700 (Pacific Daylight Time),46
Fri May 08 2026 11:15:00 GMT-0700 (Pacific Daylight Time),52
Fri May 08 2026 11:30:00 GMT-0700 (Pacific Daylight Time),59
Fri May 08 2026 11:45:00 GMT-0700 (Pacific Daylight Time),53
Fri May 08 2026 12:00:00 GMT-0700 (Pacific Daylight Time),42
Fri May 08 2026 12:15:00 GMT-0700 (Pacific Daylight Time),55
Fri May 08 2026 12:30:00 GMT-0700 (Pacific Daylight Time),54
Fri May 08 2026 12:45:00 GMT-0700 (Pacific Daylight Time),51
Fri May 08 2026 13:00:00 GMT-0700 (Pacific Daylight Time),51
Fri May 08 2026 13:15:00 GMT-0700 (Pacific Daylight Time),49
Fri May 08 2026 13:30:00 GMT-0700 (Pacific Daylight Time),48
Fri May 08 2026 13:45:00 GMT-0700 (Pacific Daylight Time),54
Fri May 08 2026 14:00:00 GMT-0700 (Pacific Daylight Time),51
Fri May 08 2026 14:15:00 GMT-0700 (Pacific Daylight Time),47
Fri May 08 2026 14:30:00 GMT-0700 (Pacific Daylight Time),49
Fri May 08 2026 14:45:00 GMT-0700 (Pacific Daylight Time),47
Fri May 08 2026 15:00:00 GMT-0700 (Pacific Daylight Time),47
Fri May 08 2026 15:15:00 GMT-0700 (Pacific Daylight Time),51
Fri May 08 2026 15:30:00 GMT-0700 (Pacific Daylight Time),51
Fri May 08 2026 15:45:00 GMT-0700 (Pacific Daylight Time),44
Fri May 08 2026 16:00:00 GMT-0700 (Pacific Daylight Time),43
Fri May 08 2026 16:15:00 GMT-0700 (Pacific Daylight Time),54
Fri May 08 2026 16:30:00 GMT-0700 (Pacific Daylight Time),51
Fri May 08 2026 16:45:00 GMT-0700 (Pacific Daylight Time),42
Fri May 08 2026 17:00:00 GMT-0700 (Pacific Daylight Time),42
Fri May 08 2026 17:15:00 GMT-0700 (Pacific Daylight Time),53
Fri May 08 2026 17:30:00 GMT-0700 (Pacific Daylight Time),48
Fri May 08 2026 17:45:00 GMT-0700 (Pacific Daylight Time),51
Fri May 08 2026 18:00:00 GMT-0700 (Pacific Daylight Time),41
Fri May 08 2026 18:15:00 GMT-0700 (Pacific Daylight Time),42
Fri May 08 2026 18:30:00 GMT-0700 (Pacific Daylight Time),50
Fri May 08 2026 18:45:00 GMT-0700 (Pacific Daylight Time),41
Fri May 08 2026 19:00:00 GMT-0700 (Pacific Daylight Time),41
Fri May 08 2026 19:15:00 GMT-0700 (Pacific Daylight Time),44
Fri May 08 2026 19:30:00 GMT-0700 (Pacific Daylight Time),42
Fri May 08 2026 19:45:00 GMT-0700 (Pacific Daylight Time),51
Fri May 08 2026 20:00:00 GMT-0700 (Pacific Daylight Time),54
Fri May 08 2026 20:15:00 GMT-0700 (Pacific Daylight Time),51
Fri May 08 2026 20:30:00 GMT-0700 (Pacific Daylight Time),43
Fri May 08 2026 20:45:00 GMT-0700 (Pacific Daylight Time),43
Fri May 08 2026 21:00:00 GMT-0700 (Pacific Daylight Time),54
Fri May 08 2026 21:15:00 GMT-0700 (Pacific Daylight Time),47
Fri May 08 2026 21:30:00 GMT-0700 (Pacific Daylight Time),41
Fri May 08 2026 21:45:00 GMT-0700 (Pacific Daylight Time),47
Fri May 08 2026 22:00:00 GMT-0700 (Pacific Daylight Time),51
Fri May 08 2026 22:15:00 GMT-0700 (Pacific Daylight Time),39
Fri May 08 2026 22:30:00 GMT-0700 (Pacific Daylight Time),33
Fri May 08 2026 22:45:00 GMT-0700 (Pacific Daylight Time),44
Fri May 08 2026 23:00:00 GMT-0700 (Pacific Daylight Time),44
Fri May 08 2026 23:15:00 GMT-0700 (Pacific Daylight Time),35
Fri May 08 2026 23:30:00 GMT-0700 (Pacific Daylight Time),28
Fri May 08 2026 23:45:00 GMT-0700 (Pacific Daylight Time),42
Sat May 09 2026 00:00:00 GMT-0700 (Pacific Daylight Time),40
Sat May 09 2026 00:15:00 GMT-0700 (Pacific Daylight Time),29
Sat May 09 2026 00:30:00 GMT-0700 (Pacific Daylight Time),31
Sat May 09 2026 00:45:00 GMT-0700 (Pacific Daylight Time),36
Sat May 09 2026 01:00:00 GMT-0700 (Pacific Daylight Time),45
Sat May 09 2026 01:15:00 GMT-0700 (Pacific Daylight Time),43
Sat May 09 2026 01:30:00 GMT-0700 (Pacific Daylight Time),33
Sat May 09 2026 01:45:00 GMT-0700 (Pacific Daylight Time),26
Sat May 09 2026 02:00:00 GMT-0700 (Pacific Daylight Time),27
Sat May 09 2026 02:15:00 GMT-0700 (Pacific Daylight Time),39
Sat May 09 2026 02:30:00 GMT-0700 (Pacific Daylight Time),40
Sat May 09 2026 02:45:00 GMT-0700 (Pacific Daylight Time),38
Sat May 09 2026 03:00:00 GMT-0700 (Pacific Daylight Time),25
Sat May 09 2026 03:15:00 GMT-0700 (Pacific Daylight Time),23
Sat May 09 2026 03:30:00 GMT-0700 (Pacific Daylight Time),26
Sat May 09 2026 03:45:00 GMT-0700 (Pacific Daylight Time),34
Sat May 09 2026 04:00:00 GMT-0700 (Pacific Daylight Time),34
Sat May 09 2026 04:15:00 GMT-0700 (Pacific Daylight Time),28
Sat May 09 2026 04:30:00 GMT-0700 (Pacific Daylight Time),22
Sat May 09 2026 04:45:00 GMT-0700 (Pacific Daylight Time),24
Sat May 09 2026 05:00:00 GMT-0700 (Pacific Daylight Time),33
Sat May 09 2026 05:15:00 GMT-0700 (Pacific Daylight Time),31
Sat May 09 2026 05:30:00 GMT-0700 (Pacific Daylight Time),31
Sat May 09 2026 05:45:00 GMT-0700 (Pacific Daylight Time),23
Sat May 09 2026 06:00:00 GMT-0700 (Pacific Daylight Time),34
Sat May 09 2026 06:15:00 GMT-0700 (Pacific Daylight Time),34
Sat May 09 2026 06:30:00 GMT-0700 (Pacific Daylight Time),35
Sat May 09 2026 06:45:00 GMT-0700 (Pacific Daylight Time),39
Sat May 09 2026 07:00:00 GMT-0700 (Pacific Daylight Time),42
Sat May 09 2026 07:15:00 GMT-0700 (Pacific Daylight Time),39
Sat May 09 2026 07:30:00 GMT-0700 (Pacific Daylight Time),40
Sat May 09 2026 07:45:00 GMT-0700 (Pacific Daylight Time),41
Sat May 09 2026 08:00:00 GMT-0700 (Pacific Daylight Time),44
Sat May 09 2026 08:15:00 GMT-0700 (Pacific Daylight Time),48
Sat May 09 2026 08:30:00 GMT-0700 (Pacific Daylight Time),47
Sat May 09 2026 08:45:00 GMT-0700 (Pacific Daylight Time),44
Sat May 09 2026 09:00:00 GMT-0700 (Pacific Daylight Time),41
Sat May 09 2026 09:15:00 GMT-0700 (Pacific Daylight Time),43
Sat May 09 2026 09:30:00 GMT-0700 (Pacific Daylight Time),45
Sat May 09 2026 09:45:00 GMT-0700 (Pacific Daylight Time),49
Sat May 09 2026 10:00:00 GMT-0700 (Pacific Daylight Time),51
Sat May 09 2026 10:15:00 GMT-0700 (Pacific Daylight Time),48
Sat May 09 2026 10:30:00 GMT-0700 (Pacific Daylight Time),46
Sat May 09 2026 10:45:00 GMT-0700 (Pacific Daylight Time),44
Sat May 09 2026 11:00:00 GMT-0700 (Pacific Daylight Time),45
Sat May 09 2026 11:15:00 GMT-0700 (Pacific Daylight Time),48
Sat May 09 2026 11:30:00 GMT-0700 (Pacific Daylight Time),39
Sat May 09 2026 11:45:00 GMT-0700 (Pacific Daylight Time),58
Sat May 09 2026 12:00:00 GMT-0700 (Pacific Daylight Time),55
Sat May 09 2026 12:15:00 GMT-0700 (Pacific Daylight Time),53
Sat May 09 2026 12:30:00 GMT-0700 (Pacific Daylight Time),60
Sat May 09 2026 12:45:00 GMT-0700 (Pacific Daylight Time),55
Sat May 09 2026 13:00:00 GMT-0700 (Pacific Daylight Time),54
Sat May 09 2026 13:15:00 GMT-0700 (Pacific Daylight Time),50
Sat May 09 2026 13:30:00 GMT-0700 (Pacific Daylight Time),49
Sat May 09 2026 13:45:00 GMT-0700 (Pacific Daylight Time),52
Sat May 09 2026 14:00:00 GMT-0700 (Pacific Daylight Time),51
Sat May 09 2026 14:15:00 GMT-0700 (Pacific Daylight Time),53
Sat May 09 2026 14:30:00 GMT-0700 (Pacific Daylight Time),49
Sat May 09 2026 14:45:00 GMT-0700 (Pacific Daylight Time),57
Sat May 09 2026 15:00:00 GMT-0700 (Pacific Daylight Time),56
Sat May 09 2026 15:15:00 GMT-0700 (Pacific Daylight Time),52
Sat May 09 2026 15:30:00 GMT-0700 (Pacific Daylight Time),51
Sat May 09 2026 15:45:00 GMT-0700 (Pacific Daylight Time),49
Sat May 09 2026 16:00:00 GMT-0700 (Pacific Daylight Time),51
Sat May 09 2026 16:15:00 GMT-0700 (Pacific Daylight Time),54
Sat May 09 2026 16:30:00 GMT-0700 (Pacific Daylight Time),52
Sat May 09 2026 16:45:00 GMT-0700 (Pacific Daylight Time),49
Sat May 09 2026 17:00:00 GMT-0700 (Pacific Daylight Time),54
Sat May 09 2026 17:15:00 GMT-0700 (Pacific Daylight Time),47
Sat May 09 2026 17:30:00 GMT-0700 (Pacific Daylight Time),51
Sat May 09 2026 17:45:00 GMT-0700 (Pacific Daylight Time),46
Sat May 09 2026 18:00:00 GMT-0700 (Pacific Daylight Time),48
Sat May 09 2026 18:15:00 GMT-0700 (Pacific Daylight Time),50
Sat May 09 2026 18:30:00 GMT-0700 (Pacific Daylight Time),49
Sat May 09 2026 18:45:00 GMT-0700 (Pacific Daylight Time),49
Sat May 09 2026 19:00:00 GMT-0700 (Pacific Daylight Time),49
Sat May 09 2026 19:15:00 GMT-0700 (Pacific Daylight Time),48
Sat May 09 2026 19:30:00 GMT-0700 (Pacific Daylight Time),45
Sat May 09 2026 19:45:00 GMT-0700 (Pacific Daylight Time),43
Sat May 09 2026 20:00:00 GMT-0700 (Pacific Daylight Time),35
Sat May 09 2026 20:15:00 GMT-0700 (Pacific Daylight Time),40
Sat May 09 2026 20:30:00 GMT-0700 (Pacific Daylight Time),49
Sat May 09 2026 20:45:00 GMT-0700 (Pacific Daylight Time),46
Sat May 09 2026 21:00:00 GMT-0700 (Pacific Daylight Time),47
Sat May 09 2026 21:15:00 GMT-0700 (Pacific Daylight Time),41
Sat May 09 2026 21:30:00 GMT-0700 (Pacific Daylight Time),38
Sat May 09 2026 21:45:00 GMT-0700 (Pacific Daylight Time),46
Sat May 09 2026 22:00:00 GMT-0700 (Pacific Daylight Time),44
Sat May 09 2026 22:15:00 GMT-0700 (Pacific Daylight Time),34
Sat May 09 2026 22:30:00 GMT-0700 (Pacific Daylight Time),32
Sat May 09 2026 22:45:00 GMT-0700 (Pacific Daylight Time),44
Sat May 09 2026 23:00:00 GMT-0700 (Pacific Daylight Time),35
Sat May 09 2026 23:15:00 GMT-0700 (Pacific Daylight Time),30
Sat May 09 2026 23:30:00 GMT-0700 (Pacific Daylight Time),37
Sat May 09 2026 23:45:00 GMT-0700 (Pacific Daylight Time),44
Sun May 10 2026 00:00:00 GMT-0700 (Pacific Daylight Time),42
Sun May 10 2026 00:15:00 GMT-0700 (Pacific Daylight Time),42
Sun May 10 2026 00:30:00 GMT-0700 (Pacific Daylight Time),40
Sun May 10 2026 00:45:00 GMT-0700 (Pacific Daylight Time),34
Sun May 10 2026 01:00:00 GMT-0700 (Pacific Daylight Time),44
Sun May 10 2026 01:15:00 GMT-0700 (Pacific Daylight Time),38
Sun May 10 2026 01:30:00 GMT-0700 (Pacific Daylight Time),38
Sun May 10 2026 01:45:00 GMT-0700 (Pacific Daylight Time),38
Sun May 10 2026 02:00:00 GMT-0700 (Pacific Daylight Time),37
Sun May 10 2026 02:15:00 GMT-0700 (Pacific Daylight Time),28
Sun May 10 2026 02:30:00 GMT-0700 (Pacific Daylight Time),34
Sun May 10 2026 02:45:00 GMT-0700 (Pacific Daylight Time),38
Sun May 10 2026 03:00:00 GMT-0700 (Pacific Daylight Time),23
Sun May 10 2026 03:15:00 GMT-0700 (Pacific Daylight Time),35
Sun May 10 2026 03:30:00 GMT-0700 (Pacific Daylight Time),34
Sun May 10 2026 03:45:00 GMT-0700 (Pacific Daylight Time),24
Sun May 10 2026 04:00:00 GMT-0700 (Pacific Daylight Time),37
Sun May 10 2026 04:15:00 GMT-0700 (Pacific Daylight Time),32
Sun May 10 2026 04:30:00 GMT-0700 (Pacific Daylight Time),25
Sun May 10 2026 04:45:00 GMT-0700 (Pacific Daylight Time),35
Sun May 10 2026 05:00:00 GMT-0700 (Pacific Daylight Time),33
Sun May 10 2026 05:15:00 GMT-0700 (Pacific Daylight Time),22
Sun May 10 2026 05:30:00 GMT-0700 (Pacific Daylight Time),34
Sun May 10 2026 05:45:00 GMT-0700 (Pacific Daylight Time),34
Sun May 10 2026 06:00:00 GMT-0700 (Pacific Daylight Time),35
Sun May 10 2026 06:15:00 GMT-0700 (Pacific Daylight Time),36
Sun May 10 2026 06:30:00 GMT-0700 (Pacific Daylight Time),36
Sun May 10 2026 06:45:00 GMT-0700 (Pacific Daylight Time),37
Sun May 10 2026 07:00:00 GMT-0700 (Pacific Daylight Time),39
Sun May 10 2026 07:15:00 GMT-0700 (Pacific Daylight Time),39
Sun May 10 2026 07:30:00 GMT-0700 (Pacific Daylight Time),40
Sun May 10 2026 07:45:00 GMT-0700 (Pacific Daylight Time),40
Sun May 10 2026 08:00:00 GMT-0700 (Pacific Daylight Time),43
Sun May 10 2026 08:15:00 GMT-0700 (Pacific Daylight Time),41
Sun May 10 2026 08:30:00 GMT-0700 (Pacific Daylight Time),44
Sun May 10 2026 08:45:00 GMT-0700 (Pacific Daylight Time),43
Sun May 10 2026 09:00:00 GMT-0700 (Pacific Daylight Time),50
Sun May 10 2026 09:15:00 GMT-0700 (Pacific Daylight Time),52
Sun May 10 2026 09:30:00 GMT-0700 (Pacific Daylight Time),45
Sun May 10 2026 09:45:00 GMT-0700 (Pacific Daylight Time),47
Sun May 10 2026 10:00:00 GMT-0700 (Pacific Daylight Time),54
Sun May 10 2026 10:15:00 GMT-0700 (Pacific Daylight Time),59
Sun May 10 2026 10:30:00 GMT-0700 (Pacific Daylight Time),56
Sun May 10 2026 10:45:00 GMT-0700 (Pacific Daylight Time),52
Sun May 10 2026 11:00:00 GMT-0700 (Pacific Daylight Time),46
Sun May 10 2026 11:15:00 GMT-0700 (Pacific Daylight Time),45
Sun May 10 2026 11:30:00 GMT-0700 (Pacific Daylight Time),45
Sun May 10 2026 11:45:00 GMT-0700 (Pacific Daylight Time),50
Sun May 10 2026 12:00:00 GMT-0700 (Pacific Daylight Time),53
Sun May 10 2026 12:15:00 GMT-0700 (Pacific Daylight Time),47
Sun May 10 2026 12:30:00 GMT-0700 (Pacific Daylight Time),42
Sun May 10 2026 12:45:00 GMT-0700 (Pacific Daylight Time),48
Sun May 10 2026 13:00:00 GMT-0700 (Pacific Daylight Time),53
Sun May 10 2026 13:15:00 GMT-0700 (Pacific Daylight Time),47
Sun May 10 2026 13:30:00 GMT-0700 (Pacific Daylight Time),49
Sun May 10 2026 13:45:00 GMT-0700 (Pacific Daylight Time),49
Sun May 10 2026 14:00:00 GMT-0700 (Pacific Daylight Time),35
Sun May 10 2026 14:15:00 GMT-0700 (Pacific Daylight Time),55
Sun May 10 2026 14:30:00 GMT-0700 (Pacific Daylight Time),44
Sun May 10 2026 14:45:00 GMT-0700 (Pacific Daylight Time),51
Sun May 10 2026 15:00:00 GMT-0700 (Pacific Daylight Time),55
Sun May 10 2026 15:15:00 GMT-0700 (Pacific Daylight Time),39
Sun May 10 2026 15:30:00 GMT-0700 (Pacific Daylight Time),38
Sun May 10 2026 15:45:00 GMT-0700 (Pacific Daylight Time),50
Sun May 10 2026 16:00:00 GMT-0700 (Pacific Daylight Time),53
Sun May 10 2026 16:15:00 GMT-0700 (Pacific Daylight Time),52
Sun May 10 2026 16:30:00 GMT-0700 (Pacific Daylight Time),51
Sun May 10 2026 16:45:00 GMT-0700 (Pacific Daylight Time),46
Sun May 10 2026 17:00:00 GMT-0700 (Pacific Daylight Time),46
Sun May 10 2026 17:15:00 GMT-0700 (Pacific Daylight Time),51
Sun May 10 2026 17:30:00 GMT-0700 (Pacific Daylight Time),38
Sun May 10 2026 17:45:00 GMT-0700 (Pacific Daylight Time),37
Sun May 10 2026 18:00:00 GMT-0700 (Pacific Daylight Time),41
Sun May 10 2026 18:15:00 GMT-0700 (Pacific Daylight Time),57
Sun May 10 2026 18:30:00 GMT-0700 (Pacific Daylight Time),54
Sun May 10 2026 18:45:00 GMT-0700 (Pacific Daylight Time),55
Sun May 10 2026 19:00:00 GMT-0700 (Pacific Daylight Time),53
Sun May 10 2026 19:15:00 GMT-0700 (Pacific Daylight Time),42
Sun May 10 2026 19:30:00 GMT-0700 (Pacific Daylight Time),40
Sun May 10 2026 19:45:00 GMT-0700 (Pacific Daylight Time),45
Sun May 10 2026 20:00:00 GMT-0700 (Pacific Daylight Time),55
Sun May 10 2026 20:15:00 GMT-0700 (Pacific Daylight Time),48
Sun May 10 2026 20:30:00 GMT-0700 (Pacific Daylight Time),42
Sun May 10 2026 20:45:00 GMT-0700 (Pacific Daylight Time),51
Sun May 10 2026 21:00:00 GMT-0700 (Pacific Daylight Time),60
Sun May 10 2026 21:15:00 GMT-0700 (Pacific Daylight Time),47
Sun May 10 2026 21:30:00 GMT-0700 (Pacific Daylight Time),52
Sun May 10 2026 21:45:00 GMT-0700 (Pacific Daylight Time),60
Sun May 10 2026 22:00:00 GMT-0700 (Pacific Daylight Time),59
Sun May 10 2026 22:15:00 GMT-0700 (Pacific Daylight Time),54
Sun May 10 2026 22:30:00 GMT-0700 (Pacific Daylight Time),42
Sun May 10 2026 22:45:00 GMT-0700 (Pacific Daylight Time),51
Sun May 10 2026 23:00:00 GMT-0700 (Pacific Daylight Time),46
Sun May 10 2026 23:15:00 GMT-0700 (Pacific Daylight Time),44
Sun May 10 2026 23:30:00 GMT-0700 (Pacific Daylight Time),40
Sun May 10 2026 23:45:00 GMT-0700 (Pacific Daylight Time),46
Mon May 11 2026 00:00:00 GMT-0700 (Pacific Daylight Time),40
Mon May 11 2026 00:15:00 GMT-0700 (Pacific Daylight Time),33
Mon May 11 2026 00:30:00 GMT-0700 (Pacific Daylight Time),38
Mon May 11 2026 00:45:00 GMT-0700 (Pacific Daylight Time),42
Mon May 11 2026 01:00:00 GMT-0700 (Pacific Daylight Time),37
Mon May 11 2026 01:15:00 GMT-0700 (Pacific Daylight Time),28
Mon May 11 2026 01:30:00 GMT-0700 (Pacific Daylight Time),30
Mon May 11 2026 01:45:00 GMT-0700 (Pacific Daylight Time),37
Mon May 11 2026 02:00:00 GMT-0700 (Pacific Daylight Time),30
Mon May 11 2026 02:15:00 GMT-0700 (Pacific Daylight Time),28
Mon May 11 2026 02:30:00 GMT-0700 (Pacific Daylight Time),34
Mon May 11 2026 02:45:00 GMT-0700 (Pacific Daylight Time),40
Mon May 11 2026 03:00:00 GMT-0700 (Pacific Daylight Time),29
Mon May 11 2026 03:15:00 GMT-0700 (Pacific Daylight Time),25
Mon May 11 2026 03:30:00 GMT-0700 (Pacific Daylight Time),31
Mon May 11 2026 03:45:00 GMT-0700 (Pacific Daylight Time),33
Mon May 11 2026 04:00:00 GMT-0700 (Pacific Daylight Time),22
Mon May 11 2026 04:15:00 GMT-0700 (Pacific Daylight Time),21
Mon May 11 2026 04:30:00 GMT-0700 (Pacific Daylight Time),30
Mon May 11 2026 04:45:00 GMT-0700 (Pacific Daylight Time),32
Mon May 11 2026 05:00:00 GMT-0700 (Pacific Daylight Time),20
Mon May 11 2026 05:15:00 GMT-0700 (Pacific Daylight Time),21
Mon May 11 2026 05:30:00 GMT-0700 (Pacific Daylight Time),31
Mon May 11 2026 05:45:00 GMT-0700 (Pacific Daylight Time),25
Mon May 11 2026 06:00:00 GMT-0700 (Pacific Daylight Time),23
Mon May 11 2026 06:15:00 GMT-0700 (Pacific Daylight Time),33
Mon May 11 2026 06:30:00 GMT-0700 (Pacific Daylight Time),37
Mon May 11 2026 06:45:00 GMT-0700 (Pacific Daylight Time),36
Mon May 11 2026 07:00:00 GMT-0700 (Pacific Daylight Time),28
Mon May 11 2026 07:15:00 GMT-0700 (Pacific Daylight Time),45
Mon May 11 2026 07:30:00 GMT-0700 (Pacific Daylight Time),49
Mon May 11 2026 07:45:00 GMT-0700 (Pacific Daylight Time),50
Mon May 11 2026 08:00:00 GMT-0700 (Pacific Daylight Time),49
Mon May 11 2026 08:15:00 GMT-0700 (Pacific Daylight Time),50
Mon May 11 2026 08:30:00 GMT-0700 (Pacific Daylight Time),47
Mon May 11 2026 08:45:00 GMT-0700 (Pacific Daylight Time),55
Mon May 11 2026 09:00:00 GMT-0700 (Pacific Daylight Time),55
Mon May 11 2026 09:15:00 GMT-0700 (Pacific Daylight Time),58
Mon May 11 2026 09:30:00 GMT-0700 (Pacific Daylight Time),59
Mon May 11 2026 09:45:00 GMT-0700 (Pacific Daylight Time),56
Mon May 11 2026 10:00:00 GMT-0700 (Pacific Daylight Time),53
Mon May 11 2026 10:15:00 GMT-0700 (Pacific Daylight Time),52
Mon May 11 2026 10:30:00 GMT-0700 (Pacific Daylight Time),55
Mon May 11 2026 10:45:00 GMT-0700 (Pacific Daylight Time),54
Mon May 11 2026 11:00:00 GMT-0700 (Pacific Daylight Time),52
Mon May 11 2026 11:15:00 GMT-0700 (Pacific Daylight Time),58
Mon May 11 2026 11:30:00 GMT-0700 (Pacific Daylight Time),52
Mon May 11 2026 11:45:00 GMT-0700 (Pacific Daylight Time),53
Mon May 11 2026 12:00:00 GMT-0700 (Pacific Daylight Time),54
Mon May 11 2026 12:15:00 GMT-0700 (Pacific Daylight Time),59
Mon May 11 2026 12:30:00 GMT-0700 (Pacific Daylight Time),57
Mon May 11 2026 12:45:00 GMT-0700 (Pacific Daylight Time),55
Mon May 11 2026 13:00:00 GMT-0700 (Pacific Daylight Time),54
Mon May 11 2026 13:15:00 GMT-0700 (Pacific Daylight Time),58
Mon May 11 2026 13:30:00 GMT-0700 (Pacific Daylight Time),55
Mon May 11 2026 13:45:00 GMT-0700 (Pacific Daylight Time),52
Mon May 11 2026 14:00:00 GMT-0700 (Pacific Daylight Time),57
Mon May 11 2026 14:15:00 GMT-0700 (Pacific Daylight Time),57
Mon May 11 2026 14:30:00 GMT-0700 (Pacific Daylight Time),55
Mon May 11 2026 14:45:00 GMT-0700 (Pacific Daylight Time),65
Mon May 11 2026 15:00:00 GMT-0700 (Pacific Daylight Time),64
Mon May 11 2026 15:15:00 GMT-0700 (Pacific Daylight Time),64
Mon May 11 2026 15:30:00 GMT-0700 (Pacific Daylight Time),63
Mon May 11 2026 15:45:00 GMT-0700 (Pacific Daylight Time),59
Mon May 11 2026 16:00:00 GMT-0700 (Pacific Daylight Time),56
Mon May 11 2026 16:15:00 GMT-0700 (Pacific Daylight Time),56
Mon May 11 2026 16:30:00 GMT-0700 (Pacific Daylight Time),59
Mon May 11 2026 16:45:00 GMT-0700 (Pacific Daylight Time),54
Mon May 11 2026 17:00:00 GMT-0700 (Pacific Daylight Time),55
Mon May 11 2026 17:15:00 GMT-0700 (Pacific Daylight Time),53
Mon May 11 2026 17:30:00 GMT-0700 (Pacific Daylight Time),55
Mon May 11 2026 17:45:00 GMT-0700 (Pacific Daylight Time),58
Mon May 11 2026 18:00:00 GMT-0700 (Pacific Daylight Time),54
Mon May 11 2026 18:15:00 GMT-0700 (Pacific Daylight Time),56
Mon May 11 2026 18:30:00 GMT-0700 (Pacific Daylight Time),51
Mon May 11 2026 18:45:00 GMT-0700 (Pacific Daylight Time),49
Mon May 11 2026 19:00:00 GMT-0700 (Pacific Daylight Time),51
Mon May 11 2026 19:15:00 GMT-0700 (Pacific Daylight Time),50
Mon May 11 2026 19:30:00 GMT-0700 (Pacific Daylight Time),56
Mon May 11 2026 19:45:00 GMT-0700 (Pacific Daylight Time),53
Mon May 11 2026 20:00:00 GMT-0700 (Pacific Daylight Time),52
Mon May 11 2026 20:15:00 GMT-0700 (Pacific Daylight Time),49
Mon May 11 2026 20:30:00 GMT-0700 (Pacific Daylight Time),54
Mon May 11 2026 20:45:00 GMT-0700 (Pacific Daylight Time),55
Mon May 11 2026 21:00:00 GMT-0700 (Pacific Daylight Time),48
Mon May 11 2026 21:15:00 GMT-0700 (Pacific Daylight Time),43
Mon May 11 2026 21:30:00 GMT-0700 (Pacific Daylight Time),56
Mon May 11 2026 21:45:00 GMT-0700 (Pacific Daylight Time),60
Mon May 11 2026 22:00:00 GMT-0700 (Pacific Daylight Time),57
Mon May 11 2026 22:15:00 GMT-0700 (Pacific Daylight Time),46
Mon May 11 2026 22:30:00 GMT-0700 (Pacific Daylight Time),36
Mon May 11 2026 22:45:00 GMT-0700 (Pacific Daylight Time),44
Mon May 11 2026 23:00:00 GMT-0700 (Pacific Daylight Time),51
Mon May 11 2026 23:15:00 GMT-0700 (Pacific Daylight Time),38
Mon May 11 2026 23:30:00 GMT-0700 (Pacific Daylight Time),40
Mon May 11 2026 23:45:00 GMT-0700 (Pacific Daylight Time),44
Tue May 12 2026 00:00:00 GMT-0700 (Pacific Daylight Time),39
Tue May 12 2026 00:15:00 GMT-0700 (Pacific Daylight Time),36
Tue May 12 2026 00:30:00 GMT-0700 (Pacific Daylight Time),35
Tue May 12 2026 00:45:00 GMT-0700 (Pacific Daylight Time),46
Tue May 12 2026 01:00:00 GMT-0700 (Pacific Daylight Time),30
Tue May 12 2026 01:15:00 GMT-0700 (Pacific Daylight Time),36
Tue May 12 2026 01:30:00 GMT-0700 (Pacific Daylight Time),37
Tue May 12 2026 01:45:00 GMT-0700 (Pacific Daylight Time),29
Tue May 12 2026 02:00:00 GMT-0700 (Pacific Daylight Time),28
Tue May 12 2026 02:15:00 GMT-0700 (Pacific Daylight Time),37
Tue May 12 2026 02:30:00 GMT-0700 (Pacific Daylight Time),30
Tue May 12 2026 02:45:00 GMT-0700 (Pacific Daylight Time),36
Tue May 12 2026 03:00:00 GMT-0700 (Pacific Daylight Time),36
Tue May 12 2026 03:15:00 GMT-0700 (Pacific Daylight Time),27
Tue May 12 2026 03:30:00 GMT-0700 (Pacific Daylight Time),27
Tue May 12 2026 03:45:00 GMT-0700 (Pacific Daylight Time),33
Tue May 12 2026 04:00:00 GMT-0700 (Pacific Daylight Time),34
Tue May 12 2026 04:15:00 GMT-0700 (Pacific Daylight Time),22
Tue May 12 2026 04:30:00 GMT-0700 (Pacific Daylight Time),32
Tue May 12 2026 04:45:00 GMT-0700 (Pacific Daylight Time),32
Tue May 12 2026 05:00:00 GMT-0700 (Pacific Daylight Time),21
Tue May 12 2026 05:15:00 GMT-0700 (Pacific Daylight Time),34
Tue May 12 2026 05:30:00 GMT-0700 (Pacific Daylight Time),32
Tue May 12 2026 05:45:00 GMT-0700 (Pacific Daylight Time),29
Tue May 12 2026 06:00:00 GMT-0700 (Pacific Daylight Time),39
Tue May 12 2026 06:15:00 GMT-0700 (Pacific Daylight Time),35
Tue May 12 2026 06:30:00 GMT-0700 (Pacific Daylight Time),35
Tue May 12 2026 06:45:00 GMT-0700 (Pacific Daylight Time),37
Tue May 12 2026 07:00:00 GMT-0700 (Pacific Daylight Time),41
Tue May 12 2026 07:15:00 GMT-0700 (Pacific Daylight Time),48
Tue May 12 2026 07:30:00 GMT-0700 (Pacific Daylight Time),47
Tue May 12 2026 07:45:00 GMT-0700 (Pacific Daylight Time),45
Tue May 12 2026 08:00:00 GMT-0700 (Pacific Daylight Time),49
Tue May 12 2026 08:15:00 GMT-0700 (Pacific Daylight Time),52
Tue May 12 2026 08:30:00 GMT-0700 (Pacific Daylight Time),58
Tue May 12 2026 08:45:00 GMT-0700 (Pacific Daylight Time),46
Tue May 12 2026 09:00:00 GMT-0700 (Pacific Daylight Time),49
Tue May 12 2026 09:15:00 GMT-0700 (Pacific Daylight Time),52
Tue May 12 2026 09:30:00 GMT-0700 (Pacific Daylight Time),49
Tue May 12 2026 09:45:00 GMT-0700 (Pacific Daylight Time),51
Tue May 12 2026 10:00:00 GMT-0700 (Pacific Daylight Time),45
Tue May 12 2026 10:15:00 GMT-0700 (Pacific Daylight Time),46
Tue May 12 2026 10:30:00 GMT-0700 (Pacific Daylight Time),56
Tue May 12 2026 10:45:00 GMT-0700 (Pacific Daylight Time),55
Tue May 12 2026 11:00:00 GMT-0700 (Pacific Daylight Time),52
Tue May 12 2026 11:15:00 GMT-0700 (Pacific Daylight Time),56
Tue May 12 2026 11:30:00 GMT-0700 (Pacific Daylight Time),53
Tue May 12 2026 11:45:00 GMT-0700 (Pacific Daylight Time),53
Tue May 12 2026 12:00:00 GMT-0700 (Pacific Daylight Time),51
Tue May 12 2026 12:15:00 GMT-0700 (Pacific Daylight Time),52
Tue May 12 2026 12:30:00 GMT-0700 (Pacific Daylight Time),53
Tue May 12 2026 12:45:00 GMT-0700 (Pacific Daylight Time),48
Tue May 12 2026 13:00:00 GMT-0700 (Pacific Daylight Time),56
Tue May 12 2026 13:15:00 GMT-0700 (Pacific Daylight Time),54
Tue May 12 2026 13:30:00 GMT-0700 (Pacific Daylight Time),49
Tue May 12 2026 13:45:00 GMT-0700 (Pacific Daylight Time),55
Tue May 12 2026 14:00:00 GMT-0700 (Pacific Daylight Time),56
Tue May 12 2026 14:15:00 GMT-0700 (Pacific Daylight Time),61
Tue May 12 2026 14:30:00 GMT-0700 (Pacific Daylight Time),58
Tue May 12 2026 14:45:00 GMT-0700 (Pacific Daylight Time),56
Tue May 12 2026 15:00:00 GMT-0700 (Pacific Daylight Time),55
Tue May 12 2026 15:15:00 GMT-0700 (Pacific Daylight Time),57
Tue May 12 2026 15:30:00 GMT-0700 (Pacific Daylight Time),58
Tue May 12 2026 15:45:00 GMT-0700 (Pacific Daylight Time),63
Tue May 12 2026 16:00:00 GMT-0700 (Pacific Daylight Time),58
Tue May 12 2026 16:15:00 GMT-0700 (Pacific Daylight Time),56
Tue May 12 2026 16:30:00 GMT-0700 (Pacific Daylight Time),52
Tue May 12 2026 16:45:00 GMT-0700 (Pacific Daylight Time),40
Tue May 12 2026 17:00:00 GMT-0700 (Pacific Daylight Time),41
Tue May 12 2026 17:15:00 GMT-0700 (Pacific Daylight Time),47
Tue May 12 2026 17:30:00 GMT-0700 (Pacific Daylight Time),41
Tue May 12 2026 17:45:00 GMT-0700 (Pacific Daylight Time),37
Tue May 12 2026 18:00:00 GMT-0700 (Pacific Daylight Time),45
Tue May 12 2026 18:15:00 GMT-0700 (Pacific Daylight Time),45
Tue May 12 2026 18:30:00 GMT-0700 (Pacific Daylight Time),39
Tue May 12 2026 18:45:00 GMT-0700 (Pacific Daylight Time),42
Tue May 12 2026 19:00:00 GMT-0700 (Pacific Daylight Time),53
Tue May 12 2026 19:15:00 GMT-0700 (Pacific Daylight Time),52
Tue May 12 2026 19:30:00 GMT-0700 (Pacific Daylight Time),40
Tue May 12 2026 19:45:00 GMT-0700 (Pacific Daylight Time),46
Tue May 12 2026 20:00:00 GMT-0700 (Pacific Daylight Time),54
Tue May 12 2026 20:15:00 GMT-0700 (Pacific Daylight Time),58
Tue May 12 2026 20:30:00 GMT-0700 (Pacific Daylight Time),55
Tue May 12 2026 20:45:00 GMT-0700 (Pacific Daylight Time),53
Tue May 12 2026 21:00:00 GMT-0700 (Pacific Daylight Time),62
Tue May 12 2026 21:15:00 GMT-0700 (Pacific Daylight Time),56
Tue May 12 2026 21:30:00 GMT-0700 (Pacific Daylight Time),60
Tue May 12 2026 21:45:00 GMT-0700 (Pacific Daylight Time),62
Tue May 12 2026 22:00:00 GMT-0700 (Pacific Daylight Time),60
Tue May 12 2026 22:15:00 GMT-0700 (Pacific Daylight Time),57
Tue May 12 2026 22:30:00 GMT-0700 (Pacific Daylight Time),40
Tue May 12 2026 22:45:00 GMT-0700 (Pacific Daylight Time),43
Tue May 12 2026 23:00:00 GMT-0700 (Pacific Daylight Time),54
Tue May 12 2026 23:15:00 GMT-0700 (Pacific Daylight Time),43
Tue May 12 2026 23:30:00 GMT-0700 (Pacific Daylight Time),41
Tue May 12 2026 23:45:00 GMT-0700 (Pacific Daylight Time),43
Wed May 13 2026 00:00:00 GMT-0700 (Pacific Daylight Time),34
Wed May 13 2026 00:15:00 GMT-0700 (Pacific Daylight Time),38
Wed May 13 2026 00:30:00 GMT-0700 (Pacific Daylight Time),47
Wed May 13 2026 00:45:00 GMT-0700 (Pacific Daylight Time),31
Wed May 13 2026 01:00:00 GMT-0700 (Pacific Daylight Time),29
Wed May 13 2026 01:15:00 GMT-0700 (Pacific Daylight Time),38
Wed May 13 2026 01:30:00 GMT-0700 (Pacific Daylight Time),38
Wed May 13 2026 01:45:00 GMT-0700 (Pacific Daylight Time),26
Wed May 13 2026 02:00:00 GMT-0700 (Pacific Daylight Time),30
Wed May 13 2026 02:15:00 GMT-0700 (Pacific Daylight Time),42
Wed May 13 2026 02:30:00 GMT-0700 (Pacific Daylight Time),37
Wed May 13 2026 02:45:00 GMT-0700 (Pacific Daylight Time),25
Wed May 13 2026 03:00:00 GMT-0700 (Pacific Daylight Time),31
Wed May 13 2026 03:15:00 GMT-0700 (Pacific Daylight Time),30
Wed May 13 2026 03:30:00 GMT-0700 (Pacific Daylight Time),24
Wed May 13 2026 03:45:00 GMT-0700 (Pacific Daylight Time),35
Wed May 13 2026 04:00:00 GMT-0700 (Pacific Daylight Time),29
Wed May 13 2026 04:15:00 GMT-0700 (Pacific Daylight Time),26
Wed May 13 2026 04:30:00 GMT-0700 (Pacific Daylight Time),34
Wed May 13 2026 04:45:00 GMT-0700 (Pacific Daylight Time),25
Wed May 13 2026 05:00:00 GMT-0700 (Pacific Daylight Time),29
Wed May 13 2026 05:15:00 GMT-0700 (Pacific Daylight Time),30
Wed May 13 2026 05:30:00 GMT-0700 (Pacific Daylight Time),20
Wed May 13 2026 05:45:00 GMT-0700 (Pacific Daylight Time),36
Wed May 13 2026 06:00:00 GMT-0700 (Pacific Daylight Time),36
Wed May 13 2026 06:15:00 GMT-0700 (Pacific Daylight Time),36
Wed May 13 2026 06:30:00 GMT-0700 (Pacific Daylight Time),36
Wed May 13 2026 06:45:00 GMT-0700 (Pacific Daylight Time),39
Wed May 13 2026 07:00:00 GMT-0700 (Pacific Daylight Time),42
Wed May 13 2026 07:15:00 GMT-0700 (Pacific Daylight Time),47
Wed May 13 2026 07:30:00 GMT-0700 (Pacific Daylight Time),55
Wed May 13 2026 07:45:00 GMT-0700 (Pacific Daylight Time),47
Wed May 13 2026 08:00:00 GMT-0700 (Pacific Daylight Time),49
Wed May 13 2026 08:15:00 GMT-0700 (Pacific Daylight Time),50
Wed May 13 2026 08:30:00 GMT-0700 (Pacific Daylight Time),57
Wed May 13 2026 08:45:00 GMT-0700 (Pacific Daylight Time),56
Wed May 13 2026 09:00:00 GMT-0700 (Pacific Daylight Time),56
Wed May 13 2026 09:15:00 GMT-0700 (Pacific Daylight Time),55
Wed May 13 2026 09:30:00 GMT-0700 (Pacific Daylight Time),48
Wed May 13 2026 09:45:00 GMT-0700 (Pacific Daylight Time),53
Wed May 13 2026 10:00:00 GMT-0700 (Pacific Daylight Time),54
Wed May 13 2026 10:15:00 GMT-0700 (Pacific Daylight Time),52
Wed May 13 2026 10:30:00 GMT-0700 (Pacific Daylight Time),53
Wed May 13 2026 10:45:00 GMT-0700 (Pacific Daylight Time),52
Wed May 13 2026 11:00:00 GMT-0700 (Pacific Daylight Time),47
Wed May 13 2026 11:15:00 GMT-0700 (Pacific Daylight Time),49
Wed May 13 2026 11:30:00 GMT-0700 (Pacific Daylight Time),57
Wed May 13 2026 11:45:00 GMT-0700 (Pacific Daylight Time),54
Wed May 13 2026 12:00:00 GMT-0700 (Pacific Daylight Time),55
Wed May 13 2026 12:15:00 GMT-0700 (Pacific Daylight Time),55
Wed May 13 2026 12:30:00 GMT-0700 (Pacific Daylight Time),45
Wed May 13 2026 12:45:00 GMT-0700 (Pacific Daylight Time),53
Wed May 13 2026 13:00:00 GMT-0700 (Pacific Daylight Time),54
Wed May 13 2026 13:15:00 GMT-0700 (Pacific Daylight Time),60
Wed May 13 2026 13:30:00 GMT-0700 (Pacific Daylight Time),56
Wed May 13 2026 13:45:00 GMT-0700 (Pacific Daylight Time),54
Wed May 13 2026 14:00:00 GMT-0700 (Pacific Daylight Time),55
Wed May 13 2026 14:15:00 GMT-0700 (Pacific Daylight Time),56
Wed May 13 2026 14:30:00 GMT-0700 (Pacific Daylight Time),57
Wed May 13 2026 14:45:00 GMT-0700 (Pacific Daylight Time),59
Wed May 13 2026 15:00:00 GMT-0700 (Pacific Daylight Time),59
Wed May 13 2026 15:15:00 GMT-0700 (Pacific Daylight Time),52
Wed May 13 2026 15:30:00 GMT-0700 (Pacific Daylight Time),52
Wed May 13 2026 15:45:00 GMT-0700 (Pacific Daylight Time),54
Wed May 13 2026 16:00:00 GMT-0700 (Pacific Daylight Time),53
Wed May 13 2026 16:15:00 GMT-0700 (Pacific Daylight Time),50
Wed May 13 2026 16:30:00 GMT-0700 (Pacific Daylight Time),51
Wed May 13 2026 16:45:00 GMT-0700 (Pacific Daylight Time),48
Wed May 13 2026 17:00:00 GMT-0700 (Pacific Daylight Time),46
Wed May 13 2026 17:15:00 GMT-0700 (Pacific Daylight Time),47
Wed May 13 2026 17:30:00 GMT-0700 (Pacific Daylight Time),51
Wed May 13 2026 17:45:00 GMT-0700 (Pacific Daylight Time),51
Wed May 13 2026 18:00:00 GMT-0700 (Pacific Daylight Time),53
Wed May 13 2026 18:15:00 GMT-0700 (Pacific Daylight Time),54
Wed May 13 2026 18:30:00 GMT-0700 (Pacific Daylight Time),54
Wed May 13 2026 18:45:00 GMT-0700 (Pacific Daylight Time),54
Wed May 13 2026 19:00:00 GMT-0700 (Pacific Daylight Time),54
Wed May 13 2026 19:15:00 GMT-0700 (Pacific Daylight Time),52
Wed May 13 2026 19:30:00 GMT-0700 (Pacific Daylight Time),53
Wed May 13 2026 19:45:00 GMT-0700 (Pacific Daylight Time),54
Wed May 13 2026 20:00:00 GMT-0700 (Pacific Daylight Time),56
Wed May 13 2026 20:15:00 GMT-0700 (Pacific Daylight Time),59
Wed May 13 2026 20:30:00 GMT-0700 (Pacific Daylight Time),55
Wed May 13 2026 20:45:00 GMT-0700 (Pacific Daylight Time),60
Wed May 13 2026 21:00:00 GMT-0700 (Pacific Daylight Time),56
Wed May 13 2026 21:15:00 GMT-0700 (Pacific Daylight Time),59
Wed May 13 2026 21:30:00 GMT-0700 (Pacific Daylight Time),68
Wed May 13 2026 21:45:00 GMT-0700 (Pacific Daylight Time),56
Wed May 13 2026 22:00:00 GMT-0700 (Pacific Daylight Time),57
Wed May 13 2026 22:15:00 GMT-0700 (Pacific Daylight Time),53
Wed May 13 2026 22:30:00 GMT-0700 (Pacific Daylight Time),41
Wed May 13 2026 22:45:00 GMT-0700 (Pacific Daylight Time),44
Wed May 13 2026 23:00:00 GMT-0700 (Pacific Daylight Time),56
Wed May 13 2026 23:15:00 GMT-0700 (Pacific Daylight Time),49
Wed May 13 2026 23:30:00 GMT-0700 (Pacific Daylight Time),37
Wed May 13 2026 23:45:00 GMT-0700 (Pacific Daylight Time),36
Thu May 14 2026 00:00:00 GMT-0700 (Pacific Daylight Time),45
Thu May 14 2026 00:15:00 GMT-0700 (Pacific Daylight Time),42
Thu May 14 2026 00:30:00 GMT-0700 (Pacific Daylight Time),33
Thu May 14 2026 00:45:00 GMT-0700 (Pacific Daylight Time),30
Thu May 14 2026 01:00:00 GMT-0700 (Pacific Daylight Time),41
Thu May 14 2026 01:15:00 GMT-0700 (Pacific Daylight Time),39
Thu May 14 2026 01:30:00 GMT-0700 (Pacific Daylight Time),29
Thu May 14 2026 01:45:00 GMT-0700 (Pacific Daylight Time),30
Thu May 14 2026 02:00:00 GMT-0700 (Pacific Daylight Time),38
Thu May 14 2026 02:15:00 GMT-0700 (Pacific Daylight Time),30
Thu May 14 2026 02:30:00 GMT-0700 (Pacific Daylight Time),31
Thu May 14 2026 02:45:00 GMT-0700 (Pacific Daylight Time),31
Thu May 14 2026 03:00:00 GMT-0700 (Pacific Daylight Time),36
Thu May 14 2026 03:15:00 GMT-0700 (Pacific Daylight Time),25
Thu May 14 2026 03:30:00 GMT-0700 (Pacific Daylight Time),23
Thu May 14 2026 03:45:00 GMT-0700 (Pacific Daylight Time),30
Thu May 14 2026 04:00:00 GMT-0700 (Pacific Daylight Time),27
Thu May 14 2026 04:15:00 GMT-0700 (Pacific Daylight Time),22
Thu May 14 2026 04:30:00 GMT-0700 (Pacific Daylight Time),25
Thu May 14 2026 04:45:00 GMT-0700 (Pacific Daylight Time),31
Thu May 14 2026 05:00:00 GMT-0700 (Pacific Daylight Time),21
Thu May 14 2026 05:15:00 GMT-0700 (Pacific Daylight Time),21
Thu May 14 2026 05:30:00 GMT-0700 (Pacific Daylight Time),33
Thu May 14 2026 05:45:00 GMT-0700 (Pacific Daylight Time),34
Thu May 14 2026 06:00:00 GMT-0700 (Pacific Daylight Time),35
Thu May 14 2026 06:15:00 GMT-0700 (Pacific Daylight Time),32
Thu May 14 2026 06:30:00 GMT-0700 (Pacific Daylight Time),26
Thu May 14 2026 06:45:00 GMT-0700 (Pacific Daylight Time),37
Thu May 14 2026 07:00:00 GMT-0700 (Pacific Daylight Time),43
Thu May 14 2026 07:15:00 GMT-0700 (Pacific Daylight Time),42
Thu May 14 2026 07:30:00 GMT-0700 (Pacific Daylight Time),46
Thu May 14 2026 07:45:00 GMT-0700 (Pacific Daylight Time),51
Thu May 14 2026 08:00:00 GMT-0700 (Pacific Daylight Time),47
Thu May 14 2026 08:15:00 GMT-0700 (Pacific Daylight Time),52
Thu May 14 2026 08:30:00 GMT-0700 (Pacific Daylight Time),49
Thu May 14 2026 08:45:00 GMT-0700 (Pacific Daylight Time),47
Thu May 14 2026 09:00:00 GMT-0700 (Pacific Daylight Time),53
Thu May 14 2026 09:15:00 GMT-0700 (Pacific Daylight Time),59
Thu May 14 2026 09:30:00 GMT-0700 (Pacific Daylight Time),54
Thu May 14 2026 09:45:00 GMT-0700 (Pacific Daylight Time),57
Thu May 14 2026 10:00:00 GMT-0700 (Pacific Daylight Time),45
Thu May 14 2026 10:15:00 GMT-0700 (Pacific Daylight Time),58
Thu May 14 2026 10:30:00 GMT-0700 (Pacific Daylight Time),53
Thu May 14 2026 10:45:00 GMT-0700 (Pacific Daylight Time),51
Thu May 14 2026 11:00:00 GMT-0700 (Pacific Daylight Time),56
Thu May 14 2026 11:15:00 GMT-0700 (Pacific Daylight Time),56
Thu May 14 2026 11:30:00 GMT-0700 (Pacific Daylight Time),52
Thu May 14 2026 11:45:00 GMT-0700 (Pacific Daylight Time),48
Thu May 14 2026 12:00:00 GMT-0700 (Pacific Daylight Time),51
Thu May 14 2026 12:15:00 GMT-0700 (Pacific Daylight Time),62
Thu May 14 2026 12:30:00 GMT-0700 (Pacific Daylight Time),59
Thu May 14 2026 12:45:00 GMT-0700 (Pacific Daylight Time),54
Thu May 14 2026 13:00:00 GMT-0700 (Pacific Daylight Time),53
Thu May 14 2026 13:15:00 GMT-0700 (Pacific Daylight Time),54
Thu May 14 2026 13:30:00 GMT-0700 (Pacific Daylight Time),51
Thu May 14 2026 13:45:00 GMT-0700 (Pacific Daylight Time),45
Thu May 14 2026 14:00:00 GMT-0700 (Pacific Daylight Time),45
Thu May 14 2026 14:15:00 GMT-0700 (Pacific Daylight Time),41
Thu May 14 2026 14:30:00 GMT-0700 (Pacific Daylight Time),46
Thu May 14 2026 14:45:00 GMT-0700 (Pacific Daylight Time),61
Thu May 14 2026 15:00:00 GMT-0700 (Pacific Daylight Time),46
Thu May 14 2026 15:15:00 GMT-0700 (Pacific Daylight Time),45
Thu May 14 2026 15:30:00 GMT-0700 (Pacific Daylight Time),55
Thu May 14 2026 15:45:00 GMT-0700 (Pacific Daylight Time),44
Thu May 14 2026 16:00:00 GMT-0700 (Pacific Daylight Time),38
Thu May 14 2026 16:15:00 GMT-0700 (Pacific Daylight Time),49
Thu May 14 2026 16:30:00 GMT-0700 (Pacific Daylight Time),51
Thu May 14 2026 16:45:00 GMT-0700 (Pacific Daylight Time),46
Thu May 14 2026 17:00:00 GMT-0700 (Pacific Daylight Time),46
Thu May 14 2026 17:15:00 GMT-0700 (Pacific Daylight Time),56
Thu May 14 2026 17:30:00 GMT-0700 (Pacific Daylight Time),51
Thu May 14 2026 17:45:00 GMT-0700 (Pacific Daylight Time),48
Thu May 14 2026 18:00:00 GMT-0700 (Pacific Daylight Time),53
Thu May 14 2026 18:15:00 GMT-0700 (Pacific Daylight Time),45
Thu May 14 2026 18:30:00 GMT-0700 (Pacific Daylight Time),48
Thu May 14 2026 18:45:00 GMT-0700 (Pacific Daylight Time),57
Thu May 14 2026 19:00:00 GMT-0700 (Pacific Daylight Time),56
Thu May 14 2026 19:15:00 GMT-0700 (Pacific Daylight Time),52
Thu May 14 2026 19:30:00 GMT-0700 (Pacific Daylight Time),58
Thu May 14 2026 19:45:00 GMT-0700 (Pacific Daylight Time),54
Thu May 14 2026 20:00:00 GMT-0700 (Pacific Daylight Time),58
Thu May 14 2026 20:15:00 GMT-0700 (Pacific Daylight Time),54
Thu May 14 2026 20:30:00 GMT-0700 (Pacific Daylight Time),52
Thu May 14 2026 20:45:00 GMT-0700 (Pacific Daylight Time),57
Thu May 14 2026 21:00:00 GMT-0700 (Pacific Daylight Time),60
Thu May 14 2026 21:15:00 GMT-0700 (Pacific Daylight Time),56
Thu May 14 2026 21:30:00 GMT-0700 (Pacific Daylight Time),59
Thu May 14 2026 21:45:00 GMT-0700 (Pacific Daylight Time),56
Thu May 14 2026 22:00:00 GMT-0700 (Pacific Daylight Time),55
Thu May 14 2026 22:15:00 GMT-0700 (Pacific Daylight Time),47
Thu May 14 2026 22:30:00 GMT-0700 (Pacific Daylight Time),36
Thu May 14 2026 22:45:00 GMT-0700 (Pacific Daylight Time),47
Thu May 14 2026 23:00:00 GMT-0700 (Pacific Daylight Time),51
Thu May 14 2026 23:15:00 GMT-0700 (Pacific Daylight Time),35
Thu May 14 2026 23:30:00 GMT-0700 (Pacific Daylight Time),38
Thu May 14 2026 23:45:00 GMT-0700 (Pacific Daylight Time),45
Fri May 15 2026 00:00:00 GMT-0700 (Pacific Daylight Time),39
Fri May 15 2026 00:15:00 GMT-0700 (Pacific Daylight Time),31
Fri May 15 2026 00:30:00 GMT-0700 (Pacific Daylight Time),27
Fri May 15 2026 00:45:00 GMT-0700 (Pacific Daylight Time),38
Fri May 15 2026 01:00:00 GMT-0700 (Pacific Daylight Time),35
Fri May 15 2026 01:15:00 GMT-0700 (Pacific Daylight Time),31
Fri May 15 2026 01:30:00 GMT-0700 (Pacific Daylight Time),29
Fri May 15 2026 01:45:00 GMT-0700 (Pacific Daylight Time),39
Fri May 15 2026 02:00:00 GMT-0700 (Pacific Daylight Time),32
Fri May 15 2026 02:15:00 GMT-0700 (Pacific Daylight Time),32
Fri May 15 2026 02:30:00 GMT-0700 (Pacific Daylight Time),35
Fri May 15 2026 02:45:00 GMT-0700 (Pacific Daylight Time),37
Fri May 15 2026 03:00:00 GMT-0700 (Pacific Daylight Time),25
Fri May 15 2026 03:15:00 GMT-0700 (Pacific Daylight Time),24
Fri May 15 2026 03:30:00 GMT-0700 (Pacific Daylight Time),30
Fri May 15 2026 03:45:00 GMT-0700 (Pacific Daylight Time),29
Fri May 15 2026 04:00:00 GMT-0700 (Pacific Daylight Time),21
Fri May 15 2026 04:15:00 GMT-0700 (Pacific Daylight Time),25
Fri May 15 2026 04:30:00 GMT-0700 (Pacific Daylight Time),33
Fri May 15 2026 04:45:00 GMT-0700 (Pacific Daylight Time),26
Fri May 15 2026 05:00:00 GMT-0700 (Pacific Daylight Time),22
Fri May 15 2026 05:15:00 GMT-0700 (Pacific Daylight Time),32
Fri May 15 2026 05:30:00 GMT-0700 (Pacific Daylight Time),24
Fri May 15 2026 05:45:00 GMT-0700 (Pacific Daylight Time),29
Fri May 15 2026 06:00:00 GMT-0700 (Pacific Daylight Time),34
Fri May 15 2026 06:15:00 GMT-0700 (Pacific Daylight Time),25
Fri May 15 2026 06:30:00 GMT-0700 (Pacific Daylight Time),34
Fri May 15 2026 06:45:00 GMT-0700 (Pacific Daylight Time),41
Fri May 15 2026 07:00:00 GMT-0700 (Pacific Daylight Time),40
Fri May 15 2026 07:15:00 GMT-0700 (Pacific Daylight Time),42
Fri May 15 2026 07:30:00 GMT-0700 (Pacific Daylight Time),48
Fri May 15 2026 07:45:00 GMT-0700 (Pacific Daylight Time),43
Fri May 15 2026 08:00:00 GMT-0700 (Pacific Daylight Time),45
Fri May 15 2026 08:15:00 GMT-0700 (Pacific Daylight Time),46
Fri May 15 2026 08:30:00 GMT-0700 (Pacific Daylight Time),50
Fri May 15 2026 08:45:00 GMT-0700 (Pacific Daylight Time),53
Fri May 15 2026 09:00:00 GMT-0700 (Pacific Daylight Time),54
Fri May 15 2026 09:15:00 GMT-0700 (Pacific Daylight Time),59
Fri May 15 2026 09:30:00 GMT-0700 (Pacific Daylight Time),61
Fri May 15 2026 09:45:00 GMT-0700 (Pacific Daylight Time),55
Fri May 15 2026 10:00:00 GMT-0700 (Pacific Daylight Time),56
Fri May 15 2026 10:15:00 GMT-0700 (Pacific Daylight Time),54
Fri May 15 2026 10:30:00 GMT-0700 (Pacific Daylight Time),57
Fri May 15 2026 10:45:00 GMT-0700 (Pacific Daylight Time),56
Fri May 15 2026 11:00:00 GMT-0700 (Pacific Daylight Time),52
Fri May 15 2026 11:15:00 GMT-0700 (Pacific Daylight Time),46
Fri May 15 2026 11:30:00 GMT-0700 (Pacific Daylight Time),57
Fri May 15 2026 11:45:00 GMT-0700 (Pacific Daylight Time),56
Fri May 15 2026 12:00:00 GMT-0700 (Pacific Daylight Time),55
Fri May 15 2026 12:15:00 GMT-0700 (Pacific Daylight Time),58
Fri May 15 2026 12:30:00 GMT-0700 (Pacific Daylight Time),58
Fri May 15 2026 12:45:00 GMT-0700 (Pacific Daylight Time),58
Fri May 15 2026 13:00:00 GMT-0700 (Pacific Daylight Time),55
Fri May 15 2026 13:15:00 GMT-0700 (Pacific Daylight Time),49
Fri May 15 2026 13:30:00 GMT-0700 (Pacific Daylight Time),52
Fri May 15 2026 13:45:00 GMT-0700 (Pacific Daylight Time),55
Fri May 15 2026 14:00:00 GMT-0700 (Pacific Daylight Time),51
Fri May 15 2026 14:15:00 GMT-0700 (Pacific Daylight Time),54
Fri May 15 2026 14:30:00 GMT-0700 (Pacific Daylight Time),51
Fri May 15 2026 14:45:00 GMT-0700 (Pacific Daylight Time),53
Fri May 15 2026 15:00:00 GMT-0700 (Pacific Daylight Time),51
Fri May 15 2026 15:15:00 GMT-0700 (Pacific Daylight Time),52
Fri May 15 2026 15:30:00 GMT-0700 (Pacific Daylight Time),52
Fri May 15 2026 15:45:00 GMT-0700 (Pacific Daylight Time),48
Fri May 15 2026 16:00:00 GMT-0700 (Pacific Daylight Time),52
Fri May 15 2026 16:15:00 GMT-0700 (Pacific Daylight Time),54
Fri May 15 2026 16:30:00 GMT-0700 (Pacific Daylight Time),53
Fri May 15 2026 16:45:00 GMT-0700 (Pacific Daylight Time),56
Fri May 15 2026 17:00:00 GMT-0700 (Pacific Daylight Time),54
Fri May 15 2026 17:15:00 GMT-0700 (Pacific Daylight Time),49
Fri May 15 2026 17:30:00 GMT-0700 (Pacific Daylight Time),47
Fri May 15 2026 17:45:00 GMT-0700 (Pacific Daylight Time),49
Fri May 15 2026 18:00:00 GMT-0700 (Pacific Daylight Time),51
Fri May 15 2026 18:15:00 GMT-0700 (Pacific Daylight Time),50
Fri May 15 2026 18:30:00 GMT-0700 (Pacific Daylight Time),50
Fri May 15 2026 18:45:00 GMT-0700 (Pacific Daylight Time),50
Fri May 15 2026 19:00:00 GMT-0700 (Pacific Daylight Time),48
Fri May 15 2026 19:15:00 GMT-0700 (Pacific Daylight Time),48
Fri May 15 2026 19:30:00 GMT-0700 (Pacific Daylight Time),53
Fri May 15 2026 19:45:00 GMT-0700 (Pacific Daylight Time),48
Fri May 15 2026 20:00:00 GMT-0700 (Pacific Daylight Time),50
Fri May 15 2026 20:15:00 GMT-0700 (Pacific Daylight Time),53
Fri May 15 2026 20:30:00 GMT-0700 (Pacific Daylight Time),53
Fri May 15 2026 20:45:00 GMT-0700 (Pacific Daylight Time),48
Fri May 15 2026 21:00:00 GMT-0700 (Pacific Daylight Time),45
Fri May 15 2026 21:15:00 GMT-0700 (Pacific Daylight Time),45
Fri May 15 2026 21:30:00 GMT-0700 (Pacific Daylight Time),47
Fri May 15 2026 21:45:00 GMT-0700 (Pacific Daylight Time),49
Fri May 15 2026 22:00:00 GMT-0700 (Pacific Daylight Time),46
Fri May 15 2026 22:15:00 GMT-0700 (Pacific Daylight Time),35
Fri May 15 2026 22:30:00 GMT-0700 (Pacific Daylight Time),31
Fri May 15 2026 22:45:00 GMT-0700 (Pacific Daylight Time),48
Fri May 15 2026 23:00:00 GMT-0700 (Pacific Daylight Time),40
Fri May 15 2026 23:15:00 GMT-0700 (Pacific Daylight Time),34
Fri May 15 2026 23:30:00 GMT-0700 (Pacific Daylight Time),40
Fri May 15 2026 23:45:00 GMT-0700 (Pacific Daylight Time),37
Sat May 16 2026 00:00:00 GMT-0700 (Pacific Daylight Time),32
Sat May 16 2026 00:15:00 GMT-0700 (Pacific Daylight Time),37
Sat May 16 2026 00:30:00 GMT-0700 (Pacific Daylight Time),38
Sat May 16 2026 00:45:00 GMT-0700 (Pacific Daylight Time),28
Sat May 16 2026 01:00:00 GMT-0700 (Pacific Daylight Time),27
Sat May 16 2026 01:15:00 GMT-0700 (Pacific Daylight Time),38
Sat May 16 2026 01:30:00 GMT-0700 (Pacific Daylight Time),31
Sat May 16 2026 01:45:00 GMT-0700 (Pacific Daylight Time),30
Sat May 16 2026 02:00:00 GMT-0700 (Pacific Daylight Time),33
Sat May 16 2026 02:15:00 GMT-0700 (Pacific Daylight Time),40
Sat May 16 2026 02:30:00 GMT-0700 (Pacific Daylight Time),29
Sat May 16 2026 02:45:00 GMT-0700 (Pacific Daylight Time),25
Sat May 16 2026 03:00:00 GMT-0700 (Pacific Daylight Time),35
Sat May 16 2026 03:15:00 GMT-0700 (Pacific Daylight Time),43
Sat May 16 2026 03:30:00 GMT-0700 (Pacific Daylight Time),28
Sat May 16 2026 03:45:00 GMT-0700 (Pacific Daylight Time),27
Sat May 16 2026 04:00:00 GMT-0700 (Pacific Daylight Time),36
Sat May 16 2026 04:15:00 GMT-0700 (Pacific Daylight Time),29
Sat May 16 2026 04:30:00 GMT-0700 (Pacific Daylight Time),21
Sat May 16 2026 04:45:00 GMT-0700 (Pacific Daylight Time),29
Sat May 16 2026 05:00:00 GMT-0700 (Pacific Daylight Time),32
Sat May 16 2026 05:15:00 GMT-0700 (Pacific Daylight Time),27
Sat May 16 2026 05:30:00 GMT-0700 (Pacific Daylight Time),22
Sat May 16 2026 05:45:00 GMT-0700 (Pacific Daylight Time),34
Sat May 16 2026 06:00:00 GMT-0700 (Pacific Daylight Time),24
Sat May 16 2026 06:15:00 GMT-0700 (Pacific Daylight Time),29
Sat May 16 2026 06:30:00 GMT-0700 (Pacific Daylight Time),34
Sat May 16 2026 06:45:00 GMT-0700 (Pacific Daylight Time),37
Sat May 16 2026 07:00:00 GMT-0700 (Pacific Daylight Time),36
Sat May 16 2026 07:15:00 GMT-0700 (Pacific Daylight Time),38
Sat May 16 2026 07:30:00 GMT-0700 (Pacific Daylight Time),39
Sat May 16 2026 07:45:00 GMT-0700 (Pacific Daylight Time),38
Sat May 16 2026 08:00:00 GMT-0700 (Pacific Daylight Time),41
Sat May 16 2026 08:15:00 GMT-0700 (Pacific Daylight Time),39
Sat May 16 2026 08:30:00 GMT-0700 (Pacific Daylight Time),43
Sat May 16 2026 08:45:00 GMT-0700 (Pacific Daylight Time),45
Sat May 16 2026 09:00:00 GMT-0700 (Pacific Daylight Time),44
Sat May 16 2026 09:15:00 GMT-0700 (Pacific Daylight Time),53
Sat May 16 2026 09:30:00 GMT-0700 (Pacific Daylight Time),51
Sat May 16 2026 09:45:00 GMT-0700 (Pacific Daylight Time),51
Sat May 16 2026 10:00:00 GMT-0700 (Pacific Daylight Time),52
Sat May 16 2026 10:15:00 GMT-0700 (Pacific Daylight Time),53
Sat May 16 2026 10:30:00 GMT-0700 (Pacific Daylight Time),50
Sat May 16 2026 10:45:00 GMT-0700 (Pacific Daylight Time),49
Sat May 16 2026 11:00:00 GMT-0700 (Pacific Daylight Time),49
Sat May 16 2026 11:15:00 GMT-0700 (Pacific Daylight Time),38
Sat May 16 2026 11:30:00 GMT-0700 (Pacific Daylight Time),53
Sat May 16 2026 11:45:00 GMT-0700 (Pacific Daylight Time),52
Sat May 16 2026 12:00:00 GMT-0700 (Pacific Daylight Time),53
Sat May 16 2026 12:15:00 GMT-0700 (Pacific Daylight Time),55
Sat May 16 2026 12:30:00 GMT-0700 (Pacific Daylight Time),56
Sat May 16 2026 12:45:00 GMT-0700 (Pacific Daylight Time),39
Sat May 16 2026 13:00:00 GMT-0700 (Pacific Daylight Time),53
Sat May 16 2026 13:15:00 GMT-0700 (Pacific Daylight Time),60
Sat May 16 2026 13:30:00 GMT-0700 (Pacific Daylight Time),59
Sat May 16 2026 13:45:00 GMT-0700 (Pacific Daylight Time),49
Sat May 16 2026 14:00:00 GMT-0700 (Pacific Daylight Time),42
Sat May 16 2026 14:15:00 GMT-0700 (Pacific Daylight Time),50
Sat May 16 2026 14:30:00 GMT-0700 (Pacific Daylight Time),53
Sat May 16 2026 14:45:00 GMT-0700 (Pacific Daylight Time),51
Sat May 16 2026 15:00:00 GMT-0700 (Pacific Daylight Time),48
Sat May 16 2026 15:15:00 GMT-0700 (Pacific Daylight Time),43
Sat May 16 2026 15:30:00 GMT-0700 (Pacific Daylight Time),47
Sat May 16 2026 15:45:00 GMT-0700 (Pacific Daylight Time),52
Sat May 16 2026 16:00:00 GMT-0700 (Pacific Daylight Time),51
Sat May 16 2026 16:15:00 GMT-0700 (Pacific Daylight Time),46
Sat May 16 2026 16:30:00 GMT-0700 (Pacific Daylight Time),45
Sat May 16 2026 16:45:00 GMT-0700 (Pacific Daylight Time),46
Sat May 16 2026 17:00:00 GMT-0700 (Pacific Daylight Time),47
Sat May 16 2026 17:15:00 GMT-0700 (Pacific Daylight Time),45
Sat May 16 2026 17:30:00 GMT-0700 (Pacific Daylight Time),45
Sat May 16 2026 17:45:00 GMT-0700 (Pacific Daylight Time),44
Sat May 16 2026 18:00:00 GMT-0700 (Pacific Daylight Time),46
Sat May 16 2026 18:15:00 GMT-0700 (Pacific Daylight Time),49
Sat May 16 2026 18:30:00 GMT-0700 (Pacific Daylight Time),46
Sat May 16 2026 18:45:00 GMT-0700 (Pacific Daylight Time),50
Sat May 16 2026 19:00:00 GMT-0700 (Pacific Daylight Time),57
Sat May 16 2026 19:15:00 GMT-0700 (Pacific Daylight Time),50
Sat May 16 2026 19:30:00 GMT-0700 (Pacific Daylight Time),51
Sat May 16 2026 19:45:00 GMT-0700 (Pacific Daylight Time),47
Sat May 16 2026 20:00:00 GMT-0700 (Pacific Daylight Time),49
Sat May 16 2026 20:15:00 GMT-0700 (Pacific Daylight Time),49
Sat May 16 2026 20:30:00 GMT-0700 (Pacific Daylight Time),49
Sat May 16 2026 20:45:00 GMT-0700 (Pacific Daylight Time),46
Sat May 16 2026 21:00:00 GMT-0700 (Pacific Daylight Time),47
Sat May 16 2026 21:15:00 GMT-0700 (Pacific Daylight Time),48
Sat May 16 2026 21:30:00 GMT-0700 (Pacific Daylight Time),47
Sat May 16 2026 21:45:00 GMT-0700 (Pacific Daylight Time),47
Sat May 16 2026 22:00:00 GMT-0700 (Pacific Daylight Time),48
Sat May 16 2026 22:15:00 GMT-0700 (Pacific Daylight Time),41
Sat May 16 2026 22:30:00 GMT-0700 (Pacific Daylight Time),42
Sat May 16 2026 22:45:00 GMT-0700 (Pacific Daylight Time),30
Sat May 16 2026 23:00:00 GMT-0700 (Pacific Daylight Time),39
Sat May 16 2026 23:15:00 GMT-0700 (Pacific Daylight Time),37
Sat May 16 2026 23:30:00 GMT-0700 (Pacific Daylight Time),29
Sat May 16 2026 23:45:00 GMT-0700 (Pacific Daylight Time),41
Sun May 17 2026 00:00:00 GMT-0700 (Pacific Daylight Time),42
Sun May 17 2026 00:15:00 GMT-0700 (Pacific Daylight Time),28
Sun May 17 2026 00:30:00 GMT-0700 (Pacific Daylight Time),31
Sun May 17 2026 00:45:00 GMT-0700 (Pacific Daylight Time),41
Sun May 17 2026 01:00:00 GMT-0700 (Pacific Daylight Time),34
Sun May 17 2026 01:15:00 GMT-0700 (Pacific Daylight Time),35
Sun May 17 2026 01:30:00 GMT-0700 (Pacific Daylight Time),35
Sun May 17 2026 01:45:00 GMT-0700 (Pacific Daylight Time),40
Sun May 17 2026 02:00:00 GMT-0700 (Pacific Daylight Time),32
Sun May 17 2026 02:15:00 GMT-0700 (Pacific Daylight Time),27
Sun May 17 2026 02:30:00 GMT-0700 (Pacific Daylight Time),34
Sun May 17 2026 02:45:00 GMT-0700 (Pacific Daylight Time),37
Sun May 17 2026 03:00:00 GMT-0700 (Pacific Daylight Time),27
Sun May 17 2026 03:15:00 GMT-0700 (Pacific Daylight Time),30
Sun May 17 2026 03:30:00 GMT-0700 (Pacific Daylight Time),35
Sun May 17 2026 03:45:00 GMT-0700 (Pacific Daylight Time),25
Sun May 17 2026 04:00:00 GMT-0700 (Pacific Daylight Time),26
Sun May 17 2026 04:15:00 GMT-0700 (Pacific Daylight Time),34
Sun May 17 2026 04:30:00 GMT-0700 (Pacific Daylight Time),23
Sun May 17 2026 04:45:00 GMT-0700 (Pacific Daylight Time),33
Sun May 17 2026 05:00:00 GMT-0700 (Pacific Daylight Time),29
Sun May 17 2026 05:15:00 GMT-0700 (Pacific Daylight Time),23
Sun May 17 2026 05:30:00 GMT-0700 (Pacific Daylight Time),34
Sun May 17 2026 05:45:00 GMT-0700 (Pacific Daylight Time),24
Sun May 17 2026 06:00:00 GMT-0700 (Pacific Daylight Time),33
Sun May 17 2026 06:15:00 GMT-0700 (Pacific Daylight Time),36
Sun May 17 2026 06:30:00 GMT-0700 (Pacific Daylight Time),35
Sun May 17 2026 06:45:00 GMT-0700 (Pacific Daylight Time),37
Sun May 17 2026 07:00:00 GMT-0700 (Pacific Daylight Time),37
Sun May 17 2026 07:15:00 GMT-0700 (Pacific Daylight Time),39
Sun May 17 2026 07:30:00 GMT-0700 (Pacific Daylight Time),38
Sun May 17 2026 07:45:00 GMT-0700 (Pacific Daylight Time),39
Sun May 17 2026 08:00:00 GMT-0700 (Pacific Daylight Time),40
Sun May 17 2026 08:15:00 GMT-0700 (Pacific Daylight Time),46
Sun May 17 2026 08:30:00 GMT-0700 (Pacific Daylight Time),43
Sun May 17 2026 08:45:00 GMT-0700 (Pacific Daylight Time),31
Sun May 17 2026 09:00:00 GMT-0700 (Pacific Daylight Time),41
Sun May 17 2026 09:15:00 GMT-0700 (Pacific Daylight Time),54
Sun May 17 2026 09:30:00 GMT-0700 (Pacific Daylight Time),48
Sun May 17 2026 09:45:00 GMT-0700 (Pacific Daylight Time),53
Sun May 17 2026 10:00:00 GMT-0700 (Pacific Daylight Time),51
Sun May 17 2026 10:15:00 GMT-0700 (Pacific Daylight Time),50
Sun May 17 2026 10:30:00 GMT-0700 (Pacific Daylight Time),52
Sun May 17 2026 10:45:00 GMT-0700 (Pacific Daylight Time),53
Sun May 17 2026 11:00:00 GMT-0700 (Pacific Daylight Time),50
Sun May 17 2026 11:15:00 GMT-0700 (Pacific Daylight Time),56
Sun May 17 2026 11:30:00 GMT-0700 (Pacific Daylight Time),52
Sun May 17 2026 11:45:00 GMT-0700 (Pacific Daylight Time),51
Sun May 17 2026 12:00:00 GMT-0700 (Pacific Daylight Time),53
Sun May 17 2026 12:15:00 GMT-0700 (Pacific Daylight Time),53
Sun May 17 2026 12:30:00 GMT-0700 (Pacific Daylight Time),58
Sun May 17 2026 12:45:00 GMT-0700 (Pacific Daylight Time),55
Sun May 17 2026 13:00:00 GMT-0700 (Pacific Daylight Time),56
Sun May 17 2026 13:15:00 GMT-0700 (Pacific Daylight Time),51
Sun May 17 2026 13:30:00 GMT-0700 (Pacific Daylight Time),51
Sun May 17 2026 13:45:00 GMT-0700 (Pacific Daylight Time),54
Sun May 17 2026 14:00:00 GMT-0700 (Pacific Daylight Time),52
Sun May 17 2026 14:15:00 GMT-0700 (Pacific Daylight Time),54
Sun May 17 2026 14:30:00 GMT-0700 (Pacific Daylight Time),53
Sun May 17 2026 14:45:00 GMT-0700 (Pacific Daylight Time),56
Sun May 17 2026 15:00:00 GMT-0700 (Pacific Daylight Time),56
Sun May 17 2026 15:15:00 GMT-0700 (Pacific Daylight Time),51
Sun May 17 2026 15:30:00 GMT-0700 (Pacific Daylight Time),47
Sun May 17 2026 15:45:00 GMT-0700 (Pacific Daylight Time),50
Sun May 17 2026 16:00:00 GMT-0700 (Pacific Daylight Time),42
Sun May 17 2026 16:15:00 GMT-0700 (Pacific Daylight Time),49
Sun May 17 2026 16:30:00 GMT-0700 (Pacific Daylight Time),51
Sun May 17 2026 16:45:00 GMT-0700 (Pacific Daylight Time),47
Sun May 17 2026 17:00:00 GMT-0700 (Pacific Daylight Time),49
Sun May 17 2026 17:15:00 GMT-0700 (Pacific Daylight Time),47
Sun May 17 2026 17:30:00 GMT-0700 (Pacific Daylight Time),49
Sun May 17 2026 17:45:00 GMT-0700 (Pacific Daylight Time),50
Sun May 17 2026 18:00:00 GMT-0700 (Pacific Daylight Time),52
Sun May 17 2026 18:15:00 GMT-0700 (Pacific Daylight Time),49
Sun May 17 2026 18:30:00 GMT-0700 (Pacific Daylight Time),52
Sun May 17 2026 18:45:00 GMT-0700 (Pacific Daylight Time),42
Sun May 17 2026 19:00:00 GMT-0700 (Pacific Daylight Time),48
Sun May 17 2026 19:15:00 GMT-0700 (Pacific Daylight Time),57
Sun May 17 2026 19:30:00 GMT-0700 (Pacific Daylight Time),53
Sun May 17 2026 19:45:00 GMT-0700 (Pacific Daylight Time),47
Sun May 17 2026 20:00:00 GMT-0700 (Pacific Daylight Time),48
Sun May 17 2026 20:15:00 GMT-0700 (Pacific Daylight Time),50
Sun May 17 2026 20:30:00 GMT-0700 (Pacific Daylight Time),54
Sun May 17 2026 20:45:00 GMT-0700 (Pacific Daylight Time),55
Sun May 17 2026 21:00:00 GMT-0700 (Pacific Daylight Time),57
Sun May 17 2026 21:15:00 GMT-0700 (Pacific Daylight Time),57
Sun May 17 2026 21:30:00 GMT-0700 (Pacific Daylight Time),61
Sun May 17 2026 21:45:00 GMT-0700 (Pacific Daylight Time),57
Sun May 17 2026 22:00:00 GMT-0700 (Pacific Daylight Time),58
Sun May 17 2026 22:15:00 GMT-0700 (Pacific Daylight Time),56
Sun May 17 2026 22:30:00 GMT-0700 (Pacific Daylight Time),45
Sun May 17 2026 22:45:00 GMT-0700 (Pacific Daylight Time),51
Sun May 17 2026 23:00:00 GMT-0700 (Pacific Daylight Time),45
Sun May 17 2026 23:15:00 GMT-0700 (Pacific Daylight Time),42
Sun May 17 2026 23:30:00 GMT-0700 (Pacific Daylight Time),52
Sun May 17 2026 23:45:00 GMT-0700 (Pacific Daylight Time),43
Mon May 18 2026 00:00:00 GMT-0700 (Pacific Daylight Time),34
Mon May 18 2026 00:15:00 GMT-0700 (Pacific Daylight Time),48
Mon May 18 2026 00:30:00 GMT-0700 (Pacific Daylight Time),41
Mon May 18 2026 00:45:00 GMT-0700 (Pacific Daylight Time),37
Mon May 18 2026 01:00:00 GMT-0700 (Pacific Daylight Time),33
Mon May 18 2026 01:15:00 GMT-0700 (Pacific Daylight Time),38
Mon May 18 2026 01:30:00 GMT-0700 (Pacific Daylight Time),33
Mon May 18 2026 01:45:00 GMT-0700 (Pacific Daylight Time),26
Mon May 18 2026 02:00:00 GMT-0700 (Pacific Daylight Time),30
Mon May 18 2026 02:15:00 GMT-0700 (Pacific Daylight Time),42
Mon May 18 2026 02:30:00 GMT-0700 (Pacific Daylight Time),30
Mon May 18 2026 02:45:00 GMT-0700 (Pacific Daylight Time),26
Mon May 18 2026 03:00:00 GMT-0700 (Pacific Daylight Time),31
Mon May 18 2026 03:15:00 GMT-0700 (Pacific Daylight Time),36
Mon May 18 2026 03:30:00 GMT-0700 (Pacific Daylight Time),26
Mon May 18 2026 03:45:00 GMT-0700 (Pacific Daylight Time),25
Mon May 18 2026 04:00:00 GMT-0700 (Pacific Daylight Time),33
Mon May 18 2026 04:15:00 GMT-0700 (Pacific Daylight Time),29
Mon May 18 2026 04:30:00 GMT-0700 (Pacific Daylight Time),22
Mon May 18 2026 04:45:00 GMT-0700 (Pacific Daylight Time),28
Mon May 18 2026 05:00:00 GMT-0700 (Pacific Daylight Time),33
Mon May 18 2026 05:15:00 GMT-0700 (Pacific Daylight Time),26
Mon May 18 2026 05:30:00 GMT-0700 (Pacific Daylight Time),22
Mon May 18 2026 05:45:00 GMT-0700 (Pacific Daylight Time),35
Mon May 18 2026 06:00:00 GMT-0700 (Pacific Daylight Time),34
Mon May 18 2026 06:15:00 GMT-0700 (Pacific Daylight Time),35
Mon May 18 2026 06:30:00 GMT-0700 (Pacific Daylight Time),37
Mon May 18 2026 06:45:00 GMT-0700 (Pacific Daylight Time),40
Mon May 18 2026 07:00:00 GMT-0700 (Pacific Daylight Time),41
Mon May 18 2026 07:15:00 GMT-0700 (Pacific Daylight Time),43
Mon May 18 2026 07:30:00 GMT-0700 (Pacific Daylight Time),42
Mon May 18 2026 07:45:00 GMT-0700 (Pacific Daylight Time),46
Mon May 18 2026 08:00:00 GMT-0700 (Pacific Daylight Time),53
Mon May 18 2026 08:15:00 GMT-0700 (Pacific Daylight Time),47
Mon May 18 2026 08:30:00 GMT-0700 (Pacific Daylight Time),41
Mon May 18 2026 08:45:00 GMT-0700 (Pacific Daylight Time),43
Mon May 18 2026 09:00:00 GMT-0700 (Pacific Daylight Time),50
Mon May 18 2026 09:15:00 GMT-0700 (Pacific Daylight Time),66
Mon May 18 2026 09:30:00 GMT-0700 (Pacific Daylight Time),58
Mon May 18 2026 09:45:00 GMT-0700 (Pacific Daylight Time),54
Mon May 18 2026 10:00:00 GMT-0700 (Pacific Daylight Time),54
Mon May 18 2026 10:15:00 GMT-0700 (Pacific Daylight Time),54
Mon May 18 2026 10:30:00 GMT-0700 (Pacific Daylight Time),54
Mon May 18 2026 10:45:00 GMT-0700 (Pacific Daylight Time),51
Mon May 18 2026 11:00:00 GMT-0700 (Pacific Daylight Time),55
Mon May 18 2026 11:15:00 GMT-0700 (Pacific Daylight Time),59
Mon May 18 2026 11:30:00 GMT-0700 (Pacific Daylight Time),49
Mon May 18 2026 11:45:00 GMT-0700 (Pacific Daylight Time),55
Mon May 18 2026 12:00:00 GMT-0700 (Pacific Daylight Time),59
Mon May 18 2026 12:15:00 GMT-0700 (Pacific Daylight Time),64
Mon May 18 2026 12:30:00 GMT-0700 (Pacific Daylight Time),56
Mon May 18 2026 12:45:00 GMT-0700 (Pacific Daylight Time),49
Mon May 18 2026 13:00:00 GMT-0700 (Pacific Daylight Time),41
Mon May 18 2026 13:15:00 GMT-0700 (Pacific Daylight Time),59
Mon May 18 2026 13:30:00 GMT-0700 (Pacific Daylight Time),55
Mon May 18 2026 13:45:00 GMT-0700 (Pacific Daylight Time),43
Mon May 18 2026 14:00:00 GMT-0700 (Pacific Daylight Time),46
Mon May 18 2026 14:15:00 GMT-0700 (Pacific Daylight Time),56
Mon May 18 2026 14:30:00 GMT-0700 (Pacific Daylight Time),61
Mon May 18 2026 14:45:00 GMT-0700 (Pacific Daylight Time),63
Mon May 18 2026 15:00:00 GMT-0700 (Pacific Daylight Time),66
Mon May 18 2026 15:15:00 GMT-0700 (Pacific Daylight Time),65
Mon May 18 2026 15:30:00 GMT-0700 (Pacific Daylight Time),58
Mon May 18 2026 15:45:00 GMT-0700 (Pacific Daylight Time),40
Mon May 18 2026 16:00:00 GMT-0700 (Pacific Daylight Time),42
Mon May 18 2026 16:15:00 GMT-0700 (Pacific Daylight Time),53
Mon May 18 2026 16:30:00 GMT-0700 (Pacific Daylight Time),45
Mon May 18 2026 16:45:00 GMT-0700 (Pacific Daylight Time),42
Mon May 18 2026 17:00:00 GMT-0700 (Pacific Daylight Time),55
Mon May 18 2026 17:15:00 GMT-0700 (Pacific Daylight Time),48
Mon May 18 2026 17:30:00 GMT-0700 (Pacific Daylight Time),41
Mon May 18 2026 17:45:00 GMT-0700 (Pacific Daylight Time),63
Mon May 18 2026 18:00:00 GMT-0700 (Pacific Daylight Time),43
Mon May 18 2026 18:15:00 GMT-0700 (Pacific Daylight Time),64
Mon May 18 2026 18:30:00 GMT-0700 (Pacific Daylight Time),48
Mon May 18 2026 18:45:00 GMT-0700 (Pacific Daylight Time),42
Mon May 18 2026 19:00:00 GMT-0700 (Pacific Daylight Time),53
Mon May 18 2026 19:15:00 GMT-0700 (Pacific Daylight Time),52
Mon May 18 2026 19:30:00 GMT-0700 (Pacific Daylight Time),45
Mon May 18 2026 19:45:00 GMT-0700 (Pacific Daylight Time),42
Mon May 18 2026 20:00:00 GMT-0700 (Pacific Daylight Time),48
Mon May 18 2026 20:15:00 GMT-0700 (Pacific Daylight Time),53
Mon May 18 2026 20:30:00 GMT-0700 (Pacific Daylight Time),41
Mon May 18 2026 20:45:00 GMT-0700 (Pacific Daylight Time),44
Mon May 18 2026 21:00:00 GMT-0700 (Pacific Daylight Time),56
Mon May 18 2026 21:15:00 GMT-0700 (Pacific Daylight Time),56
Mon May 18 2026 21:30:00 GMT-0700 (Pacific Daylight Time),58
Mon May 18 2026 21:45:00 GMT-0700 (Pacific Daylight Time),57
Mon May 18 2026 22:00:00 GMT-0700 (Pacific Daylight Time),53
Mon May 18 2026 22:15:00 GMT-0700 (Pacific Daylight Time),45
Mon May 18 2026 22:30:00 GMT-0700 (Pacific Daylight Time),42
Mon May 18 2026 22:45:00 GMT-0700 (Pacific Daylight Time),52
Mon May 18 2026 23:00:00 GMT-0700 (Pacific Daylight Time),43
Mon May 18 2026 23:15:00 GMT-0700 (Pacific Daylight Time),37
Mon May 18 2026 23:30:00 GMT-0700 (Pacific Daylight Time),48
Mon May 18 2026 23:45:00 GMT-0700 (Pacific Daylight Time),42
Tue May 19 2026 00:00:00 GMT-0700 (Pacific Daylight Time),35
Tue May 19 2026 00:15:00 GMT-0700 (Pacific Daylight Time),47
Tue May 19 2026 00:30:00 GMT-0700 (Pacific Daylight Time),45
Tue May 19 2026 00:45:00 GMT-0700 (Pacific Daylight Time),34
Tue May 19 2026 01:00:00 GMT-0700 (Pacific Daylight Time),38
Tue May 19 2026 01:15:00 GMT-0700 (Pacific Daylight Time),39
Tue May 19 2026 01:30:00 GMT-0700 (Pacific Daylight Time),28
Tue May 19 2026 01:45:00 GMT-0700 (Pacific Daylight Time),38
Tue May 19 2026 02:00:00 GMT-0700 (Pacific Daylight Time),41
Tue May 19 2026 02:15:00 GMT-0700 (Pacific Daylight Time),31
Tue May 19 2026 02:30:00 GMT-0700 (Pacific Daylight Time),39
Tue May 19 2026 02:45:00 GMT-0700 (Pacific Daylight Time),33
Tue May 19 2026 03:00:00 GMT-0700 (Pacific Daylight Time),30
Tue May 19 2026 03:15:00 GMT-0700 (Pacific Daylight Time),41
Tue May 19 2026 03:30:00 GMT-0700 (Pacific Daylight Time),31
Tue May 19 2026 03:45:00 GMT-0700 (Pacific Daylight Time),35
Tue May 19 2026 04:00:00 GMT-0700 (Pacific Daylight Time),35
Tue May 19 2026 04:15:00 GMT-0700 (Pacific Daylight Time),22
Tue May 19 2026 04:30:00 GMT-0700 (Pacific Daylight Time),33
Tue May 19 2026 04:45:00 GMT-0700 (Pacific Daylight Time),28
Tue May 19 2026 05:00:00 GMT-0700 (Pacific Daylight Time),24
Tue May 19 2026 05:15:00 GMT-0700 (Pacific Daylight Time),32
Tue May 19 2026 05:30:00 GMT-0700 (Pacific Daylight Time),24
Tue May 19 2026 05:45:00 GMT-0700 (Pacific Daylight Time),30
Tue May 19 2026 06:00:00 GMT-0700 (Pacific Daylight Time),34
Tue May 19 2026 06:15:00 GMT-0700 (Pacific Daylight Time),33
Tue May 19 2026 06:30:00 GMT-0700 (Pacific Daylight Time),24
Tue May 19 2026 06:45:00 GMT-0700 (Pacific Daylight Time),36
Tue May 19 2026 07:00:00 GMT-0700 (Pacific Daylight Time),40
Tue May 19 2026 07:15:00 GMT-0700 (Pacific Daylight Time),44
Tue May 19 2026 07:30:00 GMT-0700 (Pacific Daylight Time),45
Tue May 19 2026 07:45:00 GMT-0700 (Pacific Daylight Time),43
Tue May 19 2026 08:00:00 GMT-0700 (Pacific Daylight Time),46
Tue May 19 2026 08:15:00 GMT-0700 (Pacific Daylight Time),51
Tue May 19 2026 08:30:00 GMT-0700 (Pacific Daylight Time),47
Tue May 19 2026 08:45:00 GMT-0700 (Pacific Daylight Time),41
Tue May 19 2026 09:00:00 GMT-0700 (Pacific Daylight Time),51
Tue May 19 2026 09:15:00 GMT-0700 (Pacific Daylight Time),56
Tue May 19 2026 09:30:00 GMT-0700 (Pacific Daylight Time),58
Tue May 19 2026 09:45:00 GMT-0700 (Pacific Daylight Time),59
Tue May 19 2026 10:00:00 GMT-0700 (Pacific Daylight Time),56
Tue May 19 2026 10:15:00 GMT-0700 (Pacific Daylight Time),55
Tue May 19 2026 10:30:00 GMT-0700 (Pacific Daylight Time),50
Tue May 19 2026 10:45:00 GMT-0700 (Pacific Daylight Time),52
Tue May 19 2026 11:00:00 GMT-0700 (Pacific Daylight Time),56
Tue May 19 2026 11:15:00 GMT-0700 (Pacific Daylight Time),52
Tue May 19 2026 11:30:00 GMT-0700 (Pacific Daylight Time),52
Tue May 19 2026 11:45:00 GMT-0700 (Pacific Daylight Time),56
Tue May 19 2026 12:00:00 GMT-0700 (Pacific Daylight Time),57
Tue May 19 2026 12:15:00 GMT-0700 (Pacific Daylight Time),56
Tue May 19 2026 12:30:00 GMT-0700 (Pacific Daylight Time),52
Tue May 19 2026 12:45:00 GMT-0700 (Pacific Daylight Time),54
Tue May 19 2026 13:00:00 GMT-0700 (Pacific Daylight Time),60
Tue May 19 2026 13:15:00 GMT-0700 (Pacific Daylight Time),54
Tue May 19 2026 13:30:00 GMT-0700 (Pacific Daylight Time),53
Tue May 19 2026 13:45:00 GMT-0700 (Pacific Daylight Time),52
Tue May 19 2026 14:00:00 GMT-0700 (Pacific Daylight Time),53
Tue May 19 2026 14:15:00 GMT-0700 (Pacific Daylight Time),60
Tue May 19 2026 14:30:00 GMT-0700 (Pacific Daylight Time),58
Tue May 19 2026 14:45:00 GMT-0700 (Pacific Daylight Time),49
Tue May 19 2026 15:00:00 GMT-0700 (Pacific Daylight Time),53
Tue May 19 2026 15:15:00 GMT-0700 (Pacific Daylight Time),56
Tue May 19 2026 15:30:00 GMT-0700 (Pacific Daylight Time),54
Tue May 19 2026 15:45:00 GMT-0700 (Pacific Daylight Time),49
Tue May 19 2026 16:00:00 GMT-0700 (Pacific Daylight Time),39
Tue May 19 2026 16:15:00 GMT-0700 (Pacific Daylight Time),56
Tue May 19 2026 16:30:00 GMT-0700 (Pacific Daylight Time),53
Tue May 19 2026 16:45:00 GMT-0700 (Pacific Daylight Time),37
Tue May 19 2026 17:00:00 GMT-0700 (Pacific Daylight Time),48
Tue May 19 2026 17:15:00 GMT-0700 (Pacific Daylight Time),55
Tue May 19 2026 17:30:00 GMT-0700 (Pacific Daylight Time),55
Tue May 19 2026 17:45:00 GMT-0700 (Pacific Daylight Time),39
Tue May 19 2026 18:00:00 GMT-0700 (Pacific Daylight Time),50
Tue May 19 2026 18:15:00 GMT-0700 (Pacific Daylight Time),54
Tue May 19 2026 18:30:00 GMT-0700 (Pacific Daylight Time),48
Tue May 19 2026 18:45:00 GMT-0700 (Pacific Daylight Time),50
Tue May 19 2026 19:00:00 GMT-0700 (Pacific Daylight Time),48
Tue May 19 2026 19:15:00 GMT-0700 (Pacific Daylight Time),44
Tue May 19 2026 19:30:00 GMT-0700 (Pacific Daylight Time),43
Tue May 19 2026 19:45:00 GMT-0700 (Pacific Daylight Time),48
Tue May 19 2026 20:00:00 GMT-0700 (Pacific Daylight Time),50
Tue May 19 2026 20:15:00 GMT-0700 (Pacific Daylight Time),47
Tue May 19 2026 20:30:00 GMT-0700 (Pacific Daylight Time),45
Tue May 19 2026 20:45:00 GMT-0700 (Pacific Daylight Time),55
Tue May 19 2026 21:00:00 GMT-0700 (Pacific Daylight Time),56
Tue May 19 2026 21:15:00 GMT-0700 (Pacific Daylight Time),53
Tue May 19 2026 21:30:00 GMT-0700 (Pacific Daylight Time),51
Tue May 19 2026 21:45:00 GMT-0700 (Pacific Daylight Time),67
Tue May 19 2026 22:00:00 GMT-0700 (Pacific Daylight Time),62
Tue May 19 2026 22:15:00 GMT-0700 (Pacific Daylight Time),50
Tue May 19 2026 22:30:00 GMT-0700 (Pacific Daylight Time),58
Tue May 19 2026 22:45:00 GMT-0700 (Pacific Daylight Time),50
Tue May 19 2026 23:00:00 GMT-0700 (Pacific Daylight Time),51
Tue May 19 2026 23:15:00 GMT-0700 (Pacific Daylight Time),54
Tue May 19 2026 23:30:00 GMT-0700 (Pacific Daylight Time),50
Tue May 19 2026 23:45:00 GMT-0700 (Pacific Daylight Time),47
Wed May 20 2026 00:00:00 GMT-0700 (Pacific Daylight Time),41
Wed May 20 2026 00:15:00 GMT-0700 (Pacific Daylight Time),32
Wed May 20 2026 00:30:00 GMT-0700 (Pacific Daylight Time),42
Wed May 20 2026 00:45:00 GMT-0700 (Pacific Daylight Time),43
Wed May 20 2026 01:00:00 GMT-0700 (Pacific Daylight Time),43
Wed May 20 2026 01:15:00 GMT-0700 (Pacific Daylight Time),42
Wed May 20 2026 01:30:00 GMT-0700 (Pacific Daylight Time),41
Wed May 20 2026 01:45:00 GMT-0700 (Pacific Daylight Time),41
Wed May 20 2026 02:00:00 GMT-0700 (Pacific Daylight Time),33
Wed May 20 2026 02:15:00 GMT-0700 (Pacific Daylight Time),38
Wed May 20 2026 02:30:00 GMT-0700 (Pacific Daylight Time),39
Wed May 20 2026 02:45:00 GMT-0700 (Pacific Daylight Time),35
Wed May 20 2026 03:00:00 GMT-0700 (Pacific Daylight Time),28
Wed May 20 2026 03:15:00 GMT-0700 (Pacific Daylight Time),36
Wed May 20 2026 03:30:00 GMT-0700 (Pacific Daylight Time),34
Wed May 20 2026 03:45:00 GMT-0700 (Pacific Daylight Time),23
Wed May 20 2026 04:00:00 GMT-0700 (Pacific Daylight Time),35
Wed May 20 2026 04:15:00 GMT-0700 (Pacific Daylight Time),34
Wed May 20 2026 04:30:00 GMT-0700 (Pacific Daylight Time),21
Wed May 20 2026 04:45:00 GMT-0700 (Pacific Daylight Time),33
Wed May 20 2026 05:00:00 GMT-0700 (Pacific Daylight Time),33
Wed May 20 2026 05:15:00 GMT-0700 (Pacific Daylight Time),21
Wed May 20 2026 05:30:00 GMT-0700 (Pacific Daylight Time),32
Wed May 20 2026 05:45:00 GMT-0700 (Pacific Daylight Time),34
Wed May 20 2026 06:00:00 GMT-0700 (Pacific Daylight Time),35
Wed May 20 2026 06:15:00 GMT-0700 (Pacific Daylight Time),37
Wed May 20 2026 06:30:00 GMT-0700 (Pacific Daylight Time),36
Wed May 20 2026 06:45:00 GMT-0700 (Pacific Daylight Time),40
Wed May 20 2026 07:00:00 GMT-0700 (Pacific Daylight Time),42
Wed May 20 2026 07:15:00 GMT-0700 (Pacific Daylight Time),49
Wed May 20 2026 07:30:00 GMT-0700 (Pacific Daylight Time),52
Wed May 20 2026 07:45:00 GMT-0700 (Pacific Daylight Time),51
Wed May 20 2026 08:00:00 GMT-0700 (Pacific Daylight Time),49
Wed May 20 2026 08:15:00 GMT-0700 (Pacific Daylight Time),50
Wed May 20 2026 08:30:00 GMT-0700 (Pacific Daylight Time),55
Wed May 20 2026 08:45:00 GMT-0700 (Pacific Daylight Time),50
Wed May 20 2026 09:00:00 GMT-0700 (Pacific Daylight Time),62
Wed May 20 2026 09:15:00 GMT-0700 (Pacific Daylight Time),58
Wed May 20 2026 09:30:00 GMT-0700 (Pacific Daylight Time),56
Wed May 20 2026 09:45:00 GMT-0700 (Pacific Daylight Time),56
Wed May 20 2026 10:00:00 GMT-0700 (Pacific Daylight Time),54
Wed May 20 2026 10:15:00 GMT-0700 (Pacific Daylight Time),56
Wed May 20 2026 10:30:00 GMT-0700 (Pacific Daylight Time),54
Wed May 20 2026 10:45:00 GMT-0700 (Pacific Daylight Time),55
Wed May 20 2026 11:00:00 GMT-0700 (Pacific Daylight Time),45
Wed May 20 2026 11:15:00 GMT-0700 (Pacific Daylight Time),52
Wed May 20 2026 11:30:00 GMT-0700 (Pacific Daylight Time),52
Wed May 20 2026 11:45:00 GMT-0700 (Pacific Daylight Time),56
Wed May 20 2026 12:00:00 GMT-0700 (Pacific Daylight Time),47
Wed May 20 2026 12:15:00 GMT-0700 (Pacific Daylight Time),55
Wed May 20 2026 12:30:00 GMT-0700 (Pacific Daylight Time),58
Wed May 20 2026 12:45:00 GMT-0700 (Pacific Daylight Time),60
Wed May 20 2026 13:00:00 GMT-0700 (Pacific Daylight Time),54
Wed May 20 2026 13:15:00 GMT-0700 (Pacific Daylight Time),53
Wed May 20 2026 13:30:00 GMT-0700 (Pacific Daylight Time),59
Wed May 20 2026 13:45:00 GMT-0700 (Pacific Daylight Time),54
Wed May 20 2026 14:00:00 GMT-0700 (Pacific Daylight Time),57
Wed May 20 2026 14:15:00 GMT-0700 (Pacific Daylight Time),55
Wed May 20 2026 14:30:00 GMT-0700 (Pacific Daylight Time),55
Wed May 20 2026 14:45:00 GMT-0700 (Pacific Daylight Time),56
Wed May 20 2026 15:00:00 GMT-0700 (Pacific Daylight Time),56
Wed May 20 2026 15:15:00 GMT-0700 (Pacific Daylight Time),58
Wed May 20 2026 15:30:00 GMT-0700 (Pacific Daylight Time),64
Wed May 20 2026 15:45:00 GMT-0700 (Pacific Daylight Time),51
Wed May 20 2026 16:00:00 GMT-0700 (Pacific Daylight Time),51
Wed May 20 2026 16:15:00 GMT-0700 (Pacific Daylight Time),48
Wed May 20 2026 16:30:00 GMT-0700 (Pacific Daylight Time),51
Wed May 20 2026 16:45:00 GMT-0700 (Pacific Daylight Time),46
Wed May 20 2026 17:00:00 GMT-0700 (Pacific Daylight Time),47
Wed May 20 2026 17:15:00 GMT-0700 (Pacific Daylight Time),48
Wed May 20 2026 17:30:00 GMT-0700 (Pacific Daylight Time),47
Wed May 20 2026 17:45:00 GMT-0700 (Pacific Daylight Time),55
Wed May 20 2026 18:00:00 GMT-0700 (Pacific Daylight Time),54
Wed May 20 2026 18:15:00 GMT-0700 (Pacific Daylight Time),55
Wed May 20 2026 18:30:00 GMT-0700 (Pacific Daylight Time),53
Wed May 20 2026 18:45:00 GMT-0700 (Pacific Daylight Time),51
Wed May 20 2026 19:00:00 GMT-0700 (Pacific Daylight Time),49
Wed May 20 2026 19:15:00 GMT-0700 (Pacific Daylight Time),48
Wed May 20 2026 19:30:00 GMT-0700 (Pacific Daylight Time),42
Wed May 20 2026 19:45:00 GMT-0700 (Pacific Daylight Time),43
Wed May 20 2026 20:00:00 GMT-0700 (Pacific Daylight Time),57
Wed May 20 2026 20:15:00 GMT-0700 (Pacific Daylight Time),58
Wed May 20 2026 20:30:00 GMT-0700 (Pacific Daylight Time),57
Wed May 20 2026 20:45:00 GMT-0700 (Pacific Daylight Time),44
Wed May 20 2026 21:00:00 GMT-0700 (Pacific Daylight Time),45
Wed May 20 2026 21:15:00 GMT-0700 (Pacific Daylight Time),59
Wed May 20 2026 21:30:00 GMT-0700 (Pacific Daylight Time),54
Wed May 20 2026 21:45:00 GMT-0700 (Pacific Daylight Time),45
Wed May 20 2026 22:00:00 GMT-0700 (Pacific Daylight Time),53
Wed May 20 2026 22:15:00 GMT-0700 (Pacific Daylight Time),50
Wed May 20 2026 22:30:00 GMT-0700 (Pacific Daylight Time),39
Wed May 20 2026 22:45:00 GMT-0700 (Pacific Daylight Time),41
Wed May 20 2026 23:00:00 GMT-0700 (Pacific Daylight Time),48
Wed May 20 2026 23:15:00 GMT-0700 (Pacific Daylight Time),43
Wed May 20 2026 23:30:00 GMT-0700 (Pacific Daylight Time),49
Wed May 20 2026 23:45:00 GMT-0700 (Pacific Daylight Time),42
Thu May 21 2026 00:00:00 GMT-0700 (Pacific Daylight Time),35
Thu May 21 2026 00:15:00 GMT-0700 (Pacific Daylight Time),44
Thu May 21 2026 00:30:00 GMT-0700 (Pacific Daylight Time),44
Thu May 21 2026 00:45:00 GMT-0700 (Pacific Daylight Time),35
Thu May 21 2026 01:00:00 GMT-0700 (Pacific Daylight Time),51
Thu May 21 2026 01:15:00 GMT-0700 (Pacific Daylight Time),46
Thu May 21 2026 01:30:00 GMT-0700 (Pacific Daylight Time),32
Thu May 21 2026 01:45:00 GMT-0700 (Pacific Daylight Time),33
Thu May 21 2026 02:00:00 GMT-0700 (Pacific Daylight Time),41
Thu May 21 2026 02:15:00 GMT-0700 (Pacific Daylight Time),39
Thu May 21 2026 02:30:00 GMT-0700 (Pacific Daylight Time),37
Thu May 21 2026 02:45:00 GMT-0700 (Pacific Daylight Time),38
Thu May 21 2026 03:00:00 GMT-0700 (Pacific Daylight Time),37
Thu May 21 2026 03:15:00 GMT-0700 (Pacific Daylight Time),28
Thu May 21 2026 03:30:00 GMT-0700 (Pacific Daylight Time),28
Thu May 21 2026 03:45:00 GMT-0700 (Pacific Daylight Time),34
Thu May 21 2026 04:00:00 GMT-0700 (Pacific Daylight Time),27
Thu May 21 2026 04:15:00 GMT-0700 (Pacific Daylight Time),28
Thu May 21 2026 04:30:00 GMT-0700 (Pacific Daylight Time),33
Thu May 21 2026 04:45:00 GMT-0700 (Pacific Daylight Time),26
Thu May 21 2026 05:00:00 GMT-0700 (Pacific Daylight Time),28
Thu May 21 2026 05:15:00 GMT-0700 (Pacific Daylight Time),32
Thu May 21 2026 05:30:00 GMT-0700 (Pacific Daylight Time),24
Thu May 21 2026 05:45:00 GMT-0700 (Pacific Daylight Time),31
Thu May 21 2026 06:00:00 GMT-0700 (Pacific Daylight Time),35
Thu May 21 2026 06:15:00 GMT-0700 (Pacific Daylight Time),38
Thu May 21 2026 06:30:00 GMT-0700 (Pacific Daylight Time),37
Thu May 21 2026 06:45:00 GMT-0700 (Pacific Daylight Time),43
Thu May 21 2026 07:00:00 GMT-0700 (Pacific Daylight Time),47
Thu May 21 2026 07:15:00 GMT-0700 (Pacific Daylight Time),45
Thu May 21 2026 07:30:00 GMT-0700 (Pacific Daylight Time),50
Thu May 21 2026 07:45:00 GMT-0700 (Pacific Daylight Time),49
Thu May 21 2026 08:00:00 GMT-0700 (Pacific Daylight Time),53
Thu May 21 2026 08:15:00 GMT-0700 (Pacific Daylight Time),53
Thu May 21 2026 08:30:00 GMT-0700 (Pacific Daylight Time),45
Thu May 21 2026 08:45:00 GMT-0700 (Pacific Daylight Time),44
Thu May 21 2026 09:00:00 GMT-0700 (Pacific Daylight Time),59
Thu May 21 2026 09:15:00 GMT-0700 (Pacific Daylight Time),60
Thu May 21 2026 09:30:00 GMT-0700 (Pacific Daylight Time),57
Thu May 21 2026 09:45:00 GMT-0700 (Pacific Daylight Time),59
Thu May 21 2026 10:00:00 GMT-0700 (Pacific Daylight Time),56
Thu May 21 2026 10:15:00 GMT-0700 (Pacific Daylight Time),58
Thu May 21 2026 10:30:00 GMT-0700 (Pacific Daylight Time),56
Thu May 21 2026 10:45:00 GMT-0700 (Pacific Daylight Time),53
Thu May 21 2026 11:00:00 GMT-0700 (Pacific Daylight Time),55
Thu May 21 2026 11:15:00 GMT-0700 (Pacific Daylight Time),52
Thu May 21 2026 11:30:00 GMT-0700 (Pacific Daylight Time),61
Thu May 21 2026 11:45:00 GMT-0700 (Pacific Daylight Time),54
Thu May 21 2026 12:00:00 GMT-0700 (Pacific Daylight Time),53
Thu May 21 2026 12:15:00 GMT-0700 (Pacific Daylight Time),59
Thu May 21 2026 12:30:00 GMT-0700 (Pacific Daylight Time),65
Thu May 21 2026 12:45:00 GMT-0700 (Pacific Daylight Time),60
Thu May 21 2026 13:00:00 GMT-0700 (Pacific Daylight Time),52
Thu May 21 2026 13:15:00 GMT-0700 (Pacific Daylight Time),54
Thu May 21 2026 13:30:00 GMT-0700 (Pacific Daylight Time),60
Thu May 21 2026 13:45:00 GMT-0700 (Pacific Daylight Time),63
Thu May 21 2026 14:00:00 GMT-0700 (Pacific Daylight Time),64
Thu May 21 2026 14:15:00 GMT-0700 (Pacific Daylight Time),65
Thu May 21 2026 14:30:00 GMT-0700 (Pacific Daylight Time),64
Thu May 21 2026 14:45:00 GMT-0700 (Pacific Daylight Time),64
Thu May 21 2026 15:00:00 GMT-0700 (Pacific Daylight Time),60
Thu May 21 2026 15:15:00 GMT-0700 (Pacific Daylight Time),61
Thu May 21 2026 15:30:00 GMT-0700 (Pacific Daylight Time),63
Thu May 21 2026 15:45:00 GMT-0700 (Pacific Daylight Time),66
Thu May 21 2026 16:00:00 GMT-0700 (Pacific Daylight Time),69
Thu May 21 2026 16:15:00 GMT-0700 (Pacific Daylight Time),65
Thu May 21 2026 16:30:00 GMT-0700 (Pacific Daylight Time),66
Thu May 21 2026 16:45:00 GMT-0700 (Pacific Daylight Time),66
Thu May 21 2026 17:00:00 GMT-0700 (Pacific Daylight Time),65
Thu May 21 2026 17:15:00 GMT-0700 (Pacific Daylight Time),64
Thu May 21 2026 17:30:00 GMT-0700 (Pacific Daylight Time),62
Thu May 21 2026 17:45:00 GMT-0700 (Pacific Daylight Time),65
Thu May 21 2026 18:00:00 GMT-0700 (Pacific Daylight Time),62
Thu May 21 2026 18:15:00 GMT-0700 (Pacific Daylight Time),65
Thu May 21 2026 18:30:00 GMT-0700 (Pacific Daylight Time),67
Thu May 21 2026 18:45:00 GMT-0700 (Pacific Daylight Time),64
Thu May 21 2026 19:00:00 GMT-0700 (Pacific Daylight Time),63
Thu May 21 2026 19:15:00 GMT-0700 (Pacific Daylight Time),56
Thu May 21 2026 19:30:00 GMT-0700 (Pacific Daylight Time),51
Thu May 21 2026 19:45:00 GMT-0700 (Pacific Daylight Time),51
Thu May 21 2026 20:00:00 GMT-0700 (Pacific Daylight Time),51
Thu May 21 2026 20:15:00 GMT-0700 (Pacific Daylight Time),48
Thu May 21 2026 20:30:00 GMT-0700 (Pacific Daylight Time),50
Thu May 21 2026 20:45:00 GMT-0700 (Pacific Daylight Time),47
Thu May 21 2026 21:00:00 GMT-0700 (Pacific Daylight Time),45
Thu May 21 2026 21:15:00 GMT-0700 (Pacific Daylight Time),58
Thu May 21 2026 21:30:00 GMT-0700 (Pacific Daylight Time),56
Thu May 21 2026 21:45:00 GMT-0700 (Pacific Daylight Time),56
Thu May 21 2026 22:00:00 GMT-0700 (Pacific Daylight Time),58
Thu May 21 2026 22:15:00 GMT-0700 (Pacific Daylight Time),49
Thu May 21 2026 22:30:00 GMT-0700 (Pacific Daylight Time),44
Thu May 21 2026 22:45:00 GMT-0700 (Pacific Daylight Time),52
Thu May 21 2026 23:00:00 GMT-0700 (Pacific Daylight Time),43
Thu May 21 2026 23:15:00 GMT-0700 (Pacific Daylight Time),37
Thu May 21 2026 23:30:00 GMT-0700 (Pacific Daylight Time),42
Thu May 21 2026 23:45:00 GMT-0700 (Pacific Daylight Time),42
Fri May 22 2026 00:00:00 GMT-0700 (Pacific Daylight Time),45
Fri May 22 2026 00:15:00 GMT-0700 (Pacific Daylight Time),41
Fri May 22 2026 00:30:00 GMT-0700 (Pacific Daylight Time),45
Fri May 22 2026 00:45:00 GMT-0700 (Pacific Daylight Time),40
Fri May 22 2026 01:00:00 GMT-0700 (Pacific Daylight Time),40
Fri May 22 2026 01:15:00 GMT-0700 (Pacific Daylight Time),44
Fri May 22 2026 01:30:00 GMT-0700 (Pacific Daylight Time),38
Fri May 22 2026 01:45:00 GMT-0700 (Pacific Daylight Time),38
Fri May 22 2026 02:00:00 GMT-0700 (Pacific Daylight Time),39
Fri May 22 2026 02:15:00 GMT-0700 (Pacific Daylight Time),38
Fri May 22 2026 02:30:00 GMT-0700 (Pacific Daylight Time),41
Fri May 22 2026 02:45:00 GMT-0700 (Pacific Daylight Time),39
Fri May 22 2026 03:00:00 GMT-0700 (Pacific Daylight Time),37
Fri May 22 2026 03:15:00 GMT-0700 (Pacific Daylight Time),38
Fri May 22 2026 03:30:00 GMT-0700 (Pacific Daylight Time),29
Fri May 22 2026 03:45:00 GMT-0700 (Pacific Daylight Time),29
Fri May 22 2026 04:00:00 GMT-0700 (Pacific Daylight Time),37
Fri May 22 2026 04:15:00 GMT-0700 (Pacific Daylight Time),34
Fri May 22 2026 04:30:00 GMT-0700 (Pacific Daylight Time),33
Fri May 22 2026 04:45:00 GMT-0700 (Pacific Daylight Time),34
Fri May 22 2026 05:00:00 GMT-0700 (Pacific Daylight Time),33
Fri May 22 2026 05:15:00 GMT-0700 (Pacific Daylight Time),32
Fri May 22 2026 05:30:00 GMT-0700 (Pacific Daylight Time),33
Fri May 22 2026 05:45:00 GMT-0700 (Pacific Daylight Time),35
Fri May 22 2026 06:00:00 GMT-0700 (Pacific Daylight Time),34
Fri May 22 2026 06:15:00 GMT-0700 (Pacific Daylight Time),35
Fri May 22 2026 06:30:00 GMT-0700 (Pacific Daylight Time),36
Fri May 22 2026 06:45:00 GMT-0700 (Pacific Daylight Time),40
Fri May 22 2026 07:00:00 GMT-0700 (Pacific Daylight Time),45
Fri May 22 2026 07:15:00 GMT-0700 (Pacific Daylight Time),44
Fri May 22 2026 07:30:00 GMT-0700 (Pacific Daylight Time),42
Fri May 22 2026 07:45:00 GMT-0700 (Pacific Daylight Time),46
Fri May 22 2026 08:00:00 GMT-0700 (Pacific Daylight Time),51
Fri May 22 2026 08:15:00 GMT-0700 (Pacific Daylight Time),57
Fri May 22 2026 08:30:00 GMT-0700 (Pacific Daylight Time),52
Fri May 22 2026 08:45:00 GMT-0700 (Pacific Daylight Time),64
Fri May 22 2026 09:00:00 GMT-0700 (Pacific Daylight Time),47
Fri May 22 2026 09:15:00 GMT-0700 (Pacific Daylight Time),42
Fri May 22 2026 09:30:00 GMT-0700 (Pacific Daylight Time),61
Fri May 22 2026 09:45:00 GMT-0700 (Pacific Daylight Time),49
Fri May 22 2026 10:00:00 GMT-0700 (Pacific Daylight Time),40
Fri May 22 2026 10:15:00 GMT-0700 (Pacific Daylight Time),56
Fri May 22 2026 10:30:00 GMT-0700 (Pacific Daylight Time),56
Fri May 22 2026 10:45:00 GMT-0700 (Pacific Daylight Time),47
Fri May 22 2026 11:00:00 GMT-0700 (Pacific Daylight Time),46
Fri May 22 2026 11:15:00 GMT-0700 (Pacific Daylight Time),54
Fri May 22 2026 11:30:00 GMT-0700 (Pacific Daylight Time),58
Fri May 22 2026 11:45:00 GMT-0700 (Pacific Daylight Time),59
Fri May 22 2026 12:00:00 GMT-0700 (Pacific Daylight Time),60
Fri May 22 2026 12:15:00 GMT-0700 (Pacific Daylight Time),55
Fri May 22 2026 12:30:00 GMT-0700 (Pacific Daylight Time),58
Fri May 22 2026 12:45:00 GMT-0700 (Pacific Daylight Time),62
Fri May 22 2026 13:00:00 GMT-0700 (Pacific Daylight Time),62
Fri May 22 2026 13:15:00 GMT-0700 (Pacific Daylight Time),53
Fri May 22 2026 13:30:00 GMT-0700 (Pacific Daylight Time),60
Fri May 22 2026 13:45:00 GMT-0700 (Pacific Daylight Time),64
Fri May 22 2026 14:00:00 GMT-0700 (Pacific Daylight Time),64
Fri May 22 2026 14:15:00 GMT-0700 (Pacific Daylight Time),63
Fri May 22 2026 14:30:00 GMT-0700 (Pacific Daylight Time),57
Fri May 22 2026 14:45:00 GMT-0700 (Pacific Daylight Time),58
Fri May 22 2026 15:00:00 GMT-0700 (Pacific Daylight Time),60
Fri May 22 2026 15:15:00 GMT-0700 (Pacific Daylight Time),66
Fri May 22 2026 15:30:00 GMT-0700 (Pacific Daylight Time),65
Fri May 22 2026 15:45:00 GMT-0700 (Pacific Daylight Time),66
Fri May 22 2026 16:00:00 GMT-0700 (Pacific Daylight Time),65
Fri May 22 2026 16:15:00 GMT-0700 (Pacific Daylight Time),63
Fri May 22 2026 16:30:00 GMT-0700 (Pacific Daylight Time),70
Fri May 22 2026 16:45:00 GMT-0700 (Pacific Daylight Time),68
Fri May 22 2026 17:00:00 GMT-0700 (Pacific Daylight Time),62
Fri May 22 2026 17:15:00 GMT-0700 (Pacific Daylight Time),58
Fri May 22 2026 17:30:00 GMT-0700 (Pacific Daylight Time),58
Fri May 22 2026 17:45:00 GMT-0700 (Pacific Daylight Time),54
Fri May 22 2026 18:00:00 GMT-0700 (Pacific Daylight Time),55
Fri May 22 2026 18:15:00 GMT-0700 (Pacific Daylight Time),53
Fri May 22 2026 18:30:00 GMT-0700 (Pacific Daylight Time),52
Fri May 22 2026 18:45:00 GMT-0700 (Pacific Daylight Time),49
Fri May 22 2026 19:00:00 GMT-0700 (Pacific Daylight Time),48
Fri May 22 2026 19:15:00 GMT-0700 (Pacific Daylight Time),43
Fri May 22 2026 19:30:00 GMT-0700 (Pacific Daylight Time),31
Fri May 22 2026 19:45:00 GMT-0700 (Pacific Daylight Time),41
Fri May 22 2026 20:00:00 GMT-0700 (Pacific Daylight Time),44
Fri May 22 2026 20:15:00 GMT-0700 (Pacific Daylight Time),39
Fri May 22 2026 20:30:00 GMT-0700 (Pacific Daylight Time),55
Fri May 22 2026 20:45:00 GMT-0700 (Pacific Daylight Time),49
Fri May 22 2026 21:00:00 GMT-0700 (Pacific Daylight Time),40
Fri May 22 2026 21:15:00 GMT-0700 (Pacific Daylight Time),39
Fri May 22 2026 21:30:00 GMT-0700 (Pacific Daylight Time),47
Fri May 22 2026 21:45:00 GMT-0700 (Pacific Daylight Time),50
Fri May 22 2026 22:00:00 GMT-0700 (Pacific Daylight Time),44
Fri May 22 2026 22:15:00 GMT-0700 (Pacific Daylight Time),45
Fri May 22 2026 22:30:00 GMT-0700 (Pacific Daylight Time),43
Fri May 22 2026 22:45:00 GMT-0700 (Pacific Daylight Time),36
Fri May 22 2026 23:00:00 GMT-0700 (Pacific Daylight Time),31
Fri May 22 2026 23:15:00 GMT-0700 (Pacific Daylight Time),43
Fri May 22 2026 23:30:00 GMT-0700 (Pacific Daylight Time),43
Fri May 22 2026 23:45:00 GMT-0700 (Pacific Daylight Time),36
Sat May 23 2026 00:00:00 GMT-0700 (Pacific Daylight Time),29
Sat May 23 2026 00:15:00 GMT-0700 (Pacific Daylight Time),43
Sat May 23 2026 00:30:00 GMT-0700 (Pacific Daylight Time),45
Sat May 23 2026 00:45:00 GMT-0700 (Pacific Daylight Time),41
Sat May 23 2026 01:00:00 GMT-0700 (Pacific Daylight Time),42
Sat May 23 2026 01:15:00 GMT-0700 (Pacific Daylight Time),40
Sat May 23 2026 01:30:00 GMT-0700 (Pacific Daylight Time),40
Sat May 23 2026 01:45:00 GMT-0700 (Pacific Daylight Time),40
Sat May 23 2026 02:00:00 GMT-0700 (Pacific Daylight Time),44
Sat May 23 2026 02:15:00 GMT-0700 (Pacific Daylight Time),41
Sat May 23 2026 02:30:00 GMT-0700 (Pacific Daylight Time),39
Sat May 23 2026 02:45:00 GMT-0700 (Pacific Daylight Time),40
Sat May 23 2026 03:00:00 GMT-0700 (Pacific Daylight Time),39
Sat May 23 2026 03:15:00 GMT-0700 (Pacific Daylight Time),40
Sat May 23 2026 03:30:00 GMT-0700 (Pacific Daylight Time),37
Sat May 23 2026 03:45:00 GMT-0700 (Pacific Daylight Time),34
Sat May 23 2026 04:00:00 GMT-0700 (Pacific Daylight Time),33
Sat May 23 2026 04:15:00 GMT-0700 (Pacific Daylight Time),34
Sat May 23 2026 04:30:00 GMT-0700 (Pacific Daylight Time),34
Sat May 23 2026 04:45:00 GMT-0700 (Pacific Daylight Time),33
Sat May 23 2026 05:00:00 GMT-0700 (Pacific Daylight Time),34
Sat May 23 2026 05:15:00 GMT-0700 (Pacific Daylight Time),32
Sat May 23 2026 05:30:00 GMT-0700 (Pacific Daylight Time),33
Sat May 23 2026 05:45:00 GMT-0700 (Pacific Daylight Time),33
Sat May 23 2026 06:00:00 GMT-0700 (Pacific Daylight Time),34
Sat May 23 2026 06:15:00 GMT-0700 (Pacific Daylight Time),35
Sat May 23 2026 06:30:00 GMT-0700 (Pacific Daylight Time),36
Sat May 23 2026 06:45:00 GMT-0700 (Pacific Daylight Time),38
Sat May 23 2026 07:00:00 GMT-0700 (Pacific Daylight Time),40
Sat May 23 2026 07:15:00 GMT-0700 (Pacific Daylight Time),41
Sat May 23 2026 07:30:00 GMT-0700 (Pacific Daylight Time),42
Sat May 23 2026 07:45:00 GMT-0700 (Pacific Daylight Time),43
Sat May 23 2026 08:00:00 GMT-0700 (Pacific Daylight Time),49
Sat May 23 2026 08:15:00 GMT-0700 (Pacific Daylight Time),54
Sat May 23 2026 08:30:00 GMT-0700 (Pacific Daylight Time),42
Sat May 23 2026 08:45:00 GMT-0700 (Pacific Daylight Time),39
Sat May 23 2026 09:00:00 GMT-0700 (Pacific Daylight Time),39
Sat May 23 2026 09:15:00 GMT-0700 (Pacific Daylight Time),39
Sat May 23 2026 09:30:00 GMT-0700 (Pacific Daylight Time),34
Sat May 23 2026 09:45:00 GMT-0700 (Pacific Daylight Time),50
Sat May 23 2026 10:00:00 GMT-0700 (Pacific Daylight Time),49
Sat May 23 2026 10:15:00 GMT-0700 (Pacific Daylight Time),43
Sat May 23 2026 10:30:00 GMT-0700 (Pacific Daylight Time),48
Sat May 23 2026 10:45:00 GMT-0700 (Pacific Daylight Time),46
Sat May 23 2026 11:00:00 GMT-0700 (Pacific Daylight Time),48
Sat May 23 2026 11:15:00 GMT-0700 (Pacific Daylight Time),49
Sat May 23 2026 11:30:00 GMT-0700 (Pacific Daylight Time),52
Sat May 23 2026 11:45:00 GMT-0700 (Pacific Daylight Time),51
Sat May 23 2026 12:00:00 GMT-0700 (Pacific Daylight Time),46
Sat May 23 2026 12:15:00 GMT-0700 (Pacific Daylight Time),51
Sat May 23 2026 12:30:00 GMT-0700 (Pacific Daylight Time),47
Sat May 23 2026 12:45:00 GMT-0700 (Pacific Daylight Time),49
Sat May 23 2026 13:00:00 GMT-0700 (Pacific Daylight Time),51
Sat May 23 2026 13:15:00 GMT-0700 (Pacific Daylight Time),51
Sat May 23 2026 13:30:00 GMT-0700 (Pacific Daylight Time),52
Sat May 23 2026 13:45:00 GMT-0700 (Pacific Daylight Time),53
Sat May 23 2026 14:00:00 GMT-0700 (Pacific Daylight Time),48
Sat May 23 2026 14:15:00 GMT-0700 (Pacific Daylight Time),50
Sat May 23 2026 14:30:00 GMT-0700 (Pacific Daylight Time),56
Sat May 23 2026 14:45:00 GMT-0700 (Pacific Daylight Time),51
Sat May 23 2026 15:00:00 GMT-0700 (Pacific Daylight Time),48
Sat May 23 2026 15:15:00 GMT-0700 (Pacific Daylight Time),57
Sat May 23 2026 15:30:00 GMT-0700 (Pacific Daylight Time),57
Sat May 23 2026 15:45:00 GMT-0700 (Pacific Daylight Time),50
Sat May 23 2026 16:00:00 GMT-0700 (Pacific Daylight Time),50
Sat May 23 2026 16:15:00 GMT-0700 (Pacific Daylight Time),50
Sat May 23 2026 16:30:00 GMT-0700 (Pacific Daylight Time),54
Sat May 23 2026 16:45:00 GMT-0700 (Pacific Daylight Time),54
Sat May 23 2026 17:00:00 GMT-0700 (Pacific Daylight Time),49
Sat May 23 2026 17:15:00 GMT-0700 (Pacific Daylight Time),49
Sat May 23 2026 17:30:00 GMT-0700 (Pacific Daylight Time),53
Sat May 23 2026 17:45:00 GMT-0700 (Pacific Daylight Time),51
Sat May 23 2026 18:00:00 GMT-0700 (Pacific Daylight Time),48
Sat May 23 2026 18:15:00 GMT-0700 (Pacific Daylight Time),52
Sat May 23 2026 18:30:00 GMT-0700 (Pacific Daylight Time),54
Sat May 23 2026 18:45:00 GMT-0700 (Pacific Daylight Time),56
Sat May 23 2026 19:00:00 GMT-0700 (Pacific Daylight Time),47
Sat May 23 2026 19:15:00 GMT-0700 (Pacific Daylight Time),47
Sat May 23 2026 19:30:00 GMT-0700 (Pacific Daylight Time),35
Sat May 23 2026 19:45:00 GMT-0700 (Pacific Daylight Time),28
Sat May 23 2026 20:00:00 GMT-0700 (Pacific Daylight Time),43
Sat May 23 2026 20:15:00 GMT-0700 (Pacific Daylight Time),41
Sat May 23 2026 20:30:00 GMT-0700 (Pacific Daylight Time),39
Sat May 23 2026 20:45:00 GMT-0700 (Pacific Daylight Time),52
Sat May 23 2026 21:00:00 GMT-0700 (Pacific Daylight Time),44
Sat May 23 2026 21:15:00 GMT-0700 (Pacific Daylight Time),38
Sat May 23 2026 21:30:00 GMT-0700 (Pacific Daylight Time),51
Sat May 23 2026 21:45:00 GMT-0700 (Pacific Daylight Time),47
Sat May 23 2026 22:00:00 GMT-0700 (Pacific Daylight Time),44
Sat May 23 2026 22:15:00 GMT-0700 (Pacific Daylight Time),42
Sat May 23 2026 22:30:00 GMT-0700 (Pacific Daylight Time),49
Sat May 23 2026 22:45:00 GMT-0700 (Pacific Daylight Time),32
Sat May 23 2026 23:00:00 GMT-0700 (Pacific Daylight Time),30
Sat May 23 2026 23:15:00 GMT-0700 (Pacific Daylight Time),42
Sat May 23 2026 23:30:00 GMT-0700 (Pacific Daylight Time),40
Sat May 23 2026 23:45:00 GMT-0700 (Pacific Daylight Time),41
Sun May 24 2026 00:00:00 GMT-0700 (Pacific Daylight Time),41
Sun May 24 2026 00:15:00 GMT-0700 (Pacific Daylight Time),33
Sun May 24 2026 00:30:00 GMT-0700 (Pacific Daylight Time),28
Sun May 24 2026 00:45:00 GMT-0700 (Pacific Daylight Time),39
Sun May 24 2026 01:00:00 GMT-0700 (Pacific Daylight Time),39
Sun May 24 2026 01:15:00 GMT-0700 (Pacific Daylight Time),45
Sun May 24 2026 01:30:00 GMT-0700 (Pacific Daylight Time),40
Sun May 24 2026 01:45:00 GMT-0700 (Pacific Daylight Time),37
Sun May 24 2026 02:00:00 GMT-0700 (Pacific Daylight Time),35
Sun May 24 2026 02:15:00 GMT-0700 (Pacific Daylight Time),35
Sun May 24 2026 02:30:00 GMT-0700 (Pacific Daylight Time),35
Sun May 24 2026 02:45:00 GMT-0700 (Pacific Daylight Time),36
Sun May 24 2026 03:00:00 GMT-0700 (Pacific Daylight Time),29
Sun May 24 2026 03:15:00 GMT-0700 (Pacific Daylight Time),30
Sun May 24 2026 03:30:00 GMT-0700 (Pacific Daylight Time),39
Sun May 24 2026 03:45:00 GMT-0700 (Pacific Daylight Time),33
Sun May 24 2026 04:00:00 GMT-0700 (Pacific Daylight Time),29
Sun May 24 2026 04:15:00 GMT-0700 (Pacific Daylight Time),37
Sun May 24 2026 04:30:00 GMT-0700 (Pacific Daylight Time),33
Sun May 24 2026 04:45:00 GMT-0700 (Pacific Daylight Time),21
Sun May 24 2026 05:00:00 GMT-0700 (Pacific Daylight Time),32
Sun May 24 2026 05:15:00 GMT-0700 (Pacific Daylight Time),32
Sun May 24 2026 05:30:00 GMT-0700 (Pacific Daylight Time),24
Sun May 24 2026 05:45:00 GMT-0700 (Pacific Daylight Time),31
Sun May 24 2026 06:00:00 GMT-0700 (Pacific Daylight Time),34
Sun May 24 2026 06:15:00 GMT-0700 (Pacific Daylight Time),34
Sun May 24 2026 06:30:00 GMT-0700 (Pacific Daylight Time),35
Sun May 24 2026 06:45:00 GMT-0700 (Pacific Daylight Time),37
Sun May 24 2026 07:00:00 GMT-0700 (Pacific Daylight Time),39
Sun May 24 2026 07:15:00 GMT-0700 (Pacific Daylight Time),38
Sun May 24 2026 07:30:00 GMT-0700 (Pacific Daylight Time),38
Sun May 24 2026 07:45:00 GMT-0700 (Pacific Daylight Time),39
Sun May 24 2026 08:00:00 GMT-0700 (Pacific Daylight Time),41
Sun May 24 2026 08:15:00 GMT-0700 (Pacific Daylight Time),46
Sun May 24 2026 08:30:00 GMT-0700 (Pacific Daylight Time),39
Sun May 24 2026 08:45:00 GMT-0700 (Pacific Daylight Time),35
Sun May 24 2026 09:00:00 GMT-0700 (Pacific Daylight Time),46
Sun May 24 2026 09:15:00 GMT-0700 (Pacific Daylight Time),44
Sun May 24 2026 09:30:00 GMT-0700 (Pacific Daylight Time),42
Sun May 24 2026 09:45:00 GMT-0700 (Pacific Daylight Time),44
Sun May 24 2026 10:00:00 GMT-0700 (Pacific Daylight Time),45
Sun May 24 2026 10:15:00 GMT-0700 (Pacific Daylight Time),48
Sun May 24 2026 10:30:00 GMT-0700 (Pacific Daylight Time),47
Sun May 24 2026 10:45:00 GMT-0700 (Pacific Daylight Time),44
Sun May 24 2026 11:00:00 GMT-0700 (Pacific Daylight Time),52
Sun May 24 2026 11:15:00 GMT-0700 (Pacific Daylight Time),49
Sun May 24 2026 11:30:00 GMT-0700 (Pacific Daylight Time),43
Sun May 24 2026 11:45:00 GMT-0700 (Pacific Daylight Time),42
Sun May 24 2026 12:00:00 GMT-0700 (Pacific Daylight Time),46
Sun May 24 2026 12:15:00 GMT-0700 (Pacific Daylight Time),46
Sun May 24 2026 12:30:00 GMT-0700 (Pacific Daylight Time),55
Sun May 24 2026 12:45:00 GMT-0700 (Pacific Daylight Time),53
Sun May 24 2026 13:00:00 GMT-0700 (Pacific Daylight Time),47
Sun May 24 2026 13:15:00 GMT-0700 (Pacific Daylight Time),48
Sun May 24 2026 13:30:00 GMT-0700 (Pacific Daylight Time),56
Sun May 24 2026 13:45:00 GMT-0700 (Pacific Daylight Time),61
Sun May 24 2026 14:00:00 GMT-0700 (Pacific Daylight Time),55
Sun May 24 2026 14:15:00 GMT-0700 (Pacific Daylight Time),55
Sun May 24 2026 14:30:00 GMT-0700 (Pacific Daylight Time),52
Sun May 24 2026 14:45:00 GMT-0700 (Pacific Daylight Time),52
Sun May 24 2026 15:00:00 GMT-0700 (Pacific Daylight Time),52
Sun May 24 2026 15:15:00 GMT-0700 (Pacific Daylight Time),53
Sun May 24 2026 15:30:00 GMT-0700 (Pacific Daylight Time),56
Sun May 24 2026 15:45:00 GMT-0700 (Pacific Daylight Time),55
Sun May 24 2026 16:00:00 GMT-0700 (Pacific Daylight Time),49
Sun May 24 2026 16:15:00 GMT-0700 (Pacific Daylight Time),51
Sun May 24 2026 16:30:00 GMT-0700 (Pacific Daylight Time),55
Sun May 24 2026 16:45:00 GMT-0700 (Pacific Daylight Time),57
Sun May 24 2026 17:00:00 GMT-0700 (Pacific Daylight Time),58
Sun May 24 2026 17:15:00 GMT-0700 (Pacific Daylight Time),59
Sun May 24 2026 17:30:00 GMT-0700 (Pacific Daylight Time),49
Sun May 24 2026 17:45:00 GMT-0700 (Pacific Daylight Time),51
Sun May 24 2026 18:00:00 GMT-0700 (Pacific Daylight Time),48
Sun May 24 2026 18:15:00 GMT-0700 (Pacific Daylight Time),49
Sun May 24 2026 18:30:00 GMT-0700 (Pacific Daylight Time),46
Sun May 24 2026 18:45:00 GMT-0700 (Pacific Daylight Time),45
Sun May 24 2026 19:00:00 GMT-0700 (Pacific Daylight Time),46
Sun May 24 2026 19:15:00 GMT-0700 (Pacific Daylight Time),43
Sun May 24 2026 19:30:00 GMT-0700 (Pacific Daylight Time),44
Sun May 24 2026 19:45:00 GMT-0700 (Pacific Daylight Time),35
Sun May 24 2026 20:00:00 GMT-0700 (Pacific Daylight Time),36
Sun May 24 2026 20:15:00 GMT-0700 (Pacific Daylight Time),47
Sun May 24 2026 20:30:00 GMT-0700 (Pacific Daylight Time),48
Sun May 24 2026 20:45:00 GMT-0700 (Pacific Daylight Time),46
Sun May 24 2026 21:00:00 GMT-0700 (Pacific Daylight Time),41
Sun May 24 2026 21:15:00 GMT-0700 (Pacific Daylight Time),42
Sun May 24 2026 21:30:00 GMT-0700 (Pacific Daylight Time),53
Sun May 24 2026 21:45:00 GMT-0700 (Pacific Daylight Time),52
Sun May 24 2026 22:00:00 GMT-0700 (Pacific Daylight Time),49
Sun May 24 2026 22:15:00 GMT-0700 (Pacific Daylight Time),35
Sun May 24 2026 22:30:00 GMT-0700 (Pacific Daylight Time),32
Sun May 24 2026 22:45:00 GMT-0700 (Pacific Daylight Time),43
Sun May 24 2026 23:00:00 GMT-0700 (Pacific Daylight Time),41
Sun May 24 2026 23:15:00 GMT-0700 (Pacific Daylight Time),37
Sun May 24 2026 23:30:00 GMT-0700 (Pacific Daylight Time),34
Sun May 24 2026 23:45:00 GMT-0700 (Pacific Daylight Time),41
Mon May 25 2026 00:00:00 GMT-0700 (Pacific Daylight Time),38
Mon May 25 2026 00:15:00 GMT-0700 (Pacific Daylight Time),29
Mon May 25 2026 00:30:00 GMT-0700 (Pacific Daylight Time),38
Mon May 25 2026 00:45:00 GMT-0700 (Pacific Daylight Time),45
Mon May 25 2026 01:00:00 GMT-0700 (Pacific Daylight Time),39
Mon May 25 2026 01:15:00 GMT-0700 (Pacific Daylight Time),41
Mon May 25 2026 01:30:00 GMT-0700 (Pacific Daylight Time),33
Mon May 25 2026 01:45:00 GMT-0700 (Pacific Daylight Time),31
Mon May 25 2026 02:00:00 GMT-0700 (Pacific Daylight Time),39
Mon May 25 2026 02:15:00 GMT-0700 (Pacific Daylight Time),31
Mon May 25 2026 02:30:00 GMT-0700 (Pacific Daylight Time),34
Mon May 25 2026 02:45:00 GMT-0700 (Pacific Daylight Time),39
Mon May 25 2026 03:00:00 GMT-0700 (Pacific Daylight Time),27
Mon May 25 2026 03:15:00 GMT-0700 (Pacific Daylight Time),30
Mon May 25 2026 03:30:00 GMT-0700 (Pacific Daylight Time),34
Mon May 25 2026 03:45:00 GMT-0700 (Pacific Daylight Time),26
Mon May 25 2026 04:00:00 GMT-0700 (Pacific Daylight Time),29
Mon May 25 2026 04:15:00 GMT-0700 (Pacific Daylight Time),34
Mon May 25 2026 04:30:00 GMT-0700 (Pacific Daylight Time),25
Mon May 25 2026 04:45:00 GMT-0700 (Pacific Daylight Time),31
Mon May 25 2026 05:00:00 GMT-0700 (Pacific Daylight Time),34
Mon May 25 2026 05:15:00 GMT-0700 (Pacific Daylight Time),23
Mon May 25 2026 05:30:00 GMT-0700 (Pacific Daylight Time),32
Mon May 25 2026 05:45:00 GMT-0700 (Pacific Daylight Time),34
Mon May 25 2026 06:00:00 GMT-0700 (Pacific Daylight Time),34
Mon May 25 2026 06:15:00 GMT-0700 (Pacific Daylight Time),34
Mon May 25 2026 06:30:00 GMT-0700 (Pacific Daylight Time),36
Mon May 25 2026 06:45:00 GMT-0700 (Pacific Daylight Time),37
Mon May 25 2026 07:00:00 GMT-0700 (Pacific Daylight Time),40
Mon May 25 2026 07:15:00 GMT-0700 (Pacific Daylight Time),40
Mon May 25 2026 07:30:00 GMT-0700 (Pacific Daylight Time),40
Mon May 25 2026 07:45:00 GMT-0700 (Pacific Daylight Time),38
Mon May 25 2026 08:00:00 GMT-0700 (Pacific Daylight Time),40
Mon May 25 2026 08:15:00 GMT-0700 (Pacific Daylight Time),43
Mon May 25 2026 08:30:00 GMT-0700 (Pacific Daylight Time),43
Mon May 25 2026 08:45:00 GMT-0700 (Pacific Daylight Time),41
Mon May 25 2026 09:00:00 GMT-0700 (Pacific Daylight Time),41
Mon May 25 2026 09:15:00 GMT-0700 (Pacific Daylight Time),47
Mon May 25 2026 09:30:00 GMT-0700 (Pacific Daylight Time),44
Mon May 25 2026 09:45:00 GMT-0700 (Pacific Daylight Time),45
Mon May 25 2026 10:00:00 GMT-0700 (Pacific Daylight Time),43
Mon May 25 2026 10:15:00 GMT-0700 (Pacific Daylight Time),42
Mon May 25 2026 10:30:00 GMT-0700 (Pacific Daylight Time),44
Mon May 25 2026 10:45:00 GMT-0700 (Pacific Daylight Time),45
Mon May 25 2026 11:00:00 GMT-0700 (Pacific Daylight Time),47
Mon May 25 2026 11:15:00 GMT-0700 (Pacific Daylight Time),46
Mon May 25 2026 11:30:00 GMT-0700 (Pacific Daylight Time),48
Mon May 25 2026 11:45:00 GMT-0700 (Pacific Daylight Time),48
Mon May 25 2026 12:00:00 GMT-0700 (Pacific Daylight Time),48
Mon May 25 2026 12:15:00 GMT-0700 (Pacific Daylight Time),53
Mon May 25 2026 12:30:00 GMT-0700 (Pacific Daylight Time),50
Mon May 25 2026 12:45:00 GMT-0700 (Pacific Daylight Time),49
Mon May 25 2026 13:00:00 GMT-0700 (Pacific Daylight Time),50
Mon May 25 2026 13:15:00 GMT-0700 (Pacific Daylight Time),55
Mon May 25 2026 13:30:00 GMT-0700 (Pacific Daylight Time),52
Mon May 25 2026 13:45:00 GMT-0700 (Pacific Daylight Time),54
Mon May 25 2026 14:00:00 GMT-0700 (Pacific Daylight Time),51
Mon May 25 2026 14:15:00 GMT-0700 (Pacific Daylight Time),53
Mon May 25 2026 14:30:00 GMT-0700 (Pacific Daylight Time),52
Mon May 25 2026 14:45:00 GMT-0700 (Pacific Daylight Time),53
Mon May 25 2026 15:00:00 GMT-0700 (Pacific Daylight Time),60
Mon May 25 2026 15:15:00 GMT-0700 (Pacific Daylight Time),51
Mon May 25 2026 15:30:00 GMT-0700 (Pacific Daylight Time),48
Mon May 25 2026 15:45:00 GMT-0700 (Pacific Daylight Time),50
Mon May 25 2026 16:00:00 GMT-0700 (Pacific Daylight Time),55
Mon May 25 2026 16:15:00 GMT-0700 (Pacific Daylight Time),52
Mon May 25 2026 16:30:00 GMT-0700 (Pacific Daylight Time),53
Mon May 25 2026 16:45:00 GMT-0700 (Pacific Daylight Time),52
Mon May 25 2026 17:00:00 GMT-0700 (Pacific Daylight Time),57
Mon May 25 2026 17:15:00 GMT-0700 (Pacific Daylight Time),52
Mon May 25 2026 17:30:00 GMT-0700 (Pacific Daylight Time),53
Mon May 25 2026 17:45:00 GMT-0700 (Pacific Daylight Time),53
Mon May 25 2026 18:00:00 GMT-0700 (Pacific Daylight Time),50
Mon May 25 2026 18:15:00 GMT-0700 (Pacific Daylight Time),61
Mon May 25 2026 18:30:00 GMT-0700 (Pacific Daylight Time),57
Mon May 25 2026 18:45:00 GMT-0700 (Pacific Daylight Time),49
Mon May 25 2026 19:00:00 GMT-0700 (Pacific Daylight Time),54
Mon May 25 2026 19:15:00 GMT-0700 (Pacific Daylight Time),58
Mon May 25 2026 19:30:00 GMT-0700 (Pacific Daylight Time),59
Mon May 25 2026 19:45:00 GMT-0700 (Pacific Daylight Time),56
Mon May 25 2026 20:00:00 GMT-0700 (Pacific Daylight Time),51
Mon May 25 2026 20:15:00 GMT-0700 (Pacific Daylight Time),53
Mon May 25 2026 20:30:00 GMT-0700 (Pacific Daylight Time),55
Mon May 25 2026 20:45:00 GMT-0700 (Pacific Daylight Time),54
Mon May 25 2026 21:00:00 GMT-0700 (Pacific Daylight Time),56
Mon May 25 2026 21:15:00 GMT-0700 (Pacific Daylight Time),50
Mon May 25 2026 21:30:00 GMT-0700 (Pacific Daylight Time),51
Mon May 25 2026 21:45:00 GMT-0700 (Pacific Daylight Time),52
Mon May 25 2026 22:00:00 GMT-0700 (Pacific Daylight Time),61
Mon May 25 2026 22:15:00 GMT-0700 (Pacific Daylight Time),53
Mon May 25 2026 22:30:00 GMT-0700 (Pacific Daylight Time),53
Mon May 25 2026 22:45:00 GMT-0700 (Pacific Daylight Time),42
Mon May 25 2026 23:00:00 GMT-0700 (Pacific Daylight Time),40
Mon May 25 2026 23:15:00 GMT-0700 (Pacific Daylight Time),47
Mon May 25 2026 23:30:00 GMT-0700 (Pacific Daylight Time),31
Mon May 25 2026 23:45:00 GMT-0700 (Pacific Daylight Time),40
Tue May 26 2026 00:00:00 GMT-0700 (Pacific Daylight Time),43
Tue May 26 2026 00:15:00 GMT-0700 (Pacific Daylight Time),36
Tue May 26 2026 00:30:00 GMT-0700 (Pacific Daylight Time),42
Tue May 26 2026 00:45:00 GMT-0700 (Pacific Daylight Time),36
Tue May 26 2026 01:00:00 GMT-0700 (Pacific Daylight Time),34
Tue May 26 2026 01:15:00 GMT-0700 (Pacific Daylight Time),45
Tue May 26 2026 01:30:00 GMT-0700 (Pacific Daylight Time),30
Tue May 26 2026 01:45:00 GMT-0700 (Pacific Daylight Time),34
Tue May 26 2026 02:00:00 GMT-0700 (Pacific Daylight Time),38
Tue May 26 2026 02:15:00 GMT-0700 (Pacific Daylight Time),27
Tue May 26 2026 02:30:00 GMT-0700 (Pacific Daylight Time),41
Tue May 26 2026 02:45:00 GMT-0700 (Pacific Daylight Time),33
Tue May 26 2026 03:00:00 GMT-0700 (Pacific Daylight Time),25
Tue May 26 2026 03:15:00 GMT-0700 (Pacific Daylight Time),34
Tue May 26 2026 03:30:00 GMT-0700 (Pacific Daylight Time),28
Tue May 26 2026 03:45:00 GMT-0700 (Pacific Daylight Time),24
Tue May 26 2026 04:00:00 GMT-0700 (Pacific Daylight Time),35
Tue May 26 2026 04:15:00 GMT-0700 (Pacific Daylight Time),26
Tue May 26 2026 04:30:00 GMT-0700 (Pacific Daylight Time),28
Tue May 26 2026 04:45:00 GMT-0700 (Pacific Daylight Time),33
Tue May 26 2026 05:00:00 GMT-0700 (Pacific Daylight Time),22
Tue May 26 2026 05:15:00 GMT-0700 (Pacific Daylight Time),30
Tue May 26 2026 05:30:00 GMT-0700 (Pacific Daylight Time),31
Tue May 26 2026 05:45:00 GMT-0700 (Pacific Daylight Time),26
Tue May 26 2026 06:00:00 GMT-0700 (Pacific Daylight Time),37
Tue May 26 2026 06:15:00 GMT-0700 (Pacific Daylight Time),36
Tue May 26 2026 06:30:00 GMT-0700 (Pacific Daylight Time),40
Tue May 26 2026 06:45:00 GMT-0700 (Pacific Daylight Time),39
Tue May 26 2026 07:00:00 GMT-0700 (Pacific Daylight Time),40
Tue May 26 2026 07:15:00 GMT-0700 (Pacific Daylight Time),40
Tue May 26 2026 07:30:00 GMT-0700 (Pacific Daylight Time),43
Tue May 26 2026 07:45:00 GMT-0700 (Pacific Daylight Time),44
Tue May 26 2026 08:00:00 GMT-0700 (Pacific Daylight Time),46
Tue May 26 2026 08:15:00 GMT-0700 (Pacific Daylight Time),50
Tue May 26 2026 08:30:00 GMT-0700 (Pacific Daylight Time),49
Tue May 26 2026 08:45:00 GMT-0700 (Pacific Daylight Time),48
Tue May 26 2026 09:00:00 GMT-0700 (Pacific Daylight Time),49
Tue May 26 2026 09:15:00 GMT-0700 (Pacific Daylight Time),48
Tue May 26 2026 09:30:00 GMT-0700 (Pacific Daylight Time),56
Tue May 26 2026 09:45:00 GMT-0700 (Pacific Daylight Time),57
Tue May 26 2026 10:00:00 GMT-0700 (Pacific Daylight Time),59
Tue May 26 2026 10:15:00 GMT-0700 (Pacific Daylight Time),53
Tue May 26 2026 10:30:00 GMT-0700 (Pacific Daylight Time),42
Tue May 26 2026 10:45:00 GMT-0700 (Pacific Daylight Time),49
Tue May 26 2026 11:00:00 GMT-0700 (Pacific Daylight Time),63
Tue May 26 2026 11:15:00 GMT-0700 (Pacific Daylight Time),62
Tue May 26 2026 11:30:00 GMT-0700 (Pacific Daylight Time),59
Tue May 26 2026 11:45:00 GMT-0700 (Pacific Daylight Time),57
Tue May 26 2026 12:00:00 GMT-0700 (Pacific Daylight Time),55
Tue May 26 2026 12:15:00 GMT-0700 (Pacific Daylight Time),56
Tue May 26 2026 12:30:00 GMT-0700 (Pacific Daylight Time),55
Tue May 26 2026 12:45:00 GMT-0700 (Pacific Daylight Time),51
Tue May 26 2026 13:00:00 GMT-0700 (Pacific Daylight Time),53
Tue May 26 2026 13:15:00 GMT-0700 (Pacific Daylight Time),55
Tue May 26 2026 13:30:00 GMT-0700 (Pacific Daylight Time),59
Tue May 26 2026 13:45:00 GMT-0700 (Pacific Daylight Time),56
Tue May 26 2026 14:00:00 GMT-0700 (Pacific Daylight Time),56
Tue May 26 2026 14:15:00 GMT-0700 (Pacific Daylight Time),46
Tue May 26 2026 14:30:00 GMT-0700 (Pacific Daylight Time),61
Tue May 26 2026 14:45:00 GMT-0700 (Pacific Daylight Time),43
Tue May 26 2026 15:00:00 GMT-0700 (Pacific Daylight Time),48
Tue May 26 2026 15:15:00 GMT-0700 (Pacific Daylight Time),63
Tue May 26 2026 15:30:00 GMT-0700 (Pacific Daylight Time),60
Tue May 26 2026 15:45:00 GMT-0700 (Pacific Daylight Time),52
Tue May 26 2026 16:00:00 GMT-0700 (Pacific Daylight Time),50
Tue May 26 2026 16:15:00 GMT-0700 (Pacific Daylight Time),48
Tue May 26 2026 16:30:00 GMT-0700 (Pacific Daylight Time),50
Tue May 26 2026 16:45:00 GMT-0700 (Pacific Daylight Time),54
Tue May 26 2026 17:00:00 GMT-0700 (Pacific Daylight Time),54
Tue May 26 2026 17:15:00 GMT-0700 (Pacific Daylight Time),52
Tue May 26 2026 17:30:00 GMT-0700 (Pacific Daylight Time),51
Tue May 26 2026 17:45:00 GMT-0700 (Pacific Daylight Time),56
Tue May 26 2026 18:00:00 GMT-0700 (Pacific Daylight Time),48
Tue May 26 2026 18:15:00 GMT-0700 (Pacific Daylight Time),51
Tue May 26 2026 18:30:00 GMT-0700 (Pacific Daylight Time),52
Tue May 26 2026 18:45:00 GMT-0700 (Pacific Daylight Time),47
Tue May 26 2026 19:00:00 GMT-0700 (Pacific Daylight Time),50
Tue May 26 2026 19:15:00 GMT-0700 (Pacific Daylight Time),52
Tue May 26 2026 19:30:00 GMT-0700 (Pacific Daylight Time),53
Tue May 26 2026 19:45:00 GMT-0700 (Pacific Daylight Time),56
Tue May 26 2026 20:00:00 GMT-0700 (Pacific Daylight Time),55
Tue May 26 2026 20:15:00 GMT-0700 (Pacific Daylight Time),52
Tue May 26 2026 20:30:00 GMT-0700 (Pacific Daylight Time),50
Tue May 26 2026 20:45:00 GMT-0700 (Pacific Daylight Time),59
Tue May 26 2026 21:00:00 GMT-0700 (Pacific Daylight Time),58
Tue May 26 2026 21:15:00 GMT-0700 (Pacific Daylight Time),57
Tue May 26 2026 21:30:00 GMT-0700 (Pacific Daylight Time),66
Tue May 26 2026 21:45:00 GMT-0700 (Pacific Daylight Time),58
Tue May 26 2026 22:00:00 GMT-0700 (Pacific Daylight Time),61
Tue May 26 2026 22:15:00 GMT-0700 (Pacific Daylight Time),53
Tue May 26 2026 22:30:00 GMT-0700 (Pacific Daylight Time),50
Tue May 26 2026 22:45:00 GMT-0700 (Pacific Daylight Time),50
Tue May 26 2026 23:00:00 GMT-0700 (Pacific Daylight Time),38
Tue May 26 2026 23:15:00 GMT-0700 (Pacific Daylight Time),53
Tue May 26 2026 23:30:00 GMT-0700 (Pacific Daylight Time),55
Tue May 26 2026 23:45:00 GMT-0700 (Pacific Daylight Time),50
Wed May 27 2026 00:00:00 GMT-0700 (Pacific Daylight Time),47
Wed May 27 2026 00:15:00 GMT-0700 (Pacific Daylight Time),44
Wed May 27 2026 00:30:00 GMT-0700 (Pacific Daylight Time),47
Wed May 27 2026 00:45:00 GMT-0700 (Pacific Daylight Time),50
Wed May 27 2026 01:00:00 GMT-0700 (Pacific Daylight Time),41
Wed May 27 2026 01:15:00 GMT-0700 (Pacific Daylight Time),40
Wed May 27 2026 01:30:00 GMT-0700 (Pacific Daylight Time),40
Wed May 27 2026 01:45:00 GMT-0700 (Pacific Daylight Time),39
Wed May 27 2026 02:00:00 GMT-0700 (Pacific Daylight Time),40
Wed May 27 2026 02:15:00 GMT-0700 (Pacific Daylight Time),41
Wed May 27 2026 02:30:00 GMT-0700 (Pacific Daylight Time),40
Wed May 27 2026 02:45:00 GMT-0700 (Pacific Daylight Time),42
Wed May 27 2026 03:00:00 GMT-0700 (Pacific Daylight Time),40
Wed May 27 2026 03:15:00 GMT-0700 (Pacific Daylight Time),37
Wed May 27 2026 03:30:00 GMT-0700 (Pacific Daylight Time),36
Wed May 27 2026 03:45:00 GMT-0700 (Pacific Daylight Time),35
Wed May 27 2026 04:00:00 GMT-0700 (Pacific Daylight Time),35
Wed May 27 2026 04:15:00 GMT-0700 (Pacific Daylight Time),34
Wed May 27 2026 04:30:00 GMT-0700 (Pacific Daylight Time),35
Wed May 27 2026 04:45:00 GMT-0700 (Pacific Daylight Time),33
Wed May 27 2026 05:00:00 GMT-0700 (Pacific Daylight Time),33
Wed May 27 2026 05:15:00 GMT-0700 (Pacific Daylight Time),33
Wed May 27 2026 05:30:00 GMT-0700 (Pacific Daylight Time),32
Wed May 27 2026 05:45:00 GMT-0700 (Pacific Daylight Time),34
Wed May 27 2026 06:00:00 GMT-0700 (Pacific Daylight Time),36
Wed May 27 2026 06:15:00 GMT-0700 (Pacific Daylight Time),37
Wed May 27 2026 06:30:00 GMT-0700 (Pacific Daylight Time),37
Wed May 27 2026 06:45:00 GMT-0700 (Pacific Daylight Time),39
Wed May 27 2026 07:00:00 GMT-0700 (Pacific Daylight Time),42
Wed May 27 2026 07:15:00 GMT-0700 (Pacific Daylight Time),42
Wed May 27 2026 07:30:00 GMT-0700 (Pacific Daylight Time),44
Wed May 27 2026 07:45:00 GMT-0700 (Pacific Daylight Time),49
Wed May 27 2026 08:00:00 GMT-0700 (Pacific Daylight Time),51
Wed May 27 2026 08:15:00 GMT-0700 (Pacific Daylight Time),63
Wed May 27 2026 08:30:00 GMT-0700 (Pacific Daylight Time),40
Wed May 27 2026 08:45:00 GMT-0700 (Pacific Daylight Time),50
Wed May 27 2026 09:00:00 GMT-0700 (Pacific Daylight Time),46
Wed May 27 2026 09:15:00 GMT-0700 (Pacific Daylight Time),53
Wed May 27 2026 09:30:00 GMT-0700 (Pacific Daylight Time),49
Wed May 27 2026 09:45:00 GMT-0700 (Pacific Daylight Time),58
Wed May 27 2026 10:00:00 GMT-0700 (Pacific Daylight Time),57
Wed May 27 2026 10:15:00 GMT-0700 (Pacific Daylight Time),55
Wed May 27 2026 10:30:00 GMT-0700 (Pacific Daylight Time),54
Wed May 27 2026 10:45:00 GMT-0700 (Pacific Daylight Time),54
Wed May 27 2026 11:00:00 GMT-0700 (Pacific Daylight Time),52
Wed May 27 2026 11:15:00 GMT-0700 (Pacific Daylight Time),52
Wed May 27 2026 11:30:00 GMT-0700 (Pacific Daylight Time),57
Wed May 27 2026 11:45:00 GMT-0700 (Pacific Daylight Time),57
Wed May 27 2026 12:00:00 GMT-0700 (Pacific Daylight Time),56
Wed May 27 2026 12:15:00 GMT-0700 (Pacific Daylight Time),52
Wed May 27 2026 12:30:00 GMT-0700 (Pacific Daylight Time),56
Wed May 27 2026 12:45:00 GMT-0700 (Pacific Daylight Time),62
Wed May 27 2026 13:00:00 GMT-0700 (Pacific Daylight Time),58
Wed May 27 2026 13:15:00 GMT-0700 (Pacific Daylight Time),60
Wed May 27 2026 13:30:00 GMT-0700 (Pacific Daylight Time),48
Wed May 27 2026 13:45:00 GMT-0700 (Pacific Daylight Time),47
Wed May 27 2026 14:00:00 GMT-0700 (Pacific Daylight Time),58
Wed May 27 2026 14:15:00 GMT-0700 (Pacific Daylight Time),60
Wed May 27 2026 14:30:00 GMT-0700 (Pacific Daylight Time),54
Wed May 27 2026 14:45:00 GMT-0700 (Pacific Daylight Time),54
Wed May 27 2026 15:00:00 GMT-0700 (Pacific Daylight Time),61
Wed May 27 2026 15:15:00 GMT-0700 (Pacific Daylight Time),65
Wed May 27 2026 15:30:00 GMT-0700 (Pacific Daylight Time),67
Wed May 27 2026 15:45:00 GMT-0700 (Pacific Daylight Time),51
Wed May 27 2026 16:00:00 GMT-0700 (Pacific Daylight Time),53
Wed May 27 2026 16:15:00 GMT-0700 (Pacific Daylight Time),61
Wed May 27 2026 16:30:00 GMT-0700 (Pacific Daylight Time),51
Wed May 27 2026 16:45:00 GMT-0700 (Pacific Daylight Time),55
Wed May 27 2026 17:00:00 GMT-0700 (Pacific Daylight Time),63
Wed May 27 2026 17:15:00 GMT-0700 (Pacific Daylight Time),48
Wed May 27 2026 17:30:00 GMT-0700 (Pacific Daylight Time),50
Wed May 27 2026 17:45:00 GMT-0700 (Pacific Daylight Time),49
Wed May 27 2026 18:00:00 GMT-0700 (Pacific Daylight Time),47
Wed May 27 2026 18:15:00 GMT-0700 (Pacific Daylight Time),60
Wed May 27 2026 18:30:00 GMT-0700 (Pacific Daylight Time),49
Wed May 27 2026 18:45:00 GMT-0700 (Pacific Daylight Time),55
Wed May 27 2026 19:00:00 GMT-0700 (Pacific Daylight Time),55
Wed May 27 2026 19:15:00 GMT-0700 (Pacific Daylight Time),42
Wed May 27 2026 19:30:00 GMT-0700 (Pacific Daylight Time),36
Wed May 27 2026 19:45:00 GMT-0700 (Pacific Daylight Time),50
Wed May 27 2026 20:00:00 GMT-0700 (Pacific Daylight Time),47
Wed May 27 2026 20:15:00 GMT-0700 (Pacific Daylight Time),46
Wed May 27 2026 20:30:00 GMT-0700 (Pacific Daylight Time),55
Wed May 27 2026 20:45:00 GMT-0700 (Pacific Daylight Time),51
Wed May 27 2026 21:00:00 GMT-0700 (Pacific Daylight Time),49
Wed May 27 2026 21:15:00 GMT-0700 (Pacific Daylight Time),56
Wed May 27 2026 21:30:00 GMT-0700 (Pacific Daylight Time),56
Wed May 27 2026 21:45:00 GMT-0700 (Pacific Daylight Time),63
Wed May 27 2026 22:00:00 GMT-0700 (Pacific Daylight Time),62
Wed May 27 2026 22:15:00 GMT-0700 (Pacific Daylight Time),51
Wed May 27 2026 22:30:00 GMT-0700 (Pacific Daylight Time),44
Wed May 27 2026 22:45:00 GMT-0700 (Pacific Daylight Time),54
Wed May 27 2026 23:00:00 GMT-0700 (Pacific Daylight Time),50
Wed May 27 2026 23:15:00 GMT-0700 (Pacific Daylight Time),38
Wed May 27 2026 23:30:00 GMT-0700 (Pacific Daylight Time),35
Wed May 27 2026 23:45:00 GMT-0700 (Pacific Daylight Time),48
Thu May 28 2026 00:00:00 GMT-0700 (Pacific Daylight Time),51
Thu May 28 2026 00:15:00 GMT-0700 (Pacific Daylight Time),41
Thu May 28 2026 00:30:00 GMT-0700 (Pacific Daylight Time),45
Thu May 28 2026 00:45:00 GMT-0700 (Pacific Daylight Time),46
Thu May 28 2026 01:00:00 GMT-0700 (Pacific Daylight Time),46
Thu May 28 2026 01:15:00 GMT-0700 (Pacific Daylight Time),41
Thu May 28 2026 01:30:00 GMT-0700 (Pacific Daylight Time),40
Thu May 28 2026 01:45:00 GMT-0700 (Pacific Daylight Time),39
Thu May 28 2026 02:00:00 GMT-0700 (Pacific Daylight Time),39
Thu May 28 2026 02:15:00 GMT-0700 (Pacific Daylight Time),39
Thu May 28 2026 02:30:00 GMT-0700 (Pacific Daylight Time),35
Thu May 28 2026 02:45:00 GMT-0700 (Pacific Daylight Time),35
Thu May 28 2026 03:00:00 GMT-0700 (Pacific Daylight Time),35
Thu May 28 2026 03:15:00 GMT-0700 (Pacific Daylight Time),35
Thu May 28 2026 03:30:00 GMT-0700 (Pacific Daylight Time),35
Thu May 28 2026 03:45:00 GMT-0700 (Pacific Daylight Time),33
Thu May 28 2026 04:00:00 GMT-0700 (Pacific Daylight Time),35
Thu May 28 2026 04:15:00 GMT-0700 (Pacific Daylight Time),35
Thu May 28 2026 04:30:00 GMT-0700 (Pacific Daylight Time),35
Thu May 28 2026 04:45:00 GMT-0700 (Pacific Daylight Time),33
Thu May 28 2026 05:00:00 GMT-0700 (Pacific Daylight Time),33
Thu May 28 2026 05:15:00 GMT-0700 (Pacific Daylight Time),33
Thu May 28 2026 05:30:00 GMT-0700 (Pacific Daylight Time),34
Thu May 28 2026 05:45:00 GMT-0700 (Pacific Daylight Time),34
Thu May 28 2026 06:00:00 GMT-0700 (Pacific Daylight Time),35
Thu May 28 2026 06:15:00 GMT-0700 (Pacific Daylight Time),39
Thu May 28 2026 06:30:00 GMT-0700 (Pacific Daylight Time),37
Thu May 28 2026 06:45:00 GMT-0700 (Pacific Daylight Time),39
Thu May 28 2026 07:00:00 GMT-0700 (Pacific Daylight Time),45
Thu May 28 2026 07:15:00 GMT-0700 (Pacific Daylight Time),44
Thu May 28 2026 07:30:00 GMT-0700 (Pacific Daylight Time),48
Thu May 28 2026 07:45:00 GMT-0700 (Pacific Daylight Time),51
Thu May 28 2026 08:00:00 GMT-0700 (Pacific Daylight Time),50
Thu May 28 2026 08:15:00 GMT-0700 (Pacific Daylight Time),47
Thu May 28 2026 08:30:00 GMT-0700 (Pacific Daylight Time),50
Thu May 28 2026 08:45:00 GMT-0700 (Pacific Daylight Time),50
Thu May 28 2026 09:00:00 GMT-0700 (Pacific Daylight Time),49
Thu May 28 2026 09:15:00 GMT-0700 (Pacific Daylight Time),59
Thu May 28 2026 09:30:00 GMT-0700 (Pacific Daylight Time),60
Thu May 28 2026 09:45:00 GMT-0700 (Pacific Daylight Time),57
Thu May 28 2026 10:00:00 GMT-0700 (Pacific Daylight Time),50
Thu May 28 2026 10:15:00 GMT-0700 (Pacific Daylight Time),50
Thu May 28 2026 10:30:00 GMT-0700 (Pacific Daylight Time),52
Thu May 28 2026 10:45:00 GMT-0700 (Pacific Daylight Time),51
Thu May 28 2026 11:00:00 GMT-0700 (Pacific Daylight Time),54
Thu May 28 2026 11:15:00 GMT-0700 (Pacific Daylight Time),55
Thu May 28 2026 11:30:00 GMT-0700 (Pacific Daylight Time),55
Thu May 28 2026 11:45:00 GMT-0700 (Pacific Daylight Time),62
Thu May 28 2026 12:00:00 GMT-0700 (Pacific Daylight Time),56
Thu May 28 2026 12:15:00 GMT-0700 (Pacific Daylight Time),59
Thu May 28 2026 12:30:00 GMT-0700 (Pacific Daylight Time),55
Thu May 28 2026 12:45:00 GMT-0700 (Pacific Daylight Time),62
Thu May 28 2026 13:00:00 GMT-0700 (Pacific Daylight Time),67
Thu May 28 2026 13:15:00 GMT-0700 (Pacific Daylight Time),57
Thu May 28 2026 13:30:00 GMT-0700 (Pacific Daylight Time),52
Thu May 28 2026 13:45:00 GMT-0700 (Pacific Daylight Time),61
Thu May 28 2026 14:00:00 GMT-0700 (Pacific Daylight Time),65
Thu May 28 2026 14:15:00 GMT-0700 (Pacific Daylight Time),58
Thu May 28 2026 14:30:00 GMT-0700 (Pacific Daylight Time),57
Thu May 28 2026 14:45:00 GMT-0700 (Pacific Daylight Time),64
Thu May 28 2026 15:00:00 GMT-0700 (Pacific Daylight Time),64
Thu May 28 2026 15:15:00 GMT-0700 (Pacific Daylight Time),56
Thu May 28 2026 15:30:00 GMT-0700 (Pacific Daylight Time),55
Thu May 28 2026 15:45:00 GMT-0700 (Pacific Daylight Time),44
Thu May 28 2026 16:00:00 GMT-0700 (Pacific Daylight Time),46
Thu May 28 2026 16:15:00 GMT-0700 (Pacific Daylight Time),54
Thu May 28 2026 16:30:00 GMT-0700 (Pacific Daylight Time),48
Thu May 28 2026 16:45:00 GMT-0700 (Pacific Daylight Time),41
Thu May 28 2026 17:00:00 GMT-0700 (Pacific Daylight Time),40
Thu May 28 2026 17:15:00 GMT-0700 (Pacific Daylight Time),50
Thu May 28 2026 17:30:00 GMT-0700 (Pacific Daylight Time),51
Thu May 28 2026 17:45:00 GMT-0700 (Pacific Daylight Time),53
Thu May 28 2026 18:00:00 GMT-0700 (Pacific Daylight Time),53
Thu May 28 2026 18:15:00 GMT-0700 (Pacific Daylight Time),52
Thu May 28 2026 18:30:00 GMT-0700 (Pacific Daylight Time),54
Thu May 28 2026 18:45:00 GMT-0700 (Pacific Daylight Time),50
Thu May 28 2026 19:00:00 GMT-0700 (Pacific Daylight Time),51
Thu May 28 2026 19:15:00 GMT-0700 (Pacific Daylight Time),54
Thu May 28 2026 19:30:00 GMT-0700 (Pacific Daylight Time),52
Thu May 28 2026 19:45:00 GMT-0700 (Pacific Daylight Time),51
Thu May 28 2026 20:00:00 GMT-0700 (Pacific Daylight Time),56
Thu May 28 2026 20:15:00 GMT-0700 (Pacific Daylight Time),56
Thu May 28 2026 20:30:00 GMT-0700 (Pacific Daylight Time),57
Thu May 28 2026 20:45:00 GMT-0700 (Pacific Daylight Time),57
Thu May 28 2026 21:00:00 GMT-0700 (Pacific Daylight Time),55
Thu May 28 2026 21:15:00 GMT-0700 (Pacific Daylight Time),53
Thu May 28 2026 21:30:00 GMT-0700 (Pacific Daylight Time),52
Thu May 28 2026 21:45:00 GMT-0700 (Pacific Daylight Time),58
Thu May 28 2026 22:00:00 GMT-0700 (Pacific Daylight Time),63
Thu May 28 2026 22:15:00 GMT-0700 (Pacific Daylight Time),51
Thu May 28 2026 22:30:00 GMT-0700 (Pacific Daylight Time),52
Thu May 28 2026 22:45:00 GMT-0700 (Pacific Daylight Time),45
Thu May 28 2026 23:00:00 GMT-0700 (Pacific Daylight Time),51
Thu May 28 2026 23:15:00 GMT-0700 (Pacific Daylight Time),51
Thu May 28 2026 23:30:00 GMT-0700 (Pacific Daylight Time),36
Thu May 28 2026 23:45:00 GMT-0700 (Pacific Daylight Time),42
Fri May 29 2026 00:00:00 GMT-0700 (Pacific Daylight Time),47
Fri May 29 2026 00:15:00 GMT-0700 (Pacific Daylight Time),48
Fri May 29 2026 00:30:00 GMT-0700 (Pacific Daylight Time),44
Fri May 29 2026 00:45:00 GMT-0700 (Pacific Daylight Time),44
Fri May 29 2026 01:00:00 GMT-0700 (Pacific Daylight Time),42
Fri May 29 2026 01:15:00 GMT-0700 (Pacific Daylight Time),45
Fri May 29 2026 01:30:00 GMT-0700 (Pacific Daylight Time),41
Fri May 29 2026 01:45:00 GMT-0700 (Pacific Daylight Time),39
Fri May 29 2026 02:00:00 GMT-0700 (Pacific Daylight Time),39
Fri May 29 2026 02:15:00 GMT-0700 (Pacific Daylight Time),38
Fri May 29 2026 02:30:00 GMT-0700 (Pacific Daylight Time),39
Fri May 29 2026 02:45:00 GMT-0700 (Pacific Daylight Time),39
Fri May 29 2026 03:00:00 GMT-0700 (Pacific Daylight Time),37
Fri May 29 2026 03:15:00 GMT-0700 (Pacific Daylight Time),36
Fri May 29 2026 03:30:00 GMT-0700 (Pacific Daylight Time),34
Fri May 29 2026 03:45:00 GMT-0700 (Pacific Daylight Time),34
Fri May 29 2026 04:00:00 GMT-0700 (Pacific Daylight Time),34
Fri May 29 2026 04:15:00 GMT-0700 (Pacific Daylight Time),33
Fri May 29 2026 04:30:00 GMT-0700 (Pacific Daylight Time),33
Fri May 29 2026 04:45:00 GMT-0700 (Pacific Daylight Time),34
Fri May 29 2026 05:00:00 GMT-0700 (Pacific Daylight Time),34
Fri May 29 2026 05:15:00 GMT-0700 (Pacific Daylight Time),33
Fri May 29 2026 05:30:00 GMT-0700 (Pacific Daylight Time),33
Fri May 29 2026 05:45:00 GMT-0700 (Pacific Daylight Time),33
Fri May 29 2026 06:00:00 GMT-0700 (Pacific Daylight Time),36
Fri May 29 2026 06:15:00 GMT-0700 (Pacific Daylight Time),37
Fri May 29 2026 06:30:00 GMT-0700 (Pacific Daylight Time),38
Fri May 29 2026 06:45:00 GMT-0700 (Pacific Daylight Time),40
Fri May 29 2026 07:00:00 GMT-0700 (Pacific Daylight Time),42
Fri May 29 2026 07:15:00 GMT-0700 (Pacific Daylight Time),45
Fri May 29 2026 07:30:00 GMT-0700 (Pacific Daylight Time),42
Fri May 29 2026 07:45:00 GMT-0700 (Pacific Daylight Time),44
Fri May 29 2026 08:00:00 GMT-0700 (Pacific Daylight Time),49
Fri May 29 2026 08:15:00 GMT-0700 (Pacific Daylight Time),46
Fri May 29 2026 08:30:00 GMT-0700 (Pacific Daylight Time),54
Fri May 29 2026 08:45:00 GMT-0700 (Pacific Daylight Time),48
Fri May 29 2026 09:00:00 GMT-0700 (Pacific Daylight Time),46
Fri May 29 2026 09:15:00 GMT-0700 (Pacific Daylight Time),57
Fri May 29 2026 09:30:00 GMT-0700 (Pacific Daylight Time),59
Fri May 29 2026 09:45:00 GMT-0700 (Pacific Daylight Time),50
Fri May 29 2026 10:00:00 GMT-0700 (Pacific Daylight Time),45
Fri May 29 2026 10:15:00 GMT-0700 (Pacific Daylight Time),54
Fri May 29 2026 10:30:00 GMT-0700 (Pacific Daylight Time),53
Fri May 29 2026 10:45:00 GMT-0700 (Pacific Daylight Time),57
Fri May 29 2026 11:00:00 GMT-0700 (Pacific Daylight Time),53
Fri May 29 2026 11:15:00 GMT-0700 (Pacific Daylight Time),52
Fri May 29 2026 11:30:00 GMT-0700 (Pacific Daylight Time),54
Fri May 29 2026 11:45:00 GMT-0700 (Pacific Daylight Time),51
Fri May 29 2026 12:00:00 GMT-0700 (Pacific Daylight Time),58
Fri May 29 2026 12:15:00 GMT-0700 (Pacific Daylight Time),53
Fri May 29 2026 12:30:00 GMT-0700 (Pacific Daylight Time),53
Fri May 29 2026 12:45:00 GMT-0700 (Pacific Daylight Time),43
Fri May 29 2026 13:00:00 GMT-0700 (Pacific Daylight Time),50
Fri May 29 2026 13:15:00 GMT-0700 (Pacific Daylight Time),55
Fri May 29 2026 13:30:00 GMT-0700 (Pacific Daylight Time),50
Fri May 29 2026 13:45:00 GMT-0700 (Pacific Daylight Time),52
Fri May 29 2026 14:00:00 GMT-0700 (Pacific Daylight Time),58
Fri May 29 2026 14:15:00 GMT-0700 (Pacific Daylight Time),50
Fri May 29 2026 14:30:00 GMT-0700 (Pacific Daylight Time),43
Fri May 29 2026 14:45:00 GMT-0700 (Pacific Daylight Time),58
Fri May 29 2026 15:00:00 GMT-0700 (Pacific Daylight Time),48
Fri May 29 2026 15:15:00 GMT-0700 (Pacific Daylight Time),45
Fri May 29 2026 15:30:00 GMT-0700 (Pacific Daylight Time),53
Fri May 29 2026 15:45:00 GMT-0700 (Pacific Daylight Time),52
Fri May 29 2026 16:00:00 GMT-0700 (Pacific Daylight Time),56
Fri May 29 2026 16:15:00 GMT-0700 (Pacific Daylight Time),49
Fri May 29 2026 16:30:00 GMT-0700 (Pacific Daylight Time),50
Fri May 29 2026 16:45:00 GMT-0700 (Pacific Daylight Time),52
Fri May 29 2026 17:00:00 GMT-0700 (Pacific Daylight Time),58
Fri May 29 2026 17:15:00 GMT-0700 (Pacific Daylight Time),52
Fri May 29 2026 17:30:00 GMT-0700 (Pacific Daylight Time),55
Fri May 29 2026 17:45:00 GMT-0700 (Pacific Daylight Time),49
Fri May 29 2026 18:00:00 GMT-0700 (Pacific Daylight Time),48
Fri May 29 2026 18:15:00 GMT-0700 (Pacific Daylight Time),49
Fri May 29 2026 18:30:00 GMT-0700 (Pacific Daylight Time),50
Fri May 29 2026 18:45:00 GMT-0700 (Pacific Daylight Time),46
Fri May 29 2026 19:00:00 GMT-0700 (Pacific Daylight Time),45
Fri May 29 2026 19:15:00 GMT-0700 (Pacific Daylight Time),46
Fri May 29 2026 19:30:00 GMT-0700 (Pacific Daylight Time),46
Fri May 29 2026 19:45:00 GMT-0700 (Pacific Daylight Time),47
Fri May 29 2026 20:00:00 GMT-0700 (Pacific Daylight Time),47
Fri May 29 2026 20:15:00 GMT-0700 (Pacific Daylight Time),51
Fri May 29 2026 20:30:00 GMT-0700 (Pacific Daylight Time),47
Fri May 29 2026 20:45:00 GMT-0700 (Pacific Daylight Time),43
Fri May 29 2026 21:00:00 GMT-0700 (Pacific Daylight Time),44
Fri May 29 2026 21:15:00 GMT-0700 (Pacific Daylight Time),46
Fri May 29 2026 21:30:00 GMT-0700 (Pacific Daylight Time),47
Fri May 29 2026 21:45:00 GMT-0700 (Pacific Daylight Time),47
Fri May 29 2026 22:00:00 GMT-0700 (Pacific Daylight Time),43
Fri May 29 2026 22:15:00 GMT-0700 (Pacific Daylight Time),45
Fri May 29 2026 22:30:00 GMT-0700 (Pacific Daylight Time),46
Fri May 29 2026 22:45:00 GMT-0700 (Pacific Daylight Time),45
Fri May 29 2026 23:00:00 GMT-0700 (Pacific Daylight Time),29
Fri May 29 2026 23:15:00 GMT-0700 (Pacific Daylight Time),35
Fri May 29 2026 23:30:00 GMT-0700 (Pacific Daylight Time),42
Fri May 29 2026 23:45:00 GMT-0700 (Pacific Daylight Time),45
Sat May 30 2026 00:00:00 GMT-0700 (Pacific Daylight Time),45
Sat May 30 2026 00:15:00 GMT-0700 (Pacific Daylight Time),46
Sat May 30 2026 00:30:00 GMT-0700 (Pacific Daylight Time),47
Sat May 30 2026 00:45:00 GMT-0700 (Pacific Daylight Time),41
Sat May 30 2026 01:00:00 GMT-0700 (Pacific Daylight Time),39
Sat May 30 2026 01:15:00 GMT-0700 (Pacific Daylight Time),39
Sat May 30 2026 01:30:00 GMT-0700 (Pacific Daylight Time),43
Sat May 30 2026 01:45:00 GMT-0700 (Pacific Daylight Time),38
Sat May 30 2026 02:00:00 GMT-0700 (Pacific Daylight Time),37
Sat May 30 2026 02:15:00 GMT-0700 (Pacific Daylight Time),38
Sat May 30 2026 02:30:00 GMT-0700 (Pacific Daylight Time),38
Sat May 30 2026 02:45:00 GMT-0700 (Pacific Daylight Time),40
Sat May 30 2026 03:00:00 GMT-0700 (Pacific Daylight Time),38
Sat May 30 2026 03:15:00 GMT-0700 (Pacific Daylight Time),36
Sat May 30 2026 03:30:00 GMT-0700 (Pacific Daylight Time),33
Sat May 30 2026 03:45:00 GMT-0700 (Pacific Daylight Time),34
Sat May 30 2026 04:00:00 GMT-0700 (Pacific Daylight Time),34
Sat May 30 2026 04:15:00 GMT-0700 (Pacific Daylight Time),34
Sat May 30 2026 04:30:00 GMT-0700 (Pacific Daylight Time),33
Sat May 30 2026 04:45:00 GMT-0700 (Pacific Daylight Time),34
Sat May 30 2026 05:00:00 GMT-0700 (Pacific Daylight Time),33
Sat May 30 2026 05:15:00 GMT-0700 (Pacific Daylight Time),33
Sat May 30 2026 05:30:00 GMT-0700 (Pacific Daylight Time),34
Sat May 30 2026 05:45:00 GMT-0700 (Pacific Daylight Time),34
Sat May 30 2026 06:00:00 GMT-0700 (Pacific Daylight Time),33
Sat May 30 2026 06:15:00 GMT-0700 (Pacific Daylight Time),34
Sat May 30 2026 06:30:00 GMT-0700 (Pacific Daylight Time),35
Sat May 30 2026 06:45:00 GMT-0700 (Pacific Daylight Time),38
Sat May 30 2026 07:00:00 GMT-0700 (Pacific Daylight Time),40
Sat May 30 2026 07:15:00 GMT-0700 (Pacific Daylight Time),38
Sat May 30 2026 07:30:00 GMT-0700 (Pacific Daylight Time),40
Sat May 30 2026 07:45:00 GMT-0700 (Pacific Daylight Time),40
Sat May 30 2026 08:00:00 GMT-0700 (Pacific Daylight Time),44
Sat May 30 2026 08:15:00 GMT-0700 (Pacific Daylight Time),44
Sat May 30 2026 08:30:00 GMT-0700 (Pacific Daylight Time),42
Sat May 30 2026 08:45:00 GMT-0700 (Pacific Daylight Time),42
Sat May 30 2026 09:00:00 GMT-0700 (Pacific Daylight Time),46
Sat May 30 2026 09:15:00 GMT-0700 (Pacific Daylight Time),52
Sat May 30 2026 09:30:00 GMT-0700 (Pacific Daylight Time),50
Sat May 30 2026 09:45:00 GMT-0700 (Pacific Daylight Time),46
Sat May 30 2026 10:00:00 GMT-0700 (Pacific Daylight Time),51
Sat May 30 2026 10:15:00 GMT-0700 (Pacific Daylight Time),52
Sat May 30 2026 10:30:00 GMT-0700 (Pacific Daylight Time),54
Sat May 30 2026 10:45:00 GMT-0700 (Pacific Daylight Time),36
Sat May 30 2026 11:00:00 GMT-0700 (Pacific Daylight Time),50
Sat May 30 2026 11:15:00 GMT-0700 (Pacific Daylight Time),59
Sat May 30 2026 11:30:00 GMT-0700 (Pacific Daylight Time),59
Sat May 30 2026 11:45:00 GMT-0700 (Pacific Daylight Time),51
Sat May 30 2026 12:00:00 GMT-0700 (Pacific Daylight Time),54
Sat May 30 2026 12:15:00 GMT-0700 (Pacific Daylight Time),56
Sat May 30 2026 12:30:00 GMT-0700 (Pacific Daylight Time),41
Sat May 30 2026 12:45:00 GMT-0700 (Pacific Daylight Time),50
Sat May 30 2026 13:00:00 GMT-0700 (Pacific Daylight Time),57
Sat May 30 2026 13:15:00 GMT-0700 (Pacific Daylight Time),43
Sat May 30 2026 13:30:00 GMT-0700 (Pacific Daylight Time),50
Sat May 30 2026 13:45:00 GMT-0700 (Pacific Daylight Time),54
Sat May 30 2026 14:00:00 GMT-0700 (Pacific Daylight Time),62
Sat May 30 2026 14:15:00 GMT-0700 (Pacific Daylight Time),54
Sat May 30 2026 14:30:00 GMT-0700 (Pacific Daylight Time),48
Sat May 30 2026 14:45:00 GMT-0700 (Pacific Daylight Time),53
Sat May 30 2026 15:00:00 GMT-0700 (Pacific Daylight Time),58
Sat May 30 2026 15:15:00 GMT-0700 (Pacific Daylight Time),40
Sat May 30 2026 15:30:00 GMT-0700 (Pacific Daylight Time),53
Sat May 30 2026 15:45:00 GMT-0700 (Pacific Daylight Time),54
Sat May 30 2026 16:00:00 GMT-0700 (Pacific Daylight Time),50
Sat May 30 2026 16:15:00 GMT-0700 (Pacific Daylight Time),44
Sat May 30 2026 16:30:00 GMT-0700 (Pacific Daylight Time),39
Sat May 30 2026 16:45:00 GMT-0700 (Pacific Daylight Time),48
Sat May 30 2026 17:00:00 GMT-0700 (Pacific Daylight Time),56
Sat May 30 2026 17:15:00 GMT-0700 (Pacific Daylight Time),53
Sat May 30 2026 17:30:00 GMT-0700 (Pacific Daylight Time),46
Sat May 30 2026 17:45:00 GMT-0700 (Pacific Daylight Time),44
Sat May 30 2026 18:00:00 GMT-0700 (Pacific Daylight Time),48
Sat May 30 2026 18:15:00 GMT-0700 (Pacific Daylight Time),49
Sat May 30 2026 18:30:00 GMT-0700 (Pacific Daylight Time),36
Sat May 30 2026 18:45:00 GMT-0700 (Pacific Daylight Time),48
Sat May 30 2026 19:00:00 GMT-0700 (Pacific Daylight Time),48
Sat May 30 2026 19:15:00 GMT-0700 (Pacific Daylight Time),43
Sat May 30 2026 19:30:00 GMT-0700 (Pacific Daylight Time),43
Sat May 30 2026 19:45:00 GMT-0700 (Pacific Daylight Time),43
Sat May 30 2026 20:00:00 GMT-0700 (Pacific Daylight Time),42
Sat May 30 2026 20:15:00 GMT-0700 (Pacific Daylight Time),42
Sat May 30 2026 20:30:00 GMT-0700 (Pacific Daylight Time),48
Sat May 30 2026 20:45:00 GMT-0700 (Pacific Daylight Time),48
Sat May 30 2026 21:00:00 GMT-0700 (Pacific Daylight Time),51
Sat May 30 2026 21:15:00 GMT-0700 (Pacific Daylight Time),50
Sat May 30 2026 21:30:00 GMT-0700 (Pacific Daylight Time),54
Sat May 30 2026 21:45:00 GMT-0700 (Pacific Daylight Time),47
Sat May 30 2026 22:00:00 GMT-0700 (Pacific Daylight Time),46
Sat May 30 2026 22:15:00 GMT-0700 (Pacific Daylight Time),40
Sat May 30 2026 22:30:00 GMT-0700 (Pacific Daylight Time),45
Sat May 30 2026 22:45:00 GMT-0700 (Pacific Daylight Time),45
Sat May 30 2026 23:00:00 GMT-0700 (Pacific Daylight Time),41
Sat May 30 2026 23:15:00 GMT-0700 (Pacific Daylight Time),30
Sat May 30 2026 23:30:00 GMT-0700 (Pacific Daylight Time),39
Sat May 30 2026 23:45:00 GMT-0700 (Pacific Daylight Time),45
Sun May 31 2026 00:00:00 GMT-0700 (Pacific Daylight Time),41
Sun May 31 2026 00:15:00 GMT-0700 (Pacific Daylight Time),45
Sun May 31 2026 00:30:00 GMT-0700 (Pacific Daylight Time),47
Sun May 31 2026 00:45:00 GMT-0700 (Pacific Daylight Time),41
Sun May 31 2026 01:00:00 GMT-0700 (Pacific Daylight Time),42
Sun May 31 2026 01:15:00 GMT-0700 (Pacific Daylight Time),41
Sun May 31 2026 01:30:00 GMT-0700 (Pacific Daylight Time),39
Sun May 31 2026 01:45:00 GMT-0700 (Pacific Daylight Time),39
Sun May 31 2026 02:00:00 GMT-0700 (Pacific Daylight Time),40
Sun May 31 2026 02:15:00 GMT-0700 (Pacific Daylight Time),39
Sun May 31 2026 02:30:00 GMT-0700 (Pacific Daylight Time),37
Sun May 31 2026 02:45:00 GMT-0700 (Pacific Daylight Time),39
Sun May 31 2026 03:00:00 GMT-0700 (Pacific Daylight Time),36
Sun May 31 2026 03:15:00 GMT-0700 (Pacific Daylight Time),37
Sun May 31 2026 03:30:00 GMT-0700 (Pacific Daylight Time),38
Sun May 31 2026 03:45:00 GMT-0700 (Pacific Daylight Time),36
Sun May 31 2026 04:00:00 GMT-0700 (Pacific Daylight Time),34
Sun May 31 2026 04:15:00 GMT-0700 (Pacific Daylight Time),33
Sun May 31 2026 04:30:00 GMT-0700 (Pacific Daylight Time),34
Sun May 31 2026 04:45:00 GMT-0700 (Pacific Daylight Time),34
Sun May 31 2026 05:00:00 GMT-0700 (Pacific Daylight Time),32
Sun May 31 2026 05:15:00 GMT-0700 (Pacific Daylight Time),33
Sun May 31 2026 05:30:00 GMT-0700 (Pacific Daylight Time),32
Sun May 31 2026 05:45:00 GMT-0700 (Pacific Daylight Time),33
Sun May 31 2026 06:00:00 GMT-0700 (Pacific Daylight Time),33
Sun May 31 2026 06:15:00 GMT-0700 (Pacific Daylight Time),34
Sun May 31 2026 06:30:00 GMT-0700 (Pacific Daylight Time),33
Sun May 31 2026 06:45:00 GMT-0700 (Pacific Daylight Time),37
Sun May 31 2026 07:00:00 GMT-0700 (Pacific Daylight Time),38
Sun May 31 2026 07:15:00 GMT-0700 (Pacific Daylight Time),37
Sun May 31 2026 07:30:00 GMT-0700 (Pacific Daylight Time),40
Sun May 31 2026 07:45:00 GMT-0700 (Pacific Daylight Time),40
Sun May 31 2026 08:00:00 GMT-0700 (Pacific Daylight Time),39
Sun May 31 2026 08:15:00 GMT-0700 (Pacific Daylight Time),42
Sun May 31 2026 08:30:00 GMT-0700 (Pacific Daylight Time),45
Sun May 31 2026 08:45:00 GMT-0700 (Pacific Daylight Time),46
Sun May 31 2026 09:00:00 GMT-0700 (Pacific Daylight Time),56
Sun May 31 2026 09:15:00 GMT-0700 (Pacific Daylight Time),50
Sun May 31 2026 09:30:00 GMT-0700 (Pacific Daylight Time),36
Sun May 31 2026 09:45:00 GMT-0700 (Pacific Daylight Time),43
Sun May 31 2026 10:00:00 GMT-0700 (Pacific Daylight Time),46
Sun May 31 2026 10:15:00 GMT-0700 (Pacific Daylight Time),45
Sun May 31 2026 10:30:00 GMT-0700 (Pacific Daylight Time),47
Sun May 31 2026 10:45:00 GMT-0700 (Pacific Daylight Time),53
Sun May 31 2026 11:00:00 GMT-0700 (Pacific Daylight Time),58
Sun May 31 2026 11:15:00 GMT-0700 (Pacific Daylight Time),52
Sun May 31 2026 11:30:00 GMT-0700 (Pacific Daylight Time),54
Sun May 31 2026 11:45:00 GMT-0700 (Pacific Daylight Time),59
Sun May 31 2026 12:00:00 GMT-0700 (Pacific Daylight Time),53
Sun May 31 2026 12:15:00 GMT-0700 (Pacific Daylight Time),58
Sun May 31 2026 12:30:00 GMT-0700 (Pacific Daylight Time),45
Sun May 31 2026 12:45:00 GMT-0700 (Pacific Daylight Time),59
Sun May 31 2026 13:00:00 GMT-0700 (Pacific Daylight Time),54
Sun May 31 2026 13:15:00 GMT-0700 (Pacific Daylight Time),54
Sun May 31 2026 13:30:00 GMT-0700 (Pacific Daylight Time),52
Sun May 31 2026 13:45:00 GMT-0700 (Pacific Daylight Time),60
Sun May 31 2026 14:00:00 GMT-0700 (Pacific Daylight Time),59
Sun May 31 2026 14:15:00 GMT-0700 (Pacific Daylight Time),59
Sun May 31 2026 14:30:00 GMT-0700 (Pacific Daylight Time),54
Sun May 31 2026 14:45:00 GMT-0700 (Pacific Daylight Time),50
Sun May 31 2026 15:00:00 GMT-0700 (Pacific Daylight Time),58
Sun May 31 2026 15:15:00 GMT-0700 (Pacific Daylight Time),63
Sun May 31 2026 15:30:00 GMT-0700 (Pacific Daylight Time),56
Sun May 31 2026 15:45:00 GMT-0700 (Pacific Daylight Time),51
Sun May 31 2026 16:00:00 GMT-0700 (Pacific Daylight Time),50
Sun May 31 2026 16:15:00 GMT-0700 (Pacific Daylight Time),43
Sun May 31 2026 16:30:00 GMT-0700 (Pacific Daylight Time),53
Sun May 31 2026 16:45:00 GMT-0700 (Pacific Daylight Time),54
Sun May 31 2026 17:00:00 GMT-0700 (Pacific Daylight Time),60
Sun May 31 2026 17:15:00 GMT-0700 (Pacific Daylight Time),50
Sun May 31 2026 17:30:00 GMT-0700 (Pacific Daylight Time),46
Sun May 31 2026 17:45:00 GMT-0700 (Pacific Daylight Time),46
Sun May 31 2026 18:00:00 GMT-0700 (Pacific Daylight Time),49
Sun May 31 2026 18:15:00 GMT-0700 (Pacific Daylight Time),52
Sun May 31 2026 18:30:00 GMT-0700 (Pacific Daylight Time),48
Sun May 31 2026 18:45:00 GMT-0700 (Pacific Daylight Time),49
Sun May 31 2026 19:00:00 GMT-0700 (Pacific Daylight Time),44
Sun May 31 2026 19:15:00 GMT-0700 (Pacific Daylight Time),45
Sun May 31 2026 19:30:00 GMT-0700 (Pacific Daylight Time),49
Sun May 31 2026 19:45:00 GMT-0700 (Pacific Daylight Time),50
Sun May 31 2026 20:00:00 GMT-0700 (Pacific Daylight Time),47
Sun May 31 2026 20:15:00 GMT-0700 (Pacific Daylight Time),48
Sun May 31 2026 20:30:00 GMT-0700 (Pacific Daylight Time),52
Sun May 31 2026 20:45:00 GMT-0700 (Pacific Daylight Time),55
Sun May 31 2026 21:00:00 GMT-0700 (Pacific Daylight Time),57
Sun May 31 2026 21:15:00 GMT-0700 (Pacific Daylight Time),47
Sun May 31 2026 21:30:00 GMT-0700 (Pacific Daylight Time),46
Sun May 31 2026 21:45:00 GMT-0700 (Pacific Daylight Time),57
Sun May 31 2026 22:00:00 GMT-0700 (Pacific Daylight Time),53
Sun May 31 2026 22:15:00 GMT-0700 (Pacific Daylight Time),43
Sun May 31 2026 22:30:00 GMT-0700 (Pacific Daylight Time),39
Sun May 31 2026 22:45:00 GMT-0700 (Pacific Daylight Time),52
Sun May 31 2026 23:00:00 GMT-0700 (Pacific Daylight Time),57
Sun May 31 2026 23:15:00 GMT-0700 (Pacific Daylight Time),37
Sun May 31 2026 23:30:00 GMT-0700 (Pacific Daylight Time),35
Sun May 31 2026 23:45:00 GMT-0700 (Pacific Daylight Time),41
Mon Jun 01 2026 00:00:00 GMT-0700 (Pacific Daylight Time),48
Mon Jun 01 2026 00:15:00 GMT-0700 (Pacific Daylight Time),36
Mon Jun 01 2026 00:30:00 GMT-0700 (Pacific Daylight Time),36
Mon Jun 01 2026 00:45:00 GMT-0700 (Pacific Daylight Time),48
Mon Jun 01 2026 01:00:00 GMT-0700 (Pacific Daylight Time),44
Mon Jun 01 2026 01:15:00 GMT-0700 (Pacific Daylight Time),39
Mon Jun 01 2026 01:30:00 GMT-0700 (Pacific Daylight Time),37
Mon Jun 01 2026 01:45:00 GMT-0700 (Pacific Daylight Time),39
Mon Jun 01 2026 02:00:00 GMT-0700 (Pacific Daylight Time),38
Mon Jun 01 2026 02:15:00 GMT-0700 (Pacific Daylight Time),37
Mon Jun 01 2026 02:30:00 GMT-0700 (Pacific Daylight Time),34
Mon Jun 01 2026 02:45:00 GMT-0700 (Pacific Daylight Time),34
Mon Jun 01 2026 03:00:00 GMT-0700 (Pacific Daylight Time),33
Mon Jun 01 2026 03:15:00 GMT-0700 (Pacific Daylight Time),33
Mon Jun 01 2026 03:30:00 GMT-0700 (Pacific Daylight Time),32
Mon Jun 01 2026 03:45:00 GMT-0700 (Pacific Daylight Time),33
Mon Jun 01 2026 04:00:00 GMT-0700 (Pacific Daylight Time),34
Mon Jun 01 2026 04:15:00 GMT-0700 (Pacific Daylight Time),31
Mon Jun 01 2026 04:30:00 GMT-0700 (Pacific Daylight Time),32
Mon Jun 01 2026 04:45:00 GMT-0700 (Pacific Daylight Time),33
Mon Jun 01 2026 05:00:00 GMT-0700 (Pacific Daylight Time),35
Mon Jun 01 2026 05:15:00 GMT-0700 (Pacific Daylight Time),32
Mon Jun 01 2026 05:30:00 GMT-0700 (Pacific Daylight Time),31
Mon Jun 01 2026 05:45:00 GMT-0700 (Pacific Daylight Time),33
Mon Jun 01 2026 06:00:00 GMT-0700 (Pacific Daylight Time),35
Mon Jun 01 2026 06:15:00 GMT-0700 (Pacific Daylight Time),36
Mon Jun 01 2026 06:30:00 GMT-0700 (Pacific Daylight Time),38
Mon Jun 01 2026 06:45:00 GMT-0700 (Pacific Daylight Time),40
Mon Jun 01 2026 07:00:00 GMT-0700 (Pacific Daylight Time),42
Mon Jun 01 2026 07:15:00 GMT-0700 (Pacific Daylight Time),46
Mon Jun 01 2026 07:30:00 GMT-0700 (Pacific Daylight Time),47
Mon Jun 01 2026 07:45:00 GMT-0700 (Pacific Daylight Time),49
Mon Jun 01 2026 08:00:00 GMT-0700 (Pacific Daylight Time),53
Mon Jun 01 2026 08:15:00 GMT-0700 (Pacific Daylight Time),51
Mon Jun 01 2026 08:30:00 GMT-0700 (Pacific Daylight Time),48
Mon Jun 01 2026 08:45:00 GMT-0700 (Pacific Daylight Time),51
Mon Jun 01 2026 09:00:00 GMT-0700 (Pacific Daylight Time),47
Mon Jun 01 2026 09:15:00 GMT-0700 (Pacific Daylight Time),63
Mon Jun 01 2026 09:30:00 GMT-0700 (Pacific Daylight Time),59
Mon Jun 01 2026 09:45:00 GMT-0700 (Pacific Daylight Time),53
Mon Jun 01 2026 10:00:00 GMT-0700 (Pacific Daylight Time),54
Mon Jun 01 2026 10:15:00 GMT-0700 (Pacific Daylight Time),50
Mon Jun 01 2026 10:30:00 GMT-0700 (Pacific Daylight Time),55
Mon Jun 01 2026 10:45:00 GMT-0700 (Pacific Daylight Time),54
Mon Jun 01 2026 11:00:00 GMT-0700 (Pacific Daylight Time),53
Mon Jun 01 2026 11:15:00 GMT-0700 (Pacific Daylight Time),51
Mon Jun 01 2026 11:30:00 GMT-0700 (Pacific Daylight Time),59
Mon Jun 01 2026 11:45:00 GMT-0700 (Pacific Daylight Time),50
Mon Jun 01 2026 12:00:00 GMT-0700 (Pacific Daylight Time),54
Mon Jun 01 2026 12:15:00 GMT-0700 (Pacific Daylight Time),65
Mon Jun 01 2026 12:30:00 GMT-0700 (Pacific Daylight Time),58
Mon Jun 01 2026 12:45:00 GMT-0700 (Pacific Daylight Time),63
Mon Jun 01 2026 13:00:00 GMT-0700 (Pacific Daylight Time),58
Mon Jun 01 2026 13:15:00 GMT-0700 (Pacific Daylight Time),52
Mon Jun 01 2026 13:30:00 GMT-0700 (Pacific Daylight Time),64
Mon Jun 01 2026 13:45:00 GMT-0700 (Pacific Daylight Time),66
Mon Jun 01 2026 14:00:00 GMT-0700 (Pacific Daylight Time),68
Mon Jun 01 2026 14:15:00 GMT-0700 (Pacific Daylight Time),69
Mon Jun 01 2026 14:30:00 GMT-0700 (Pacific Daylight Time),68
Mon Jun 01 2026 14:45:00 GMT-0700 (Pacific Daylight Time),67
Mon Jun 01 2026 15:00:00 GMT-0700 (Pacific Daylight Time),67
Mon Jun 01 2026 15:15:00 GMT-0700 (Pacific Daylight Time),70
Mon Jun 01 2026 15:30:00 GMT-0700 (Pacific Daylight Time),67
Mon Jun 01 2026 15:45:00 GMT-0700 (Pacific Daylight Time),62
Mon Jun 01 2026 16:00:00 GMT-0700 (Pacific Daylight Time),64
Mon Jun 01 2026 16:15:00 GMT-0700 (Pacific Daylight Time),62
Mon Jun 01 2026 16:30:00 GMT-0700 (Pacific Daylight Time),67
Mon Jun 01 2026 16:45:00 GMT-0700 (Pacific Daylight Time),67
Mon Jun 01 2026 17:00:00 GMT-0700 (Pacific Daylight Time),67
Mon Jun 01 2026 17:15:00 GMT-0700 (Pacific Daylight Time),64
Mon Jun 01 2026 17:30:00 GMT-0700 (Pacific Daylight Time),60
Mon Jun 01 2026 17:45:00 GMT-0700 (Pacific Daylight Time),61
Mon Jun 01 2026 18:00:00 GMT-0700 (Pacific Daylight Time),62
Mon Jun 01 2026 18:15:00 GMT-0700 (Pacific Daylight Time),66
Mon Jun 01 2026 18:30:00 GMT-0700 (Pacific Daylight Time),64
Mon Jun 01 2026 18:45:00 GMT-0700 (Pacific Daylight Time),65
Mon Jun 01 2026 19:00:00 GMT-0700 (Pacific Daylight Time),62
Mon Jun 01 2026 19:15:00 GMT-0700 (Pacific Daylight Time),62
Mon Jun 01 2026 19:30:00 GMT-0700 (Pacific Daylight Time),66
Mon Jun 01 2026 19:45:00 GMT-0700 (Pacific Daylight Time),62
Mon Jun 01 2026 20:00:00 GMT-0700 (Pacific Daylight Time),63
Mon Jun 01 2026 20:15:00 GMT-0700 (Pacific Daylight Time),60
Mon Jun 01 2026 20:30:00 GMT-0700 (Pacific Daylight Time),55
Mon Jun 01 2026 20:45:00 GMT-0700 (Pacific Daylight Time),57
Mon Jun 01 2026 21:00:00 GMT-0700 (Pacific Daylight Time),57
Mon Jun 01 2026 21:15:00 GMT-0700 (Pacific Daylight Time),54
Mon Jun 01 2026 21:30:00 GMT-0700 (Pacific Daylight Time),56
Mon Jun 01 2026 21:45:00 GMT-0700 (Pacific Daylight Time),54
Mon Jun 01 2026 22:00:00 GMT-0700 (Pacific Daylight Time),60
Mon Jun 01 2026 22:15:00 GMT-0700 (Pacific Daylight Time),55
Mon Jun 01 2026 22:30:00 GMT-0700 (Pacific Daylight Time),51
Mon Jun 01 2026 22:45:00 GMT-0700 (Pacific Daylight Time),52
Mon Jun 01 2026 23:00:00 GMT-0700 (Pacific Daylight Time),46
Mon Jun 01 2026 23:15:00 GMT-0700 (Pacific Daylight Time),40
Mon Jun 01 2026 23:30:00 GMT-0700 (Pacific Daylight Time),34
Mon Jun 01 2026 23:45:00 GMT-0700 (Pacific Daylight Time),40
Tue Jun 02 2026 00:00:00 GMT-0700 (Pacific Daylight Time),46
Tue Jun 02 2026 00:15:00 GMT-0700 (Pacific Daylight Time),41
Tue Jun 02 2026 00:30:00 GMT-0700 (Pacific Daylight Time),35
Tue Jun 02 2026 00:45:00 GMT-0700 (Pacific Daylight Time),40
Tue Jun 02 2026 01:00:00 GMT-0700 (Pacific Daylight Time),44
Tue Jun 02 2026 01:15:00 GMT-0700 (Pacific Daylight Time),43
Tue Jun 02 2026 01:30:00 GMT-0700 (Pacific Daylight Time),38
Tue Jun 02 2026 01:45:00 GMT-0700 (Pacific Daylight Time),37
Tue Jun 02 2026 02:00:00 GMT-0700 (Pacific Daylight Time),37
Tue Jun 02 2026 02:15:00 GMT-0700 (Pacific Daylight Time),37
Tue Jun 02 2026 02:30:00 GMT-0700 (Pacific Daylight Time),37
Tue Jun 02 2026 02:45:00 GMT-0700 (Pacific Daylight Time),38
Tue Jun 02 2026 03:00:00 GMT-0700 (Pacific Daylight Time),37
Tue Jun 02 2026 03:15:00 GMT-0700 (Pacific Daylight Time),36
Tue Jun 02 2026 03:30:00 GMT-0700 (Pacific Daylight Time),33
Tue Jun 02 2026 03:45:00 GMT-0700 (Pacific Daylight Time),32
Tue Jun 02 2026 04:00:00 GMT-0700 (Pacific Daylight Time),31
Tue Jun 02 2026 04:15:00 GMT-0700 (Pacific Daylight Time),32
Tue Jun 02 2026 04:30:00 GMT-0700 (Pacific Daylight Time),31
Tue Jun 02 2026 04:45:00 GMT-0700 (Pacific Daylight Time),31
Tue Jun 02 2026 05:00:00 GMT-0700 (Pacific Daylight Time),30
Tue Jun 02 2026 05:15:00 GMT-0700 (Pacific Daylight Time),25
Tue Jun 02 2026 05:30:00 GMT-0700 (Pacific Daylight Time),22
Tue Jun 02 2026 05:45:00 GMT-0700 (Pacific Daylight Time),35
Tue Jun 02 2026 06:00:00 GMT-0700 (Pacific Daylight Time),34
Tue Jun 02 2026 06:15:00 GMT-0700 (Pacific Daylight Time),35
Tue Jun 02 2026 06:30:00 GMT-0700 (Pacific Daylight Time),35
Tue Jun 02 2026 06:45:00 GMT-0700 (Pacific Daylight Time),38
Tue Jun 02 2026 07:00:00 GMT-0700 (Pacific Daylight Time),40
Tue Jun 02 2026 07:15:00 GMT-0700 (Pacific Daylight Time),44
Tue Jun 02 2026 07:30:00 GMT-0700 (Pacific Daylight Time),44
Tue Jun 02 2026 07:45:00 GMT-0700 (Pacific Daylight Time),49
Tue Jun 02 2026 08:00:00 GMT-0700 (Pacific Daylight Time),54
Tue Jun 02 2026 08:15:00 GMT-0700 (Pacific Daylight Time),57
Tue Jun 02 2026 08:30:00 GMT-0700 (Pacific Daylight Time),54
Tue Jun 02 2026 08:45:00 GMT-0700 (Pacific Daylight Time),57
Tue Jun 02 2026 09:00:00 GMT-0700 (Pacific Daylight Time),46
Tue Jun 02 2026 09:15:00 GMT-0700 (Pacific Daylight Time),49
Tue Jun 02 2026 09:30:00 GMT-0700 (Pacific Daylight Time),58
Tue Jun 02 2026 09:45:00 GMT-0700 (Pacific Daylight Time),57
Tue Jun 02 2026 10:00:00 GMT-0700 (Pacific Daylight Time),51
Tue Jun 02 2026 10:15:00 GMT-0700 (Pacific Daylight Time),50
Tue Jun 02 2026 10:30:00 GMT-0700 (Pacific Daylight Time),62
Tue Jun 02 2026 10:45:00 GMT-0700 (Pacific Daylight Time),64
Tue Jun 02 2026 11:00:00 GMT-0700 (Pacific Daylight Time),63
Tue Jun 02 2026 11:15:00 GMT-0700 (Pacific Daylight Time),53
Tue Jun 02 2026 11:30:00 GMT-0700 (Pacific Daylight Time),53
Tue Jun 02 2026 11:45:00 GMT-0700 (Pacific Daylight Time),61
Tue Jun 02 2026 12:00:00 GMT-0700 (Pacific Daylight Time),65
Tue Jun 02 2026 12:15:00 GMT-0700 (Pacific Daylight Time),67
Tue Jun 02 2026 12:30:00 GMT-0700 (Pacific Daylight Time),73
Tue Jun 02 2026 12:45:00 GMT-0700 (Pacific Daylight Time),67
Tue Jun 02 2026 13:00:00 GMT-0700 (Pacific Daylight Time),69
Tue Jun 02 2026 13:15:00 GMT-0700 (Pacific Daylight Time),67
Tue Jun 02 2026 13:30:00 GMT-0700 (Pacific Daylight Time),72
Tue Jun 02 2026 13:45:00 GMT-0700 (Pacific Daylight Time),73
Tue Jun 02 2026 14:00:00 GMT-0700 (Pacific Daylight Time),75
Tue Jun 02 2026 14:15:00 GMT-0700 (Pacific Daylight Time),73
Tue Jun 02 2026 14:30:00 GMT-0700 (Pacific Daylight Time),69
Tue Jun 02 2026 14:45:00 GMT-0700 (Pacific Daylight Time),71
Tue Jun 02 2026 15:00:00 GMT-0700 (Pacific Daylight Time),71
Tue Jun 02 2026 15:15:00 GMT-0700 (Pacific Daylight Time),68
Tue Jun 02 2026 15:30:00 GMT-0700 (Pacific Daylight Time),68
Tue Jun 02 2026 15:45:00 GMT-0700 (Pacific Daylight Time),68
Tue Jun 02 2026 16:00:00 GMT-0700 (Pacific Daylight Time),69
Tue Jun 02 2026 16:15:00 GMT-0700 (Pacific Daylight Time),66
Tue Jun 02 2026 16:30:00 GMT-0700 (Pacific Daylight Time),66
Tue Jun 02 2026 16:45:00 GMT-0700 (Pacific Daylight Time),67
Tue Jun 02 2026 17:00:00 GMT-0700 (Pacific Daylight Time),74
Tue Jun 02 2026 17:15:00 GMT-0700 (Pacific Daylight Time),73
Tue Jun 02 2026 17:30:00 GMT-0700 (Pacific Daylight Time),68
Tue Jun 02 2026 17:45:00 GMT-0700 (Pacific Daylight Time),64
Tue Jun 02 2026 18:00:00 GMT-0700 (Pacific Daylight Time),70
Tue Jun 02 2026 18:15:00 GMT-0700 (Pacific Daylight Time),72
Tue Jun 02 2026 18:30:00 GMT-0700 (Pacific Daylight Time),68
Tue Jun 02 2026 18:45:00 GMT-0700 (Pacific Daylight Time),56
Tue Jun 02 2026 19:00:00 GMT-0700 (Pacific Daylight Time),50
Tue Jun 02 2026 19:15:00 GMT-0700 (Pacific Daylight Time),54
Tue Jun 02 2026 19:30:00 GMT-0700 (Pacific Daylight Time),57
Tue Jun 02 2026 19:45:00 GMT-0700 (Pacific Daylight Time),41
Tue Jun 02 2026 20:00:00 GMT-0700 (Pacific Daylight Time),48
Tue Jun 02 2026 20:15:00 GMT-0700 (Pacific Daylight Time),54
Tue Jun 02 2026 20:30:00 GMT-0700 (Pacific Daylight Time),48
Tue Jun 02 2026 20:45:00 GMT-0700 (Pacific Daylight Time),53
Tue Jun 02 2026 21:00:00 GMT-0700 (Pacific Daylight Time),54
Tue Jun 02 2026 21:15:00 GMT-0700 (Pacific Daylight Time),54
Tue Jun 02 2026 21:30:00 GMT-0700 (Pacific Daylight Time),54
Tue Jun 02 2026 21:45:00 GMT-0700 (Pacific Daylight Time),56
Tue Jun 02 2026 22:00:00 GMT-0700 (Pacific Daylight Time),57
Tue Jun 02 2026 22:15:00 GMT-0700 (Pacific Daylight Time),50
Tue Jun 02 2026 22:30:00 GMT-0700 (Pacific Daylight Time),46
Tue Jun 02 2026 22:45:00 GMT-0700 (Pacific Daylight Time),47
Tue Jun 02 2026 23:00:00 GMT-0700 (Pacific Daylight Time),45
Tue Jun 02 2026 23:15:00 GMT-0700 (Pacific Daylight Time),45
Tue Jun 02 2026 23:30:00 GMT-0700 (Pacific Daylight Time),43
Tue Jun 02 2026 23:45:00 GMT-0700 (Pacific Daylight Time),40
Wed Jun 03 2026 00:00:00 GMT-0700 (Pacific Daylight Time),43
Wed Jun 03 2026 00:15:00 GMT-0700 (Pacific Daylight Time),43
Wed Jun 03 2026 00:30:00 GMT-0700 (Pacific Daylight Time),44
Wed Jun 03 2026 00:45:00 GMT-0700 (Pacific Daylight Time),42
Wed Jun 03 2026 01:00:00 GMT-0700 (Pacific Daylight Time),39
Wed Jun 03 2026 01:15:00 GMT-0700 (Pacific Daylight Time),38
Wed Jun 03 2026 01:30:00 GMT-0700 (Pacific Daylight Time),39
Wed Jun 03 2026 01:45:00 GMT-0700 (Pacific Daylight Time),41
Wed Jun 03 2026 02:00:00 GMT-0700 (Pacific Daylight Time),38
Wed Jun 03 2026 02:15:00 GMT-0700 (Pacific Daylight Time),40
Wed Jun 03 2026 02:30:00 GMT-0700 (Pacific Daylight Time),38
Wed Jun 03 2026 02:45:00 GMT-0700 (Pacific Daylight Time),39
Wed Jun 03 2026 03:00:00 GMT-0700 (Pacific Daylight Time),34
Wed Jun 03 2026 03:15:00 GMT-0700 (Pacific Daylight Time),32
Wed Jun 03 2026 03:30:00 GMT-0700 (Pacific Daylight Time),33
Wed Jun 03 2026 03:45:00 GMT-0700 (Pacific Daylight Time),33
Wed Jun 03 2026 04:00:00 GMT-0700 (Pacific Daylight Time),32
Wed Jun 03 2026 04:15:00 GMT-0700 (Pacific Daylight Time),34
Wed Jun 03 2026 04:30:00 GMT-0700 (Pacific Daylight Time),32
Wed Jun 03 2026 04:45:00 GMT-0700 (Pacific Daylight Time),31
Wed Jun 03 2026 05:00:00 GMT-0700 (Pacific Daylight Time),32
Wed Jun 03 2026 05:15:00 GMT-0700 (Pacific Daylight Time),31
Wed Jun 03 2026 05:30:00 GMT-0700 (Pacific Daylight Time),31
Wed Jun 03 2026 05:45:00 GMT-0700 (Pacific Daylight Time),32
Wed Jun 03 2026 06:00:00 GMT-0700 (Pacific Daylight Time),34
Wed Jun 03 2026 06:15:00 GMT-0700 (Pacific Daylight Time),35
Wed Jun 03 2026 06:30:00 GMT-0700 (Pacific Daylight Time),34
Wed Jun 03 2026 06:45:00 GMT-0700 (Pacific Daylight Time),38
Wed Jun 03 2026 07:00:00 GMT-0700 (Pacific Daylight Time),41
Wed Jun 03 2026 07:15:00 GMT-0700 (Pacific Daylight Time),43
Wed Jun 03 2026 07:30:00 GMT-0700 (Pacific Daylight Time),46
Wed Jun 03 2026 07:45:00 GMT-0700 (Pacific Daylight Time),53
Wed Jun 03 2026 08:00:00 GMT-0700 (Pacific Daylight Time),48
Wed Jun 03 2026 08:15:00 GMT-0700 (Pacific Daylight Time),47
Wed Jun 03 2026 08:30:00 GMT-0700 (Pacific Daylight Time),57
Wed Jun 03 2026 08:45:00 GMT-0700 (Pacific Daylight Time),57
Wed Jun 03 2026 09:00:00 GMT-0700 (Pacific Daylight Time),55
Wed Jun 03 2026 09:15:00 GMT-0700 (Pacific Daylight Time),50
Wed Jun 03 2026 09:30:00 GMT-0700 (Pacific Daylight Time),54
Wed Jun 03 2026 09:45:00 GMT-0700 (Pacific Daylight Time),52
Wed Jun 03 2026 10:00:00 GMT-0700 (Pacific Daylight Time),52
Wed Jun 03 2026 10:15:00 GMT-0700 (Pacific Daylight Time),51
Wed Jun 03 2026 10:30:00 GMT-0700 (Pacific Daylight Time),55
Wed Jun 03 2026 10:45:00 GMT-0700 (Pacific Daylight Time),53
Wed Jun 03 2026 11:00:00 GMT-0700 (Pacific Daylight Time),51
Wed Jun 03 2026 11:15:00 GMT-0700 (Pacific Daylight Time),45
Wed Jun 03 2026 11:30:00 GMT-0700 (Pacific Daylight Time),44
Wed Jun 03 2026 11:45:00 GMT-0700 (Pacific Daylight Time),52
Wed Jun 03 2026 12:00:00 GMT-0700 (Pacific Daylight Time),49
Wed Jun 03 2026 12:15:00 GMT-0700 (Pacific Daylight Time),52
Wed Jun 03 2026 12:30:00 GMT-0700 (Pacific Daylight Time),50
Wed Jun 03 2026 12:45:00 GMT-0700 (Pacific Daylight Time),51
Wed Jun 03 2026 13:00:00 GMT-0700 (Pacific Daylight Time),49
Wed Jun 03 2026 13:15:00 GMT-0700 (Pacific Daylight Time),50
Wed Jun 03 2026 13:30:00 GMT-0700 (Pacific Daylight Time),55
Wed Jun 03 2026 13:45:00 GMT-0700 (Pacific Daylight Time),53
Wed Jun 03 2026 14:00:00 GMT-0700 (Pacific Daylight Time),53
Wed Jun 03 2026 14:15:00 GMT-0700 (Pacific Daylight Time),53
Wed Jun 03 2026 14:30:00 GMT-0700 (Pacific Daylight Time),43
Wed Jun 03 2026 14:45:00 GMT-0700 (Pacific Daylight Time),41
Wed Jun 03 2026 15:00:00 GMT-0700 (Pacific Daylight Time),47
Wed Jun 03 2026 15:15:00 GMT-0700 (Pacific Daylight Time),48
Wed Jun 03 2026 15:30:00 GMT-0700 (Pacific Daylight Time),49
Wed Jun 03 2026 15:45:00 GMT-0700 (Pacific Daylight Time),50
Wed Jun 03 2026 16:00:00 GMT-0700 (Pacific Daylight Time),41
Wed Jun 03 2026 16:15:00 GMT-0700 (Pacific Daylight Time),41
Wed Jun 03 2026 16:30:00 GMT-0700 (Pacific Daylight Time),54
Wed Jun 03 2026 16:45:00 GMT-0700 (Pacific Daylight Time),51
Wed Jun 03 2026 17:00:00 GMT-0700 (Pacific Daylight Time),49
Wed Jun 03 2026 17:15:00 GMT-0700 (Pacific Daylight Time),48
Wed Jun 03 2026 17:30:00 GMT-0700 (Pacific Daylight Time),47
Wed Jun 03 2026 17:45:00 GMT-0700 (Pacific Daylight Time),47
Wed Jun 03 2026 18:00:00 GMT-0700 (Pacific Daylight Time),51
Wed Jun 03 2026 18:15:00 GMT-0700 (Pacific Daylight Time),51
Wed Jun 03 2026 18:30:00 GMT-0700 (Pacific Daylight Time),51
Wed Jun 03 2026 18:45:00 GMT-0700 (Pacific Daylight Time),50
Wed Jun 03 2026 19:00:00 GMT-0700 (Pacific Daylight Time),50
Wed Jun 03 2026 19:15:00 GMT-0700 (Pacific Daylight Time),49
Wed Jun 03 2026 19:30:00 GMT-0700 (Pacific Daylight Time),50
Wed Jun 03 2026 19:45:00 GMT-0700 (Pacific Daylight Time),53
Wed Jun 03 2026 20:00:00 GMT-0700 (Pacific Daylight Time),52
Wed Jun 03 2026 20:15:00 GMT-0700 (Pacific Daylight Time),48
Wed Jun 03 2026 20:30:00 GMT-0700 (Pacific Daylight Time),54
